{"type":"FeatureCollection","features":[{"type":"Feature","properties":{"name":"An Giang"},"geometry":{"type":"MultiPolygon","coordinates":[[[[103.4672,9.2552],[103.4672,9.2552],[103.4672,9.2552]]],[[[103.485,9.2772],[103.485,9.2772],[103.485,9.2772]]],[[[103.4919,9.3202],[103.5109,9.3097],[103.4754,9.2861],[103.4595,9.308],[103.4919,9.3202]]],[[[103.5348,9.3237],[103.5225,9.3222],[103.5348,9.3237],[103.5348,9.3237]]],[[[103.5414,9.3281],[103.5414,9.3281],[103.5414,9.3281]]],[[[103.6463,9.3803],[103.6463,9.3803],[103.6463,9.3803]]],[[[103.6401,9.3863],[103.6401,9.3863],[103.6401,9.3863]]],[[[104.0317,9.8012],[104.0317,9.8012],[104.0317,9.8012]]],[[[104.0421,9.8194],[104.0421,9.8194],[104.0421,9.8194]]],[[[104.094,9.8443],[104.094,9.8443],[104.094,9.8443]]],[[[103.9941,9.9017],[103.9941,9.9017],[103.9941,9.9017]]],[[[104.021,9.9059],[104.021,9.9059],[104.021,9.9059]]],[[[103.9893,9.9072],[103.9893,9.9072],[103.9893,9.9072]]],[[[103.9937,9.912],[103.9937,9.912],[103.9937,9.912]]],[[[104.0159,9.9093],[104.0159,9.9093],[104.0159,9.9093]]],[[[104.0234,9.916],[104.0234,9.916],[104.0234,9.916]]],[[[103.9996,9.9182],[103.9996,9.9182],[103.9996,9.9182]]],[[[103.9807,9.919],[103.9807,9.919],[103.9807,9.919]]],[[[103.9945,9.9285],[103.9945,9.9285],[103.9945,9.9285]]],[[[104.0167,9.9289],[104.0167,9.9289],[104.0167,9.9289]]],[[[104.0175,9.968],[104.0226,9.9396],[104.0104,9.9486],[104.0175,9.968]]],[[[104.0257,9.9736],[104.0138,9.9844],[104.0257,9.9736],[104.0257,9.9736]]],[[[104.0419,9.9905],[104.0419,9.9905],[104.0419,9.9905]]],[[[104.0145,9.9922],[104.0069,10.0012],[104.0145,9.9922],[104.0145,9.9922]]],[[[104.0355,9.9994],[104.0355,9.9994],[104.0355,9.9994]]],[[[104.237,10.2052],[104.237,10.2052],[104.237,10.2052]]],[[[104.2382,10.2095],[104.2382,10.2095],[104.2382,10.2095]]],[[[104.0353,10.0711],[104.0306,10.0305],[104.0522,10.0054],[104.0087,10.0115],[103.9485,10.2425],[103.9133,10.2896],[103.8605,10.3024],[103.8325,10.3628],[103.8385,10.3783],[103.9267,10.3614],[103.947,10.4019],[103.9672,10.4088],[103.9731,10.4399],[103.9951,10.4524],[104.0791,10.3704],[104.081,10.2451],[104.0309,10.1376],[104.018,10.0829],[104.0353,10.0711]]],[[[104.302,10.2548],[104.302,10.2548],[104.302,10.2548]]],[[[103.862,10.3009],[103.862,10.3009],[103.862,10.3009]]],[[[103.8409,10.3229],[103.8409,10.3229],[103.8409,10.3229]]],[[[103.8079,10.3588],[103.8079,10.3588],[103.8079,10.3588]]],[[[103.8125,10.3725],[103.8125,10.3725],[103.8125,10.3725]]],[[[104.061,10.4045],[104.061,10.4045],[104.061,10.4045]]],[[[104.3662,9.6402],[104.3662,9.6402],[104.3662,9.6402]]],[[[104.3625,9.6478],[104.3625,9.6478],[104.3625,9.6478]]],[[[104.365,9.6541],[104.365,9.6541],[104.365,9.6541]]],[[[104.3857,9.6769],[104.3857,9.6769],[104.3857,9.6769]]],[[[104.3587,9.682],[104.3609,9.6595],[104.3467,9.6734],[104.3554,9.7118],[104.3587,9.682]]],[[[104.3889,9.7007],[104.3838,9.7099],[104.3889,9.7007],[104.3889,9.7007]]],[[[104.3437,9.7089],[104.3437,9.7089],[104.3437,9.7089]]],[[[104.3672,9.7107],[104.3672,9.7107],[104.3672,9.7107]]],[[[104.3786,9.7135],[104.3786,9.7135],[104.3786,9.7135]]],[[[104.3523,9.7245],[104.3523,9.7245],[104.3523,9.7245]]],[[[104.3424,9.7322],[104.3424,9.7322],[104.3424,9.7322]]],[[[104.3629,9.743],[104.3629,9.743],[104.3629,9.743]]],[[[104.3056,10.2609],[104.3056,10.2609],[104.3056,10.2609]]],[[[104.3174,10.2801],[104.3174,10.2801],[104.3174,10.2801]]],[[[104.3101,10.2852],[104.3101,10.2852],[104.3101,10.2852]]],[[[104.3245,10.2833],[104.3355,10.2863],[104.3245,10.2833],[104.3245,10.2833]]],[[[104.3128,10.2897],[104.3128,10.2897],[104.3128,10.2897]]],[[[104.3383,10.2902],[104.3383,10.2902],[104.3383,10.2902]]],[[[104.3333,10.2982],[104.3333,10.2982],[104.3333,10.2982]]],[[[104.3505,10.297],[104.3505,10.297],[104.3505,10.297]]],[[[104.3368,10.2991],[104.3368,10.2991],[104.3368,10.2991]]],[[[104.342,10.3014],[104.342,10.3014],[104.342,10.3014]]],[[[104.3167,10.2999],[104.3167,10.2999],[104.3167,10.2999]]],[[[104.3251,10.3074],[104.3251,10.3074],[104.3251,10.3074]]],[[[104.3224,10.3137],[104.3224,10.3137],[104.3224,10.3137]]],[[[104.3335,10.3166],[104.3218,10.3191],[104.3335,10.3166],[104.3335,10.3166]]],[[[104.3194,10.3539],[104.3194,10.3539],[104.3194,10.3539]]],[[[104.3096,10.3644],[104.3096,10.3644],[104.3096,10.3644]]],[[[104.3252,10.3902],[104.3252,10.3902],[104.3252,10.3902]]],[[[104.3326,10.3987],[104.3326,10.3987],[104.3326,10.3987]]],[[[104.3324,10.4037],[104.3324,10.4037],[104.3324,10.4037]]],[[[104.336,10.4051],[104.336,10.4051],[104.336,10.4051]]],[[[104.3446,10.4274],[104.3446,10.4274],[104.3446,10.4274]]],[[[104.3345,10.453],[104.3345,10.453],[104.3345,10.453]]],[[[104.4032,9.6336],[104.4032,9.6336],[104.4032,9.6336]]],[[[104.3998,9.6504],[104.3998,9.6504],[104.3998,9.6504]]],[[[104.3905,9.6562],[104.3896,9.6454],[104.3905,9.6562],[104.3905,9.6562]]],[[[104.391,9.6621],[104.391,9.6621],[104.391,9.6621]]],[[[104.3893,9.6628],[104.3893,9.6628],[104.3893,9.6628]]],[[[104.392,9.6641],[104.392,9.6641],[104.392,9.6641]]],[[[104.4031,9.6639],[104.4008,9.6762],[104.4031,9.6639],[104.4031,9.6639]]],[[[104.4035,9.6824],[104.4035,9.6824],[104.4035,9.6824]]],[[[104.4053,9.6847],[104.4053,9.6847],[104.4053,9.6847]]],[[[104.3875,9.6818],[104.3962,9.691],[104.3875,9.6818],[104.3875,9.6818]]],[[[104.4996,9.9734],[104.4996,9.9734],[104.4996,9.9734]]],[[[104.4694,10.0206],[104.4694,10.0206],[104.4694,10.0206]]],[[[104.4737,10.0577],[104.4737,10.0577],[104.4737,10.0577]]],[[[104.4705,10.073],[104.4705,10.073],[104.4705,10.073]]],[[[104.503,10.0843],[104.503,10.0843],[104.503,10.0843]]],[[[104.5118,10.0899],[104.5118,10.0899],[104.5118,10.0899]]],[[[104.5167,10.1033],[104.5167,10.1033],[104.5167,10.1033]]],[[[104.5052,10.1063],[104.4963,10.1015],[104.5052,10.1063],[104.5052,10.1063]]],[[[104.5261,10.1187],[104.5261,10.1187],[104.5261,10.1187]]],[[[104.5003,10.1194],[104.5003,10.1194],[104.5003,10.1194]]],[[[104.4981,10.1194],[104.4981,10.1194],[104.4981,10.1194]]],[[[104.5032,10.1247],[104.5032,10.1247],[104.5032,10.1247]]],[[[104.4983,10.1251],[104.4983,10.1251],[104.4983,10.1251]]],[[[104.4938,10.1358],[104.4938,10.1358],[104.4938,10.1358]]],[[[104.4969,10.1375],[104.4969,10.1375],[104.4969,10.1375]]],[[[104.4949,10.1409],[104.4949,10.1409],[104.4949,10.1409]]],[[[104.5229,10.1381],[104.5229,10.1381],[104.5229,10.1381]]],[[[104.5078,10.1503],[104.5078,10.1503],[104.5078,10.1503]]],[[[104.5041,10.1521],[104.5041,10.1521],[104.5041,10.1521]]],[[[104.5241,10.1551],[104.5241,10.1551],[104.5241,10.1551]]],[[[104.508,10.1615],[104.508,10.1615],[104.508,10.1615]]],[[[104.5214,10.1664],[104.5214,10.1664],[104.5214,10.1664]]],[[[104.5028,10.1753],[104.5028,10.1753],[104.5028,10.1753]]],[[[104.5231,10.2464],[104.5231,10.2464],[104.5231,10.2464]]],[[[104.652,9.818],[104.6497,9.7963],[104.6064,9.7972],[104.6329,9.8224],[104.652,9.818]]],[[[104.8484,9.9708],[104.8359,9.9483],[104.8285,9.9677],[104.8484,9.9708]]],[[[104.4806,10.3768],[104.4426,10.3651],[104.4528,10.4],[104.4389,10.4235],[104.4799,10.43],[104.4981,10.4047],[104.5192,10.4417],[104.5519,10.4569],[104.5891,10.5298],[104.644,10.5299],[104.6436,10.5405],[104.7542,10.5188],[104.8684,10.5222],[104.9524,10.6364],[105.0977,10.7217],[105.0284,10.8916],[105.0459,10.8989],[105.0531,10.928],[105.0785,10.935],[105.0829,10.9559],[105.1132,10.9621],[105.1001,10.9216],[105.189,10.9118],[105.1942,10.8471],[105.2095,10.8495],[105.2346,10.8057],[105.2613,10.7999],[105.2641,10.7691],[105.3038,10.7588],[105.2778,10.7235],[105.3503,10.7148],[105.3398,10.6494],[105.3711,10.5732],[105.4808,10.5351],[105.5132,10.547],[105.5502,10.5213],[105.574,10.4287],[105.5548,10.4343],[105.5526,10.4169],[105.524,10.4004],[105.5287,10.3756],[105.4911,10.3455],[105.4954,10.3253],[105.4267,10.303],[105.4414,10.2697],[105.3362,10.2344],[105.3013,10.277],[105.2257,10.201],[105.2982,10.1385],[105.3171,10.1412],[105.3647,10.073],[105.5396,9.913],[105.5211,9.8591],[105.4306,9.816],[105.4373,9.7927],[105.4049,9.7697],[105.4112,9.7486],[105.328,9.7015],[105.3388,9.6764],[105.4067,9.6522],[105.3708,9.5883],[105.3452,9.5928],[105.3414,9.6126],[105.3292,9.5993],[105.3085,9.6078],[105.292,9.6367],[105.2861,9.6006],[105.3126,9.5723],[105.3076,9.5563],[105.3238,9.5588],[105.3298,9.5276],[105.3155,9.5025],[105.2988,9.5051],[105.2947,9.4336],[105.2781,9.4329],[105.2622,9.3993],[105.0031,9.5585],[104.9927,9.539],[104.9631,9.5559],[104.9459,9.5327],[104.9165,9.5617],[104.8812,9.494],[104.8355,9.5306],[104.8505,9.6812],[104.894,9.8449],[104.955,9.8547],[105.043,9.9383],[105.0738,9.9489],[105.0975,9.9265],[105.1062,9.951],[105.0761,10.012],[104.9913,10.0987],[104.8841,10.0899],[104.8162,10.1838],[104.7625,10.2217],[104.7328,10.2278],[104.6984,10.2092],[104.6456,10.1376],[104.6007,10.1434],[104.6103,10.1596],[104.5896,10.1861],[104.5829,10.2527],[104.5509,10.2901],[104.5308,10.2773],[104.5277,10.3224],[104.4806,10.3768]]],[[[104.5583,10.0327],[104.5509,10.0143],[104.5448,10.0315],[104.5583,10.0327]]],[[[104.5378,10.1168],[104.5378,10.1168],[104.5378,10.1168]]],[[[104.5268,10.1216],[104.5268,10.1216],[104.5268,10.1216]]],[[[104.5279,10.1232],[104.5279,10.1232],[104.5279,10.1232]]],[[[104.5259,10.1247],[104.5259,10.1247],[104.5259,10.1247]]],[[[104.545,10.1272],[104.545,10.1272],[104.545,10.1272]]],[[[104.5536,10.1335],[104.5536,10.1335],[104.5536,10.1335]]],[[[104.5541,10.1346],[104.5541,10.1346],[104.5541,10.1346]]],[[[104.6349,10.1343],[104.6349,10.1343],[104.6349,10.1343]]],[[[104.6386,10.1348],[104.6386,10.1348],[104.6386,10.1348]]],[[[104.6376,10.1353],[104.6376,10.1353],[104.6376,10.1353]]],[[[104.5455,10.137],[104.5455,10.137],[104.5455,10.137]]],[[[104.5436,10.1395],[104.5436,10.1395],[104.5436,10.1395]]],[[[104.5314,10.1412],[104.5314,10.1412],[104.5314,10.1412]]],[[[104.5373,10.1431],[104.5373,10.1431],[104.5373,10.1431]]],[[[104.5509,10.1398],[104.5509,10.1398],[104.5509,10.1398]]],[[[104.5337,10.1441],[104.5337,10.1441],[104.5337,10.1441]]],[[[104.5307,10.1459],[104.5307,10.1459],[104.5307,10.1459]]],[[[104.5531,10.1482],[104.5531,10.1482],[104.5531,10.1482]]],[[[104.5918,10.1533],[104.5918,10.1533],[104.5918,10.1533]]],[[[104.5811,10.1528],[104.5715,10.1559],[104.5811,10.1528],[104.5811,10.1528]]],[[[104.5295,10.1617],[104.5295,10.1617],[104.5295,10.1617]]],[[[104.5782,10.1696],[104.5782,10.1696],[104.5782,10.1696]]],[[[104.5776,10.1715],[104.5776,10.1715],[104.5776,10.1715]]],[[[104.5782,10.1747],[104.5782,10.1747],[104.5782,10.1747]]],[[[104.5935,10.1801],[104.5935,10.1801],[104.5935,10.1801]]],[[[104.5717,10.1776],[104.5717,10.1776],[104.5717,10.1776]]],[[[104.5334,10.1801],[104.5268,10.189],[104.5334,10.1801],[104.5334,10.1801]]],[[[104.5724,10.1813],[104.5724,10.1813],[104.5724,10.1813]]],[[[104.5282,10.2722],[104.5282,10.2722],[104.5282,10.2722]]]]}},{"type":"Feature","properties":{"name":"Bắc Ninh"},"geometry":{"type":"MultiPolygon","coordinates":[[[[106.0302,20.995],[106.0012,21.0003],[106.02,21.0475],[105.9995,21.0745],[105.9684,21.072],[105.9579,21.0913],[105.9402,21.0834],[105.9156,21.119],[105.9237,21.1827],[105.9026,21.2012],[105.9156,21.2094],[105.9036,21.2251],[105.9386,21.2451],[105.9222,21.2726],[105.9313,21.2935],[105.901,21.304],[105.8806,21.3372],[105.9073,21.3486],[105.8955,21.352],[105.9106,21.3758],[105.9398,21.3722],[105.9627,21.4369],[105.9792,21.4136],[106.0293,21.3941],[106.0254,21.4313],[106.0519,21.4616],[106.0378,21.4908],[106.0561,21.549],[106.0303,21.5625],[106.08,21.6191],[106.1624,21.6248],[106.1852,21.6043],[106.169,21.5951],[106.1679,21.5133],[106.245,21.4816],[106.2878,21.4913],[106.2829,21.4522],[106.3293,21.4465],[106.3242,21.4104],[106.3406,21.3972],[106.4123,21.4057],[106.4048,21.4261],[106.4175,21.4373],[106.4827,21.4487],[106.4944,21.4827],[106.5213,21.4996],[106.5072,21.5233],[106.5523,21.5894],[106.6153,21.6078],[106.7019,21.5937],[106.7005,21.5708],[106.7434,21.5415],[106.759,21.5442],[106.7588,21.5694],[106.7865,21.5773],[106.8063,21.5589],[106.8433,21.5597],[106.8652,21.5303],[106.8399,21.5125],[106.8428,21.4947],[106.8895,21.4907],[106.9025,21.4704],[106.8914,21.4514],[106.911,21.4306],[106.9264,21.441],[106.9289,21.4257],[106.9456,21.4346],[106.9538,21.4234],[106.9868,21.4395],[107.0038,21.4217],[106.9857,21.4021],[106.9874,21.3607],[107.0183,21.3445],[107.0337,21.3143],[106.9725,21.284],[106.9858,21.2576],[106.9783,21.2264],[106.9358,21.1689],[106.9163,21.1844],[106.8738,21.1739],[106.826,21.1886],[106.8336,21.1529],[106.7949,21.1491],[106.6409,21.1806],[106.6384,21.1682],[106.6122,21.1698],[106.5799,21.1924],[106.5425,21.1924],[106.5299,21.2223],[106.489,21.237],[106.4258,21.2317],[106.3457,21.1652],[106.3105,21.19],[106.323,21.1476],[106.2953,21.1083],[106.3106,21.0589],[106.267,20.9878],[106.2205,20.9958],[106.167,20.9691],[106.1679,20.9875],[106.1378,21.0014],[106.1274,20.9837],[106.0898,21.0071],[106.0302,20.995]]]]}},{"type":"Feature","properties":{"name":"Cà Mau"},"geometry":{"type":"MultiPolygon","coordinates":[[[[104.8791,8.3817],[104.8791,8.3817],[104.8791,8.3817]]],[[[104.8574,8.4197],[104.8491,8.4129],[104.8574,8.4197],[104.8574,8.4197]]],[[[104.8608,8.4207],[104.8608,8.4207],[104.8608,8.4207]]],[[[104.8445,8.4477],[104.8232,8.4219],[104.8445,8.4477],[104.8445,8.4477]]],[[[104.843,8.4539],[104.843,8.4539],[104.843,8.4539]]],[[[104.5646,8.8821],[104.5646,8.8821],[104.5646,8.8821]]],[[[104.5264,8.9527],[104.5288,8.9427],[104.5264,8.9527],[104.5264,8.9527]]],[[[104.8529,8.5672],[104.7301,8.5974],[104.7128,8.632],[104.7303,8.6499],[104.7524,8.6339],[104.7964,8.6523],[104.7792,8.6889],[104.7867,8.7178],[104.8604,8.7412],[104.9039,8.7996],[104.8991,8.8087],[104.8117,8.7722],[104.7811,8.8099],[104.8033,8.9307],[104.8355,9.5306],[104.8812,9.494],[104.9165,9.5617],[104.9459,9.5327],[104.9631,9.5559],[104.9927,9.539],[105.0031,9.5585],[105.2622,9.3993],[105.2781,9.4329],[105.2947,9.4336],[105.2988,9.5051],[105.3155,9.5025],[105.3298,9.5276],[105.3238,9.5588],[105.3076,9.5563],[105.3126,9.5723],[105.2861,9.6006],[105.2935,9.6376],[105.3085,9.6078],[105.3292,9.5993],[105.3414,9.6126],[105.3452,9.5928],[105.3792,9.5858],[105.4152,9.602],[105.4892,9.5821],[105.5355,9.5972],[105.5554,9.5604],[105.5453,9.4506],[105.5805,9.4114],[105.6002,9.4232],[105.6154,9.4064],[105.6391,9.4089],[105.6499,9.3874],[105.7016,9.3774],[105.7051,9.3964],[105.7237,9.3903],[105.7618,9.4138],[105.815,9.3701],[105.8209,9.394],[105.8432,9.4042],[105.859,9.3599],[105.8121,9.3393],[105.8263,9.2433],[105.5422,9.1197],[105.4669,9.0703],[105.3954,8.9964],[105.3468,8.86],[105.2688,8.7702],[105.179,8.7379],[105.1068,8.6353],[104.8529,8.5672]]]]}},{"type":"Feature","properties":{"name":"Cần Thơ"},"geometry":{"type":"MultiPolygon","coordinates":[[[[105.8803,9.2668],[105.8274,9.2449],[105.8197,9.2704],[105.8121,9.3393],[105.8605,9.3637],[105.8426,9.4046],[105.8209,9.394],[105.815,9.3701],[105.7618,9.4138],[105.7237,9.3903],[105.7051,9.3964],[105.7016,9.3774],[105.6499,9.3874],[105.6391,9.4089],[105.6154,9.4064],[105.6002,9.4232],[105.5805,9.4114],[105.5453,9.4506],[105.5554,9.5604],[105.5355,9.5972],[105.4892,9.5821],[105.4152,9.602],[105.3774,9.5872],[105.3752,9.6109],[105.3994,9.6219],[105.4067,9.6522],[105.3388,9.6764],[105.328,9.7015],[105.4112,9.7486],[105.4049,9.7697],[105.4373,9.7927],[105.4306,9.816],[105.5211,9.8591],[105.5396,9.913],[105.3647,10.073],[105.3171,10.1412],[105.2982,10.1385],[105.2257,10.201],[105.3013,10.277],[105.3362,10.2344],[105.4414,10.2697],[105.4267,10.303],[105.4954,10.3253],[105.5993,10.2391],[105.6569,10.1513],[105.781,10.0701],[105.8597,9.9665],[105.9616,9.9011],[106.0716,9.776],[106.2997,9.5859],[106.2681,9.5084],[106.2101,9.4777],[106.1721,9.4247],[106.1868,9.415],[106.1871,9.3802],[106.1659,9.3563],[106.1246,9.3317],[106.0988,9.3362],[105.8803,9.2668]]]]}},{"type":"Feature","properties":{"name":"Cao Bằng"},"geometry":{"type":"MultiPolygon","coordinates":[[[[105.8016,22.5263],[105.7874,22.5505],[105.7718,22.5498],[105.7778,22.577],[105.7511,22.5862],[105.7534,22.6087],[105.7278,22.6314],[105.7769,22.692],[105.7569,22.7009],[105.7585,22.7253],[105.7405,22.7412],[105.7005,22.719],[105.6654,22.7242],[105.6485,22.6985],[105.6002,22.6867],[105.6028,22.6673],[105.547,22.656],[105.5374,22.6334],[105.4988,22.6337],[105.4875,22.6737],[105.502,22.6984],[105.4767,22.7177],[105.4715,22.755],[105.2663,22.8662],[105.2674,22.8814],[105.3044,22.8765],[105.3072,22.912],[105.3621,22.9401],[105.3615,22.9795],[105.3749,22.9902],[105.4875,23.0092],[105.5313,23.1115],[105.5646,23.1192],[105.56,23.088],[105.5822,23.0679],[105.6031,23.0767],[105.6181,23.0654],[105.6387,23.0811],[105.6748,23.0622],[105.7109,23.0715],[105.7317,23.0361],[105.7793,23.0234],[105.8034,22.9912],[105.837,22.9877],[105.8782,22.9166],[105.8897,22.9383],[105.9221,22.9469],[105.9976,22.941],[106.0033,22.9923],[106.0842,22.9999],[106.1179,22.9853],[106.145,22.9967],[106.2003,22.9869],[106.2358,22.9546],[106.266,22.9068],[106.2511,22.8896],[106.2785,22.8696],[106.3267,22.8748],[106.3463,22.8556],[106.3748,22.8841],[106.4159,22.8764],[106.4109,22.8878],[106.4329,22.8823],[106.4467,22.9034],[106.4974,22.9048],[106.5007,22.93],[106.5251,22.9481],[106.5656,22.9189],[106.6016,22.9294],[106.6526,22.8659],[106.6694,22.8931],[106.7059,22.8889],[106.7179,22.8768],[106.7072,22.8643],[106.7687,22.827],[106.7653,22.8112],[106.8182,22.8202],[106.8377,22.8032],[106.8182,22.7719],[106.7859,22.767],[106.7881,22.7539],[106.7647,22.7414],[106.78,22.7082],[106.7538,22.6961],[106.7578,22.6748],[106.7222,22.6379],[106.7149,22.6131],[106.7288,22.5939],[106.7089,22.578],[106.6531,22.5754],[106.6298,22.6055],[106.6101,22.6046],[106.5817,22.5198],[106.5846,22.4767],[106.5571,22.4585],[106.5645,22.4237],[106.5353,22.4189],[106.5198,22.3975],[106.4906,22.4015],[106.4873,22.3683],[106.4666,22.3591],[106.3969,22.3739],[106.3607,22.3575],[106.3343,22.4088],[106.2399,22.4615],[106.2006,22.4319],[106.1847,22.3869],[106.1679,22.4091],[106.1396,22.3944],[106.1048,22.4015],[106.0941,22.4456],[106.1196,22.4718],[106.1193,22.5106],[106.0733,22.5549],[106.0808,22.5739],[106.0476,22.578],[105.9573,22.5239],[105.9318,22.5279],[105.9058,22.4952],[105.8662,22.5203],[105.8016,22.5263]]]]}},{"type":"Feature","properties":{"name":"Đà Nẵng"},"geometry":{"type":"MultiPolygon","coordinates":[[[[111.21,15.7714],[111.1942,15.7813],[111.2211,15.7991],[111.2269,15.7818],[111.21,15.7714]]],[[[112.5741,16.0557],[112.5334,16.0246],[112.481,16.0118],[112.4512,16.0122],[112.4406,16.029],[112.4607,16.0486],[112.5756,16.0787],[112.5974,16.0717],[112.5741,16.0557]],[[112.4982,16.0456],[112.4494,16.0322],[112.4711,16.0138],[112.5306,16.028],[112.5565,16.0514],[112.4982,16.0456]]],[[[111.7715,16.0374],[111.7484,16.0481],[111.7635,16.0739],[111.8203,16.0722],[111.8061,16.0471],[111.7715,16.0374]]],[[[107.8167,16.0584],[107.8207,16.0838],[107.8543,16.1155],[107.8578,16.1541],[107.8732,16.161],[107.8656,16.1847],[107.9096,16.2164],[107.9543,16.1902],[107.9874,16.2144],[108.0558,16.1801],[108.1203,16.183],[108.1924,16.2114],[108.1944,16.1993],[108.1556,16.19],[108.1537,16.1621],[108.1395,16.1631],[108.1232,16.1342],[108.1446,16.0975],[108.1889,16.0741],[108.225,16.109],[108.2379,16.0943],[108.2395,16.1113],[108.2111,16.1234],[108.2309,16.1499],[108.2546,16.1543],[108.3041,16.124],[108.3208,16.143],[108.3384,16.1178],[108.3114,16.1122],[108.3065,16.0958],[108.2584,16.1012],[108.2478,16.0793],[108.2845,15.9751],[108.3297,15.9211],[108.4061,15.8721],[108.4269,15.7849],[108.5257,15.6283],[108.6183,15.5149],[108.6508,15.4981],[108.6791,15.5115],[108.6743,15.4864],[108.6923,15.4825],[108.6969,15.4403],[108.739,15.3991],[108.7137,15.3707],[108.6423,15.368],[108.484,15.3081],[108.4388,15.312],[108.4304,15.3263],[108.4029,15.3003],[108.3146,15.2986],[108.3032,15.2585],[108.2812,15.2435],[108.3086,15.2212],[108.2914,15.1982],[108.3065,15.1741],[108.2572,15.1161],[108.2573,15.0906],[108.2351,15.0782],[108.2409,15.0341],[108.2131,15.0318],[108.1592,15.0592],[108.1462,15.0448],[108.1622,14.9738],[108.1492,14.9624],[108.0881,14.9514],[108.0475,14.9921],[107.9721,15.0118],[107.9531,15.0546],[108.002,15.1193],[107.9998,15.1561],[107.9504,15.1751],[107.9276,15.2096],[107.8912,15.193],[107.8713,15.2105],[107.7351,15.2305],[107.7309,15.3073],[107.7077,15.3034],[107.669,15.3454],[107.638,15.4155],[107.6034,15.4214],[107.5607,15.3946],[107.5186,15.4162],[107.527,15.4422],[107.5139,15.4738],[107.4779,15.478],[107.4705,15.4993],[107.3816,15.4933],[107.3646,15.5696],[107.3421,15.5757],[107.3533,15.5921],[107.3431,15.6143],[107.2769,15.6333],[107.2638,15.6583],[107.2771,15.7073],[107.2519,15.7218],[107.2492,15.7444],[107.2134,15.7386],[107.2294,15.7845],[107.2107,15.827],[107.3287,15.8901],[107.3991,15.894],[107.4778,16.0362],[107.5473,16.0106],[107.5607,16.0217],[107.5535,16.0445],[107.6193,16.0636],[107.6208,16.0321],[107.7052,15.995],[107.774,16.0669],[107.8167,16.0584]]],[[[108.2082,16.2234],[108.1978,16.2132],[108.2082,16.2234],[108.2082,16.2234]]],[[[111.6971,16.2273],[111.6863,16.2435],[111.7075,16.2454],[111.6971,16.2273]]],[[[111.8021,16.2738],[111.8013,16.2409],[111.7522,16.2139],[111.7211,16.2302],[111.76,16.235],[111.7759,16.2531],[111.7665,16.2691],[111.6568,16.2742],[111.5823,16.2053],[111.6484,16.2324],[111.6676,16.235],[111.6677,16.2223],[111.6026,16.1848],[111.5594,16.1954],[111.5641,16.2184],[111.6476,16.2875],[111.7758,16.2976],[111.8021,16.2738]]],[[[112.0777,16.339],[112.0189,16.3407],[111.9609,16.3196],[111.9437,16.331],[111.9644,16.3535],[112.0127,16.3657],[112.0649,16.3564],[112.0777,16.339]]],[[[111.7114,16.4461],[111.7017,16.4605],[111.7184,16.4593],[111.7114,16.4461]]],[[[111.5301,16.4389],[111.5217,16.455],[111.5548,16.4615],[111.5301,16.4389]]],[[[111.6091,16.4378],[111.582,16.461],[111.5888,16.489],[111.6179,16.4561],[111.6091,16.4378]]],[[[111.593,16.5051],[111.5932,16.5173],[111.593,16.5051],[111.593,16.5051]]],[[[111.7413,16.4431],[111.7561,16.4998],[111.7454,16.5275],[111.7568,16.5328],[111.7782,16.504],[111.7413,16.4431]]],[[[111.6156,16.5202],[111.6035,16.5353],[111.6365,16.5463],[111.6365,16.5286],[111.6156,16.5202]]],[[[111.698,16.5445],[111.6936,16.5651],[111.698,16.5445],[111.698,16.5445]]],[[[111.6635,16.5448],[111.6437,16.5611],[111.6725,16.5703],[111.6804,16.5528],[111.6635,16.5448]]],[[[112.6353,16.5685],[112.6353,16.5685],[112.6353,16.5685]]],[[[111.7347,16.538],[111.7092,16.5516],[111.7048,16.5842],[111.7281,16.5753],[111.7347,16.538]]],[[[112.7373,16.6575],[112.7215,16.6755],[112.7373,16.6575],[112.7373,16.6575]]],[[[111.3808,16.7089],[111.3606,16.7203],[111.3667,16.742],[111.3964,16.7446],[111.4032,16.7186],[111.3808,16.7089]]],[[[112.3442,16.8383],[112.3282,16.8276],[112.3194,16.8406],[112.3411,16.8503],[112.3442,16.8383]]],[[[112.3274,16.9567],[112.3423,16.9221],[112.2959,16.9694],[112.3274,16.9567]]],[[[112.2816,16.9761],[112.2103,16.9669],[112.1915,16.9777],[112.238,17.0039],[112.2816,16.9761]]],[[[111.5598,17.0978],[111.4916,17.0662],[111.4441,17.0785],[111.4509,17.0936],[111.5098,17.114],[111.5598,17.0978]],[[111.4826,17.0817],[111.509,17.095],[111.47,17.0908],[111.4826,17.0817]]],[[[108.404,15.8786],[108.3865,15.8875],[108.404,15.8786],[108.404,15.8786]]],[[[108.4728,15.9317],[108.4728,15.9317],[108.4728,15.9317]]],[[[108.4183,15.9731],[108.4183,15.9731],[108.4183,15.9731]]],[[[108.4208,15.9733],[108.4208,15.9733],[108.4208,15.9733]]],[[[108.4491,15.9694],[108.4501,15.9798],[108.4491,15.9694],[108.4491,15.9694]]],[[[108.7033,15.4601],[108.7033,15.4601],[108.7033,15.4601]]],[[[108.6916,15.499],[108.6916,15.499],[108.6916,15.499]]],[[[108.6866,15.5061],[108.6866,15.5061],[108.6866,15.5061]]],[[[108.6983,15.8138],[108.6983,15.8138],[108.6983,15.8138]]],[[[108.5416,15.9109],[108.5334,15.9036],[108.5416,15.9109],[108.5416,15.9109]]],[[[108.4811,15.9394],[108.4811,15.9394],[108.4811,15.9394]]],[[[108.5096,15.9707],[108.5387,15.956],[108.5408,15.9232],[108.4842,15.9648],[108.5096,15.9707]]]]}},{"type":"Feature","properties":{"name":"Đắk Lắk"},"geometry":{"type":"MultiPolygon","coordinates":[[[[107.9213,12.4258],[107.9843,12.4459],[108.0015,12.4764],[107.944,12.5267],[107.8874,12.5394],[107.8929,12.5645],[107.9349,12.5967],[107.92,12.6465],[107.9041,12.6506],[107.9122,12.6932],[107.8953,12.7127],[107.9091,12.7431],[107.8605,12.7565],[107.8622,12.8],[107.8459,12.8121],[107.7802,12.7774],[107.6345,12.8037],[107.5604,12.7952],[107.4919,12.8943],[107.5022,12.9161],[107.4868,12.9684],[107.5044,12.9753],[107.4903,13.0338],[107.6066,13.3043],[107.7016,13.3745],[107.7646,13.3648],[107.8014,13.3938],[107.8392,13.4005],[107.9425,13.3734],[107.9831,13.3927],[108.0094,13.381],[108.0534,13.4123],[108.0734,13.3995],[108.1118,13.4166],[108.1417,13.4087],[108.2131,13.3682],[108.2641,13.3723],[108.2885,13.3504],[108.347,13.3392],[108.3725,13.3025],[108.3722,13.2674],[108.408,13.2581],[108.4236,13.1977],[108.4638,13.1624],[108.4611,13.1201],[108.4874,13.1113],[108.5192,13.0713],[108.5131,13.0344],[108.5676,13.0197],[108.5917,13.0295],[108.614,13.0073],[108.6757,12.9964],[108.6927,13.0168],[108.7567,13.0331],[108.7492,13.0918],[108.7689,13.1187],[108.7618,13.135],[108.8422,13.1648],[108.8704,13.2458],[108.8716,13.2819],[108.8081,13.357],[108.795,13.4725],[108.7351,13.4568],[108.7031,13.4852],[108.7481,13.5661],[108.7672,13.5612],[108.7895,13.5781],[108.8511,13.569],[108.868,13.5346],[108.9202,13.541],[108.9585,13.5151],[108.9944,13.5165],[109.0279,13.5306],[109.0523,13.5686],[109.1162,13.5836],[109.1198,13.6406],[109.1528,13.634],[109.1563,13.6784],[109.1992,13.6952],[109.2295,13.6752],[109.2411,13.6114],[109.2986,13.5676],[109.2763,13.5462],[109.3022,13.5191],[109.2927,13.4829],[109.3306,13.464],[109.3162,13.4582],[109.3112,13.4133],[109.2685,13.4122],[109.2589,13.428],[109.2928,13.4554],[109.2405,13.4937],[109.2223,13.4456],[109.2388,13.4295],[109.2196,13.4182],[109.2317,13.4115],[109.2189,13.3937],[109.2448,13.3884],[109.264,13.3561],[109.2944,13.3646],[109.2987,13.334],[109.2831,13.3193],[109.3173,13.2547],[109.2934,13.216],[109.3065,13.1874],[109.2949,13.1426],[109.3735,13.0122],[109.456,12.9132],[109.4526,12.8597],[109.4201,12.8481],[109.438,12.8694],[109.4299,12.8813],[109.3898,12.8433],[109.3653,12.8687],[109.3198,12.8355],[109.2548,12.838],[109.2274,12.8125],[109.2076,12.8298],[109.1672,12.8266],[109.1397,12.7815],[109.1162,12.7979],[109.0874,12.7443],[109.0387,12.7453],[108.9781,12.6823],[108.9427,12.6943],[108.9028,12.6764],[108.9113,12.6404],[108.8616,12.6061],[108.8973,12.5643],[108.8582,12.492],[108.8783,12.4798],[108.8703,12.4533],[108.7994,12.4803],[108.7783,12.506],[108.7511,12.4976],[108.7393,12.4751],[108.7149,12.4842],[108.6693,12.4227],[108.6893,12.3731],[108.6769,12.3482],[108.6854,12.3234],[108.667,12.2995],[108.5961,12.2767],[108.5423,12.2976],[108.5112,12.2771],[108.4834,12.3098],[108.4599,12.2758],[108.4427,12.2778],[108.4396,12.2504],[108.3358,12.2481],[108.3396,12.228],[108.2961,12.2028],[108.2768,12.2141],[108.2412,12.1607],[108.228,12.183],[108.1897,12.1731],[108.1652,12.1968],[108.1194,12.1756],[108.0406,12.2889],[108.0153,12.3032],[107.9738,12.297],[107.944,12.3267],[107.9128,12.3983],[107.9213,12.4258]]],[[[109.2798,13.3806],[109.2798,13.3806],[109.2798,13.3806]]],[[[109.2822,13.3804],[109.2822,13.3804],[109.2822,13.3804]]],[[[109.2824,13.3816],[109.2824,13.3816],[109.2824,13.3816]]],[[[109.2409,13.3941],[109.2409,13.3941],[109.2409,13.3941]]],[[[109.2705,13.4131],[109.2705,13.4131],[109.2705,13.4131]]],[[[109.2707,13.4133],[109.2707,13.4133],[109.2707,13.4133]]],[[[109.2714,13.4135],[109.2714,13.4135],[109.2714,13.4135]]],[[[109.2829,13.4136],[109.2829,13.4136],[109.2829,13.4136]]],[[[109.2836,13.4136],[109.2836,13.4136],[109.2836,13.4136]]],[[[109.2844,13.4143],[109.2844,13.4143],[109.2844,13.4143]]],[[[109.2657,13.4144],[109.2657,13.4144],[109.2657,13.4144]]],[[[109.2652,13.4151],[109.2652,13.4151],[109.2652,13.4151]]],[[[109.2647,13.4157],[109.2647,13.4157],[109.2647,13.4157]]],[[[109.2294,13.4196],[109.2294,13.4196],[109.2294,13.4196]]],[[[109.2535,13.4557],[109.2535,13.4557],[109.2535,13.4557]]],[[[109.2706,13.4599],[109.2706,13.4599],[109.2706,13.4599]]],[[[109.2619,13.4694],[109.2619,13.4694],[109.2619,13.4694]]],[[[109.2477,13.4805],[109.2477,13.4805],[109.2477,13.4805]]],[[[109.2837,13.532],[109.2837,13.532],[109.2837,13.532]]],[[[109.2853,13.5565],[109.2853,13.5565],[109.2853,13.5565]]],[[[109.2982,13.333],[109.2982,13.333],[109.2982,13.333]]],[[[109.2999,13.3358],[109.2999,13.3358],[109.2999,13.3358]]],[[[109.299,13.3405],[109.299,13.3405],[109.299,13.3405]]],[[[109.2989,13.341],[109.2989,13.341],[109.2989,13.341]]],[[[109.2959,13.3542],[109.2959,13.3542],[109.2959,13.3542]]],[[[109.296,13.3548],[109.296,13.3548],[109.296,13.3548]]],[[[109.2965,13.356],[109.2965,13.356],[109.2965,13.356]]],[[[109.2958,13.3574],[109.2958,13.3574],[109.2958,13.3574]]],[[[109.2965,13.3581],[109.2965,13.3581],[109.2965,13.3581]]],[[[109.2898,13.4148],[109.2898,13.4148],[109.2898,13.4148]]],[[[109.3008,13.5057],[109.3008,13.5057],[109.3008,13.5057]]],[[[109.3005,13.5195],[109.3005,13.5195],[109.3005,13.5195]]],[[[109.3009,13.5221],[109.3009,13.5221],[109.3009,13.5221]]],[[[109.299,13.5226],[109.299,13.5226],[109.299,13.5226]]],[[[109.2857,13.5319],[109.2857,13.5319],[109.2857,13.5319]]],[[[109.2856,13.5562],[109.2856,13.5562],[109.2856,13.5562]]],[[[109.2854,13.5564],[109.2854,13.5564],[109.2854,13.5564]]],[[[109.2863,13.5571],[109.2863,13.5571],[109.2863,13.5571]]],[[[109.2989,13.5681],[109.2989,13.5681],[109.2989,13.5681]]],[[[109.2986,13.5683],[109.2986,13.5683],[109.2986,13.5683]]],[[[109.2871,13.5786],[109.2871,13.5786],[109.2871,13.5786]]],[[[109.2875,13.5799],[109.2875,13.5799],[109.2875,13.5799]]],[[[109.3917,12.825],[109.3917,12.825],[109.3917,12.825]]],[[[109.3929,12.8269],[109.3929,12.8269],[109.3929,12.8269]]],[[[109.4422,12.9706],[109.4422,12.9706],[109.4422,12.9706]]],[[[109.4413,12.9712],[109.4413,12.9712],[109.4413,12.9712]]],[[[109.4384,12.9726],[109.4384,12.9726],[109.4384,12.9726]]],[[[109.4383,12.9734],[109.4383,12.9734],[109.4383,12.9734]]],[[[109.3217,13.1667],[109.3217,13.1667],[109.3217,13.1667]]],[[[109.3203,13.1715],[109.3203,13.1715],[109.3203,13.1715]]],[[[109.319,13.1719],[109.319,13.1719],[109.319,13.1719]]],[[[109.3127,13.1757],[109.3127,13.1757],[109.3127,13.1757]]],[[[109.3074,13.2257],[109.3074,13.2257],[109.3074,13.2257]]],[[[109.3067,13.2268],[109.3067,13.2268],[109.3067,13.2268]]],[[[109.3338,13.2861],[109.3416,13.2772],[109.3338,13.2861],[109.3338,13.2861]]],[[[109.3116,13.4132],[109.3116,13.4132],[109.3116,13.4132]]],[[[109.3101,13.4173],[109.3101,13.4173],[109.3101,13.4173]]],[[[109.3117,13.4205],[109.3117,13.4205],[109.3117,13.4205]]],[[[109.3112,13.4206],[109.3112,13.4206],[109.3112,13.4206]]],[[[109.3011,13.5056],[109.3011,13.5056],[109.3011,13.5056]]],[[[109.3013,13.5117],[109.3013,13.5117],[109.3013,13.5117]]],[[[109.3012,13.512],[109.3012,13.512],[109.3012,13.512]]],[[[109.3022,13.5176],[109.3022,13.5176],[109.3022,13.5176]]],[[[109.3017,13.5174],[109.3017,13.5174],[109.3017,13.5174]]]]}},{"type":"Feature","properties":{"name":"Điện Biên"},"geometry":{"type":"MultiPolygon","coordinates":[[[[102.9609,21.1144],[102.9399,21.129],[102.9499,21.1416],[102.9386,21.1581],[102.9045,21.1658],[102.9131,21.2298],[102.864,21.2576],[102.8216,21.2429],[102.8076,21.2636],[102.8524,21.2999],[102.8969,21.3032],[102.896,21.386],[102.942,21.4563],[102.9191,21.4527],[102.9047,21.4297],[102.8703,21.4281],[102.8862,21.4762],[102.9084,21.4801],[102.9178,21.509],[102.9915,21.5857],[102.9792,21.6514],[102.9888,21.7201],[102.9695,21.7464],[102.8779,21.7026],[102.8572,21.7209],[102.8529,21.84],[102.833,21.8461],[102.8108,21.8246],[102.8265,21.7356],[102.7492,21.6639],[102.6753,21.6555],[102.646,21.7324],[102.6633,21.7912],[102.6483,21.8081],[102.6459,21.8586],[102.6096,21.8785],[102.6133,21.9174],[102.5054,21.9731],[102.4888,22.0067],[102.5188,22.0324],[102.4419,22.0739],[102.4346,22.1167],[102.3851,22.13],[102.3611,22.1664],[102.3357,22.1658],[102.3224,22.2037],[102.2793,22.206],[102.2727,22.237],[102.2412,22.2391],[102.2321,22.2848],[102.1779,22.3051],[102.1962,22.3363],[102.1662,22.3545],[102.1698,22.3751],[102.1446,22.4003],[102.1536,22.4252],[102.1852,22.4361],[102.2625,22.4142],[102.2456,22.4653],[102.2635,22.4673],[102.3218,22.5473],[102.343,22.5282],[102.3474,22.4895],[102.395,22.4588],[102.3889,22.4089],[102.4498,22.3605],[102.5147,22.261],[102.5436,22.2425],[102.5793,22.2606],[102.619,22.2356],[102.6284,22.1886],[102.6699,22.1681],[102.6979,22.209],[102.6625,22.2536],[102.677,22.2628],[102.7295,22.2381],[102.7539,22.2074],[102.737,22.1639],[102.7435,22.131],[102.8174,22.0665],[102.8631,22.0598],[102.8683,22.0781],[102.925,22.0911],[102.9241,22.1085],[102.93,22.0686],[102.9853,22.026],[102.9997,22.0521],[103.0949,22.0577],[103.1026,22.1018],[103.1445,22.0677],[103.1711,22.0814],[103.2837,22.0386],[103.2921,22.0489],[103.2734,22.0723],[103.2875,22.1089],[103.3075,22.1141],[103.3315,22.1532],[103.3892,22.1569],[103.421,22.0729],[103.4689,22.0289],[103.4523,22.0094],[103.5025,21.9659],[103.4841,21.9372],[103.4828,21.895],[103.5223,21.8615],[103.5477,21.7988],[103.5411,21.7774],[103.5986,21.6817],[103.5698,21.6791],[103.5416,21.6456],[103.5599,21.6266],[103.5305,21.5867],[103.5341,21.5686],[103.5192,21.565],[103.5171,21.5328],[103.4595,21.5179],[103.4494,21.4383],[103.3444,21.4294],[103.3308,21.4137],[103.3626,21.3718],[103.3884,21.3676],[103.3697,21.3315],[103.4327,21.3107],[103.4412,21.2824],[103.4338,21.1691],[103.3953,21.1482],[103.4251,21.0689],[103.3715,21.0623],[103.3339,21.0918],[103.2941,21.0985],[103.2878,21.078],[103.3018,21.0612],[103.2818,21.066],[103.2738,21.0526],[103.292,21.0246],[103.2796,21.0041],[103.3024,20.9455],[103.2773,20.9379],[103.2818,20.8962],[103.2172,20.8955],[103.167,20.9168],[103.1174,20.8961],[103.0347,21.0573],[102.9749,21.0657],[102.9609,21.1144]]]]}},{"type":"Feature","properties":{"name":"Đồng Nai"},"geometry":{"type":"MultiPolygon","coordinates":[[[[106.8717,10.6466],[106.8239,10.629],[106.7519,10.705],[106.7677,10.7419],[106.8164,10.7799],[106.8254,10.7593],[106.8457,10.7751],[106.8726,10.7663],[106.8648,10.7874],[106.8819,10.8085],[106.8383,10.9033],[106.7882,10.9221],[106.762,10.9633],[106.7963,10.9722],[106.7745,11.0053],[106.8127,11.031],[106.8019,11.0596],[106.8276,11.0645],[106.8742,11.0198],[106.9083,11.0222],[106.9227,11.0564],[106.948,11.0598],[106.9658,11.1485],[106.9014,11.2089],[106.9182,11.2203],[106.9107,11.2412],[106.9317,11.2449],[106.9246,11.271],[106.9511,11.3375],[106.9081,11.3536],[106.8726,11.3274],[106.8751,11.3074],[106.857,11.3149],[106.8568,11.3751],[106.7852,11.38],[106.7696,11.4261],[106.806,11.4518],[106.7966,11.4914],[106.7537,11.4764],[106.7564,11.4507],[106.7091,11.3995],[106.6743,11.4011],[106.6713,11.3537],[106.6173,11.3624],[106.6132,11.3874],[106.5621,11.3698],[106.5385,11.3874],[106.5416,11.4266],[106.5731,11.4551],[106.5564,11.4849],[106.5401,11.4676],[106.4889,11.4996],[106.4236,11.4952],[106.428,11.5349],[106.4804,11.5468],[106.4907,11.5798],[106.4142,11.7663],[106.4477,11.823],[106.4398,11.8576],[106.4674,11.8672],[106.4115,11.9748],[106.4548,11.9892],[106.4914,11.9682],[106.5105,11.9805],[106.5309,11.9684],[106.6284,11.9752],[106.6353,11.9606],[106.6431,11.9754],[106.6596,11.965],[106.6561,11.9892],[106.6837,11.9644],[106.7209,11.9684],[106.7925,12.0824],[106.917,12.0624],[107,12.0949],[107.013,12.1123],[107.0033,12.1152],[107.0792,12.1628],[107.0747,12.1885],[107.0925,12.1813],[107.1106,12.2194],[107.1379,12.2298],[107.1517,12.2761],[107.2039,12.2982],[107.2217,12.1259],[107.2401,12.1144],[107.2306,12.0287],[107.2426,12.0391],[107.2684,12.0136],[107.2917,12.0216],[107.3245,12.0031],[107.3512,11.9682],[107.3528,11.9392],[107.3856,11.9187],[107.4274,11.8491],[107.3931,11.7949],[107.3939,11.7686],[107.2864,11.7266],[107.2687,11.6414],[107.3044,11.6175],[107.2973,11.5851],[107.3117,11.5536],[107.3461,11.5437],[107.361,11.5818],[107.3602,11.5551],[107.379,11.5426],[107.367,11.5179],[107.4017,11.5297],[107.4202,11.5111],[107.4411,11.5167],[107.472,11.4784],[107.4304,11.4249],[107.4535,11.42],[107.4749,11.4363],[107.4876,11.3963],[107.5345,11.3556],[107.5447,11.3656],[107.5176,11.3095],[107.5244,11.252],[107.497,11.2426],[107.4986,11.2202],[107.4821,11.221],[107.4798,11.1902],[107.4347,11.1365],[107.454,11.1117],[107.4434,11.0844],[107.4305,11.087],[107.4168,11.051],[107.3945,11.0498],[107.4743,11.0067],[107.5037,11.0149],[107.5427,10.9783],[107.5738,10.814],[107.4965,10.7674],[107.4446,10.8045],[107.3609,10.7281],[107.3522,10.6785],[107.3181,10.6686],[107.2997,10.6837],[107.3005,10.755],[107.231,10.7643],[107.2109,10.7526],[107.2068,10.7746],[107.1893,10.772],[107.1368,10.7444],[107.1463,10.7299],[107.1338,10.6851],[107.0965,10.652],[107.0448,10.6576],[106.9992,10.6347],[107.0079,10.6133],[106.9839,10.5794],[106.912,10.6078],[106.8717,10.6466]]]]}},{"type":"Feature","properties":{"name":"Lạng Sơn"},"geometry":{"type":"MultiPolygon","coordinates":[[[[106.7905,10.2133],[106.8014,10.2084],[106.7885,10.2011],[106.7905,10.2133]]],[[[105.8978,10.274],[105.8775,10.2631],[105.9197,10.2113],[105.9132,10.1924],[105.8762,10.1892],[105.8705,10.1545],[105.8011,10.1555],[105.7748,10.189],[105.7658,10.1793],[105.7278,10.2047],[105.6823,10.1345],[105.6569,10.1513],[105.5993,10.2391],[105.4877,10.3346],[105.521,10.3634],[105.5238,10.4001],[105.5526,10.4169],[105.5486,10.4295],[105.574,10.4287],[105.5532,10.5167],[105.5132,10.547],[105.4808,10.5351],[105.3711,10.5732],[105.3398,10.6494],[105.3503,10.7148],[105.2778,10.7235],[105.3038,10.7588],[105.2641,10.7691],[105.2613,10.7999],[105.2346,10.8057],[105.2095,10.8495],[105.1942,10.8471],[105.189,10.9118],[105.265,10.8961],[105.3383,10.8597],[105.408,10.9313],[105.4258,10.9727],[105.4516,10.9545],[105.4732,10.9646],[105.4993,10.953],[105.5163,10.9224],[105.5826,10.8919],[105.6127,10.832],[105.5959,10.8306],[105.7806,10.6587],[105.8345,10.6385],[105.91,10.5386],[106.1024,10.5228],[106.1012,10.5758],[106.2861,10.587],[106.3483,10.5448],[106.3796,10.4801],[106.4036,10.4933],[106.4419,10.4664],[106.4538,10.451],[106.4149,10.4297],[106.4278,10.4098],[106.4519,10.4134],[106.4562,10.3946],[106.5293,10.4335],[106.5589,10.4131],[106.5892,10.4184],[106.5853,10.4358],[106.6281,10.4523],[106.6445,10.4832],[106.6586,10.4771],[106.6629,10.4435],[106.6821,10.4398],[106.744,10.5],[106.8225,10.3774],[106.7827,10.3756],[106.7817,10.2926],[106.7558,10.2663],[106.7802,10.2488],[106.781,10.2224],[106.7543,10.191],[106.6778,10.2366],[106.5419,10.2656],[106.3825,10.3402],[106.2145,10.3163],[106.0887,10.2762],[105.983,10.3311],[105.8978,10.274]]]]}},{"type":"Feature","properties":{"name":"Gia Lai"},"geometry":{"type":"MultiPolygon","coordinates":[[[[109.2401,13.6682],[109.2401,13.6682],[109.2401,13.6682]]],[[[109.2479,13.6782],[109.2479,13.6782],[109.2479,13.6782]]],[[[109.2474,13.6801],[109.2474,13.6801],[109.2474,13.6801]]],[[[109.2459,13.6817],[109.2459,13.6817],[109.2459,13.6817]]],[[[109.2458,13.6823],[109.2458,13.6823],[109.2458,13.6823]]],[[[109.2453,13.6825],[109.2453,13.6825],[109.2453,13.6825]]],[[[109.2404,13.684],[109.2404,13.684],[109.2404,13.684]]],[[[109.229,13.6886],[109.229,13.6886],[109.229,13.6886]]],[[[109.2286,13.689],[109.2286,13.689],[109.2286,13.689]]],[[[107.9119,13.3854],[107.8392,13.4005],[107.8014,13.3938],[107.7646,13.3648],[107.7016,13.3745],[107.6066,13.3043],[107.6303,13.3598],[107.6177,13.5287],[107.5328,13.743],[107.4505,13.7941],[107.4744,13.8568],[107.4544,13.8703],[107.4709,13.8911],[107.4729,13.9197],[107.4588,13.9215],[107.4691,13.953],[107.5257,13.9824],[107.5212,14.0135],[107.5924,14.0223],[107.614,14.0634],[107.6334,14.0537],[107.65,14.0665],[107.6584,14.1636],[107.6871,14.2205],[107.76,14.2022],[107.7836,14.2255],[107.8175,14.2137],[107.8378,14.2346],[107.8369,14.2683],[107.8768,14.2824],[107.9333,14.2409],[108.0123,14.2405],[108.0397,14.2767],[108.06,14.2655],[108.089,14.3148],[108.0785,14.3325],[108.1044,14.3376],[108.1155,14.3633],[108.1496,14.3603],[108.147,14.3475],[108.2206,14.391],[108.2941,14.3902],[108.2976,14.417],[108.384,14.5222],[108.357,14.5698],[108.3754,14.6012],[108.3981,14.6008],[108.438,14.5554],[108.4941,14.5436],[108.5282,14.5553],[108.5476,14.589],[108.5933,14.5643],[108.6132,14.5316],[108.704,14.6134],[108.7337,14.588],[108.7638,14.5987],[108.769,14.676],[108.8134,14.6689],[108.8392,14.6931],[108.8896,14.6811],[108.9285,14.7029],[108.9785,14.6694],[109.017,14.6648],[109.043,14.6346],[109.0445,14.6082],[109.0821,14.578],[109.0678,14.5614],[109.1246,14.4448],[109.1225,14.3726],[109.186,14.2817],[109.1981,14.2351],[109.1836,14.2042],[109.2278,14.1376],[109.2064,14.1057],[109.2538,14.0177],[109.2597,13.9631],[109.2426,13.9452],[109.2693,13.8975],[109.2865,13.8864],[109.2937,13.8966],[109.2974,13.8821],[109.2941,13.7714],[109.2887,13.7537],[109.2448,13.7715],[109.2245,13.7621],[109.2146,13.7452],[109.2339,13.6701],[109.1992,13.6952],[109.1563,13.6784],[109.1528,13.634],[109.1198,13.6406],[109.1178,13.5852],[109.0523,13.5686],[109.0183,13.5257],[108.9585,13.5151],[108.9202,13.541],[108.868,13.5346],[108.8511,13.569],[108.8058,13.5773],[108.7403,13.5558],[108.7031,13.486],[108.7126,13.4642],[108.7439,13.4565],[108.795,13.4725],[108.8081,13.357],[108.8731,13.2788],[108.8422,13.1648],[108.7618,13.135],[108.7689,13.1187],[108.7492,13.0918],[108.7567,13.0331],[108.6927,13.0168],[108.6757,12.9964],[108.614,13.0073],[108.5917,13.0295],[108.5676,13.0197],[108.5131,13.0344],[108.5192,13.0713],[108.4874,13.1113],[108.4611,13.1201],[108.4638,13.1624],[108.4236,13.1977],[108.408,13.2581],[108.3722,13.2674],[108.3725,13.3025],[108.347,13.3392],[108.2885,13.3504],[108.2641,13.3723],[108.2131,13.3682],[108.1122,13.4166],[108.0802,13.3998],[108.0534,13.4123],[108.0088,13.3809],[107.9838,13.3927],[107.9425,13.3734],[107.9119,13.3854]]],[[[109.2003,14.2333],[109.2003,14.2333],[109.2003,14.2333]]],[[[109.2096,14.2472],[109.2096,14.2472],[109.2096,14.2472]]],[[[109.2077,14.2516],[109.2077,14.2516],[109.2077,14.2516]]],[[[109.1831,14.2768],[109.1831,14.2768],[109.1831,14.2768]]],[[[109.1823,14.2772],[109.1823,14.2772],[109.1823,14.2772]]],[[[109.1822,14.2782],[109.1822,14.2782],[109.1822,14.2782]]],[[[109.1866,14.2787],[109.1866,14.2787],[109.1866,14.2787]]],[[[109.1856,14.2827],[109.1856,14.2827],[109.1856,14.2827]]],[[[109.1865,14.363],[109.1865,14.363],[109.1865,14.363]]],[[[109.253,13.6838],[109.253,13.6838],[109.253,13.6838]]],[[[109.2957,13.7689],[109.2957,13.7689],[109.2957,13.7689]]],[[[109.2911,13.7892],[109.2911,13.7892],[109.2911,13.7892]]],[[[109.287,13.8003],[109.287,13.8003],[109.287,13.8003]]],[[[109.2871,13.8037],[109.2871,13.8037],[109.2871,13.8037]]],[[[109.2952,13.8481],[109.2952,13.8481],[109.2952,13.8481]]],[[[109.2948,13.8592],[109.2948,13.8592],[109.2948,13.8592]]],[[[109.2943,13.8642],[109.2943,13.8642],[109.2943,13.8642]]],[[[109.2956,13.8858],[109.2956,13.8858],[109.2956,13.8858]]],[[[109.2951,13.8863],[109.2951,13.8863],[109.2951,13.8863]]],[[[109.2947,13.886],[109.2947,13.886],[109.2947,13.886]]],[[[109.2945,13.8866],[109.2945,13.8866],[109.2945,13.8866]]],[[[109.293,13.8876],[109.293,13.8876],[109.293,13.8876]]],[[[109.2939,13.8879],[109.2939,13.8879],[109.2939,13.8879]]],[[[109.2936,13.8888],[109.2936,13.8888],[109.2936,13.8888]]],[[[109.2938,13.8933],[109.2938,13.8933],[109.2938,13.8933]]],[[[109.2941,13.8938],[109.2941,13.8938],[109.2941,13.8938]]],[[[109.294,13.8957],[109.294,13.8957],[109.294,13.8957]]],[[[109.249,13.9586],[109.249,13.9586],[109.249,13.9586]]],[[[109.2949,14.1376],[109.2949,14.1376],[109.2949,14.1376]]],[[[109.3705,13.5935],[109.3705,13.5935],[109.3705,13.5935]]],[[[109.3703,13.594],[109.3703,13.594],[109.3703,13.594]]],[[[109.3641,13.6026],[109.3641,13.6026],[109.3641,13.6026]]],[[[109.3431,13.6346],[109.3616,13.6047],[109.3431,13.6346],[109.3431,13.6346]]],[[[109.3002,13.7646],[109.3002,13.7646],[109.3002,13.7646]]],[[[109.2971,13.8367],[109.2971,13.8367],[109.2971,13.8367]]],[[[109.2995,13.8422],[109.2995,13.8422],[109.2995,13.8422]]],[[[109.3032,13.8771],[109.3032,13.8771],[109.3032,13.8771]]],[[[109.3023,13.877],[109.3023,13.877],[109.3023,13.877]]],[[[109.3037,13.8773],[109.3037,13.8773],[109.3037,13.8773]]],[[[109.3024,13.8782],[109.3024,13.8782],[109.3024,13.8782]]],[[[109.3054,13.8791],[109.3054,13.8791],[109.3054,13.8791]]],[[[109.3047,13.8798],[109.3047,13.8798],[109.3047,13.8798]]],[[[109.3059,13.8821],[109.3059,13.8821],[109.3059,13.8821]]],[[[109.2978,13.8842],[109.2978,13.8842],[109.2978,13.8842]]],[[[109.2984,13.8844],[109.2984,13.8844],[109.2984,13.8844]]],[[[109.2963,13.8854],[109.2963,13.8854],[109.2963,13.8854]]],[[[109.2988,14.1374],[109.2988,14.1374],[109.2988,14.1374]]],[[[109.2978,14.1376],[109.2978,14.1376],[109.2978,14.1376]]],[[[109.2987,14.1376],[109.2987,14.1376],[109.2987,14.1376]]]]}},{"type":"Feature","properties":{"name":"Hà Nội"},"geometry":{"type":"MultiPolygon","coordinates":[[[[105.5546,20.8794],[105.5431,20.8817],[105.5805,20.9287],[105.5251,20.9188],[105.4617,20.9465],[105.3869,21.0246],[105.3534,21.0074],[105.3048,21.0223],[105.294,21.0547],[105.3205,21.1099],[105.2914,21.1529],[105.2944,21.1802],[105.3479,21.2268],[105.3567,21.2781],[105.394,21.3033],[105.4437,21.2697],[105.4862,21.163],[105.5336,21.1542],[105.6258,21.1755],[105.6152,21.2076],[105.6578,21.22],[105.6474,21.2365],[105.6882,21.2347],[105.6982,21.2133],[105.7374,21.2356],[105.7228,21.2661],[105.7852,21.3428],[105.7902,21.3779],[105.857,21.3763],[105.8522,21.3498],[105.8672,21.3278],[105.8975,21.3274],[105.8981,21.3065],[105.9311,21.2945],[105.9222,21.2726],[105.9386,21.2451],[105.9036,21.2251],[105.9156,21.2094],[105.9026,21.2012],[105.9237,21.1827],[105.9156,21.119],[105.9402,21.0834],[105.9579,21.0913],[105.9684,21.072],[105.9995,21.0745],[106.02,21.0475],[106.0012,21.0003],[105.9621,20.9892],[105.9645,20.9634],[105.9157,20.9751],[105.9036,20.9472],[105.9163,20.9192],[105.8947,20.8978],[105.9354,20.8686],[105.9127,20.8349],[105.9164,20.8047],[105.9684,20.7724],[105.9628,20.7202],[105.9744,20.6995],[106.0033,20.7038],[105.9975,20.6784],[105.958,20.6508],[105.9327,20.6801],[105.8961,20.6688],[105.879,20.6431],[105.8223,20.6645],[105.834,20.648],[105.8133,20.6337],[105.796,20.5686],[105.769,20.5645],[105.744,20.5983],[105.7043,20.6021],[105.7013,20.6215],[105.6666,20.617],[105.6868,20.6377],[105.6694,20.6759],[105.684,20.6927],[105.6616,20.7234],[105.6481,20.7937],[105.6306,20.7935],[105.6271,20.8157],[105.642,20.828],[105.5967,20.8418],[105.5835,20.8119],[105.5574,20.8037],[105.5879,20.8455],[105.5546,20.8794]]]]}},{"type":"Feature","properties":{"name":"Hà Tĩnh"},"geometry":{"type":"MultiPolygon","coordinates":[[[[106.1171,18.2804],[106.1171,18.2804],[106.1171,18.2804]]],[[[105.5517,18.082],[105.5401,18.082],[105.5344,18.1156],[105.5035,18.1288],[105.5127,18.15],[105.5014,18.1885],[105.4884,18.1767],[105.4911,18.2029],[105.4429,18.2043],[105.4096,18.1535],[105.3835,18.17],[105.3679,18.1609],[105.3204,18.2012],[105.3289,18.2643],[105.3104,18.2661],[105.3001,18.2355],[105.2993,18.2549],[105.2561,18.259],[105.2428,18.2963],[105.1844,18.3248],[105.1846,18.3863],[105.1516,18.3879],[105.1403,18.4196],[105.1208,18.4191],[105.1042,18.4459],[105.1159,18.539],[105.1585,18.6128],[105.2281,18.5924],[105.2815,18.6237],[105.3772,18.5784],[105.4348,18.5875],[105.4765,18.614],[105.5043,18.6103],[105.5463,18.5524],[105.5994,18.5771],[105.6312,18.5625],[105.6632,18.5849],[105.6786,18.5785],[105.7163,18.6676],[105.7673,18.6735],[105.7418,18.7428],[105.7722,18.7671],[105.8231,18.6059],[105.9155,18.4661],[105.9428,18.4713],[106.0035,18.3711],[106.1014,18.2754],[106.1604,18.2682],[106.2524,18.2153],[106.3618,18.1073],[106.4021,18.0991],[106.4162,18.1245],[106.4352,18.1222],[106.4211,18.0921],[106.4419,18.0447],[106.511,17.9599],[106.4503,17.9496],[106.4352,17.9728],[106.3404,17.9916],[106.2892,17.943],[106.2837,17.9104],[106.2403,17.9305],[106.169,17.9146],[106.0457,17.9467],[106.0778,17.9878],[106.0574,18.0164],[106.0184,18.0272],[105.9862,18.0638],[105.9505,18.0578],[105.9326,18.089],[105.82,18.0605],[105.8283,18.0311],[105.7775,18.0166],[105.7397,18.0367],[105.7062,17.9929],[105.6354,17.9914],[105.6141,18.0115],[105.5842,18.0105],[105.5711,18.084],[105.5517,18.082]]],[[[105.8572,18.7378],[105.8423,18.7327],[105.836,18.7461],[105.8509,18.7538],[105.8572,18.7378]]],[[[105.8452,18.7691],[105.8399,18.7539],[105.8262,18.7676],[105.8452,18.7691]]],[[[105.9823,18.7879],[105.9823,18.7879],[105.9823,18.7879]]],[[[105.9792,18.7886],[105.9792,18.7886],[105.9792,18.7886]]],[[[105.9527,18.8056],[105.9656,18.7898],[105.9527,18.8056],[105.9527,18.8056]]],[[[106.4622,18.1016],[106.4622,18.1016],[106.4622,18.1016]]],[[[106.4883,18.1172],[106.4883,18.1172],[106.4883,18.1172]]],[[[106.4894,18.1175],[106.4894,18.1175],[106.4894,18.1175]]],[[[106.1218,18.2809],[106.1218,18.2809],[106.1218,18.2809]]],[[[106.1703,18.3089],[106.1703,18.3089],[106.1703,18.3089]]],[[[106.1651,18.3113],[106.1651,18.3113],[106.1651,18.3113]]]]}},{"type":"Feature","properties":{"name":"Hải Phòng"},"geometry":{"type":"MultiPolygon","coordinates":[[[[106.8143,20.6663],[106.8143,20.6663],[106.8143,20.6663]]],[[[107.0151,20.7179],[107.0151,20.7179],[107.0151,20.7179]]],[[[107.0102,20.7241],[107.0102,20.7241],[107.0102,20.7241]]],[[[107.0038,20.7332],[107.0038,20.7332],[107.0038,20.7332]]],[[[107.0123,20.7419],[107.0123,20.7419],[107.0123,20.7419]]],[[[106.8383,20.7729],[106.8383,20.7729],[106.8383,20.7729]]],[[[106.5616,20.625],[106.5461,20.6267],[106.5289,20.6027],[106.4935,20.6167],[106.4716,20.5982],[106.4402,20.6601],[106.4005,20.6885],[106.4172,20.7168],[106.4075,20.7285],[106.3019,20.69],[106.2851,20.7116],[106.2898,20.6954],[106.2624,20.7043],[106.2492,20.6949],[106.2691,20.6851],[106.249,20.6867],[106.212,20.7303],[106.2152,20.7503],[106.1481,20.7849],[106.1244,20.8301],[106.1589,20.9512],[106.1351,20.9602],[106.1319,20.9993],[106.1679,20.9875],[106.167,20.9691],[106.2205,20.9958],[106.273,20.9917],[106.3106,21.0589],[106.2953,21.1083],[106.323,21.1476],[106.3105,21.19],[106.3457,21.1652],[106.4258,21.2317],[106.489,21.237],[106.5019,21.2244],[106.4841,21.1292],[106.4415,21.1169],[106.4473,21.07],[106.5171,21.0601],[106.5158,21.0461],[106.575,21.0573],[106.6239,21.0119],[106.6501,21.0195],[106.7521,20.9954],[106.7694,20.9655],[106.7714,20.9151],[106.7527,20.879],[106.7656,20.8497],[106.8331,20.812],[106.8736,20.8338],[106.9044,20.8049],[106.7643,20.7889],[106.8014,20.7223],[106.7913,20.7013],[106.8079,20.6747],[106.7674,20.7151],[106.7077,20.6856],[106.6946,20.6379],[106.6566,20.6124],[106.6014,20.6396],[106.5616,20.625]]],[[[106.934,20.8226],[106.9219,20.801],[106.9134,20.8183],[106.934,20.8226]]],[[[106.9351,20.8216],[106.9351,20.8216],[106.9351,20.8216]]],[[[106.9378,20.8274],[106.9378,20.8274],[106.9378,20.8274]]],[[[106.9341,20.8455],[106.9458,20.8341],[106.9274,20.8398],[106.9307,20.8287],[106.9101,20.8217],[106.9199,20.846],[106.9341,20.8455]]],[[[106.9357,20.8471],[106.9357,20.8471],[106.9357,20.8471]]],[[[106.9828,20.8482],[106.9828,20.8482],[106.9828,20.8482]]],[[[106.9446,20.8458],[106.9446,20.8458],[106.9446,20.8458]]],[[[106.9478,20.8517],[106.9478,20.8517],[106.9478,20.8517]]],[[[106.9421,20.8518],[106.9421,20.8518],[106.9421,20.8518]]],[[[106.949,20.8532],[106.949,20.8532],[106.949,20.8532]]],[[[106.948,20.8535],[106.948,20.8535],[106.948,20.8535]]],[[[106.9496,20.8567],[106.9496,20.8567],[106.9496,20.8567]]],[[[106.9479,20.8559],[106.9479,20.8559],[106.9479,20.8559]]],[[[106.9495,20.8583],[106.9495,20.8583],[106.9495,20.8583]]],[[[106.9454,20.8592],[106.9454,20.8592],[106.9454,20.8592]]],[[[107.0012,20.8622],[107.0012,20.8622],[107.0012,20.8622]]],[[[106.9594,20.8599],[106.9594,20.8599],[106.9594,20.8599]]],[[[107.0081,20.8617],[107.0081,20.8617],[107.0081,20.8617]]],[[[106.9846,20.8634],[106.9846,20.8634],[106.9846,20.8634]]],[[[106.9662,20.8751],[106.9772,20.8647],[106.9667,20.8585],[106.9662,20.8751]]],[[[106.9603,20.867],[106.9603,20.867],[106.9603,20.867]]],[[[106.9794,20.8699],[106.9794,20.8699],[106.9794,20.8699]]],[[[106.9446,20.867],[106.9446,20.867],[106.9446,20.867]]],[[[106.939,20.8709],[106.939,20.8709],[106.939,20.8709]]],[[[106.9408,20.871],[106.9408,20.871],[106.9408,20.871]]],[[[106.9453,20.8704],[106.9453,20.8704],[106.9453,20.8704]]],[[[106.9444,20.877],[106.9444,20.877],[106.9444,20.877]]],[[[106.9488,20.8782],[106.9488,20.8782],[106.9488,20.8782]]],[[[106.9474,20.8795],[106.9474,20.8795],[106.9474,20.8795]]],[[[107.0461,20.7006],[107.0461,20.7006],[107.0461,20.7006]]],[[[107.044,20.7047],[107.044,20.7047],[107.044,20.7047]]],[[[107.045,20.7067],[107.045,20.7067],[107.045,20.7067]]],[[[107.0384,20.7092],[107.0384,20.7092],[107.0384,20.7092]]],[[[107.022,20.7077],[107.022,20.7077],[107.022,20.7077]]],[[[107.0282,20.7076],[107.0282,20.7076],[107.0282,20.7076]]],[[[107.0421,20.7073],[107.0421,20.7073],[107.0421,20.7073]]],[[[107.0397,20.7084],[107.0397,20.7084],[107.0397,20.7084]]],[[[107.0277,20.7087],[107.0277,20.7087],[107.0277,20.7087]]],[[[107.0175,20.71],[107.0175,20.71],[107.0175,20.71]]],[[[107.0469,20.7117],[107.0469,20.7117],[107.0469,20.7117]]],[[[107.0437,20.7117],[107.0437,20.7117],[107.0437,20.7117]]],[[[107.051,20.7124],[107.051,20.7124],[107.051,20.7124]]],[[[107.0258,20.7106],[107.0258,20.7106],[107.0258,20.7106]]],[[[107.0163,20.717],[107.0163,20.717],[107.0163,20.717]]],[[[107.0577,20.7172],[107.0577,20.7172],[107.0577,20.7172]]],[[[107.0296,20.7183],[107.0296,20.7183],[107.0296,20.7183]]],[[[107.0279,20.7237],[107.0279,20.7237],[107.0279,20.7237]]],[[[107.0379,20.7277],[107.0379,20.7277],[107.0379,20.7277]]],[[[107.0216,20.7338],[107.0216,20.7338],[107.0216,20.7338]]],[[[107.0126,20.7382],[107.0126,20.7382],[107.0126,20.7382]]],[[[107.0591,20.7411],[107.0591,20.7411],[107.0591,20.7411]]],[[[107.063,20.7424],[107.063,20.7424],[107.063,20.7424]]],[[[107.0608,20.7541],[107.0608,20.7541],[107.0608,20.7541]]],[[[107.0588,20.7548],[107.0588,20.7548],[107.0588,20.7548]]],[[[107.0566,20.7591],[107.0566,20.7591],[107.0566,20.7591]]],[[[107.05,20.7589],[107.05,20.7589],[107.05,20.7589]]],[[[107.0515,20.7615],[107.0515,20.7615],[107.0515,20.7615]]],[[[107.0599,20.762],[107.0599,20.762],[107.0599,20.762]]],[[[107.0525,20.7628],[107.0525,20.7628],[107.0525,20.7628]]],[[[107.0571,20.7705],[107.0571,20.7705],[107.0571,20.7705]]],[[[106.9542,20.8736],[106.9592,20.8468],[106.9947,20.8617],[107.0161,20.8392],[107.0084,20.8607],[107.0349,20.8621],[107.0472,20.814],[107.0504,20.8352],[107.0651,20.8124],[107.0772,20.8239],[107.107,20.8023],[107.108,20.7867],[107.0778,20.8059],[107.1017,20.7799],[107.0849,20.7774],[107.054,20.8205],[107.0747,20.7854],[107.0563,20.7786],[107.0751,20.7794],[107.0498,20.7788],[107.0577,20.7666],[107.0458,20.7622],[107.0325,20.787],[107.0436,20.759],[107.0719,20.7459],[107.0661,20.7359],[107.055,20.7482],[107.0532,20.7142],[107.04,20.7315],[107.0175,20.7266],[107.0422,20.7364],[107.0158,20.7388],[107.0187,20.7498],[106.9969,20.749],[106.9991,20.728],[106.953,20.7932],[106.9182,20.7978],[106.9393,20.7986],[106.9286,20.7995],[106.9376,20.8175],[106.9486,20.8069],[106.9487,20.8299],[106.9379,20.8258],[106.9542,20.8736]]],[[[107.0603,20.8118],[107.0603,20.8118],[107.0603,20.8118]]],[[[107.0578,20.812],[107.0578,20.812],[107.0578,20.812]]],[[[107.0517,20.8294],[107.0517,20.8294],[107.0517,20.8294]]],[[[107.0523,20.8395],[107.0523,20.8395],[107.0523,20.8395]]],[[[107.0389,20.8551],[107.0389,20.8551],[107.0389,20.8551]]],[[[107.0696,20.6968],[107.0696,20.6968],[107.0696,20.6968]]],[[[107.0683,20.6977],[107.0683,20.6977],[107.0683,20.6977]]],[[[107.0642,20.7081],[107.0642,20.7081],[107.0642,20.7081]]],[[[107.0691,20.7084],[107.0691,20.7084],[107.0691,20.7084]]],[[[107.0657,20.713],[107.0657,20.713],[107.0657,20.713]]],[[[107.0667,20.7204],[107.0667,20.7204],[107.0667,20.7204]]],[[[107.0633,20.724],[107.0633,20.724],[107.0633,20.724]]],[[[107.0699,20.7243],[107.0699,20.7243],[107.0699,20.7243]]],[[[107.0678,20.729],[107.0678,20.729],[107.0678,20.729]]],[[[107.0666,20.7322],[107.0666,20.7322],[107.0666,20.7322]]],[[[107.0696,20.7343],[107.0696,20.7343],[107.0696,20.7343]]],[[[107.0617,20.7361],[107.0617,20.7361],[107.0617,20.7361]]],[[[107.0629,20.7392],[107.0629,20.7392],[107.0629,20.7392]]],[[[107.062,20.741],[107.062,20.741],[107.062,20.741]]],[[[107.0622,20.7543],[107.0622,20.7543],[107.0622,20.7543]]],[[[107.0647,20.756],[107.0647,20.756],[107.0647,20.756]]],[[[107.0642,20.7569],[107.0642,20.7569],[107.0642,20.7569]]],[[[107.0684,20.7608],[107.0684,20.7608],[107.0684,20.7608]]],[[[107.0713,20.7625],[107.0713,20.7625],[107.0713,20.7625]]],[[[107.0646,20.7641],[107.0646,20.7641],[107.0646,20.7641]]],[[[107.0619,20.7643],[107.0619,20.7643],[107.0619,20.7643]]],[[[107.0694,20.7657],[107.0694,20.7657],[107.0694,20.7657]]],[[[107.0646,20.768],[107.0646,20.768],[107.0646,20.768]]],[[[107.0708,20.7705],[107.0708,20.7705],[107.0708,20.7705]]],[[[107.0642,20.7721],[107.0642,20.7721],[107.0642,20.7721]]],[[[107.0706,20.8212],[107.0706,20.8212],[107.0706,20.8212]]],[[[107.0698,20.8214],[107.0698,20.8214],[107.0698,20.8214]]],[[[107.0697,20.8228],[107.0697,20.8228],[107.0697,20.8228]]],[[[107.0722,20.8253],[107.0722,20.8253],[107.0722,20.8253]]],[[[107.0619,20.8287],[107.0619,20.8287],[107.0619,20.8287]]],[[[107.0651,20.8276],[107.0651,20.8276],[107.0651,20.8276]]],[[[107.0681,20.8291],[107.0681,20.8291],[107.0681,20.8291]]],[[[107.0697,20.8302],[107.0697,20.8302],[107.0697,20.8302]]],[[[107.0666,20.8311],[107.0666,20.8311],[107.0666,20.8311]]],[[[107.0626,20.8318],[107.0626,20.8318],[107.0626,20.8318]]],[[[107.0656,20.8363],[107.0656,20.8363],[107.0656,20.8363]]],[[[107.0631,20.8376],[107.0631,20.8376],[107.0631,20.8376]]],[[[107.0766,20.7023],[107.0766,20.7023],[107.0766,20.7023]]],[[[107.0737,20.7049],[107.0737,20.7049],[107.0737,20.7049]]],[[[107.0714,20.7196],[107.0714,20.7196],[107.0714,20.7196]]],[[[107.0827,20.7191],[107.0827,20.7191],[107.0827,20.7191]]],[[[107.0802,20.7278],[107.0802,20.7278],[107.0802,20.7278]]],[[[107.0867,20.7301],[107.0867,20.7301],[107.0867,20.7301]]],[[[107.0845,20.7329],[107.0845,20.7329],[107.0845,20.7329]]],[[[107.0788,20.7348],[107.0788,20.7348],[107.0788,20.7348]]],[[[107.0798,20.7406],[107.0798,20.7406],[107.0798,20.7406]]],[[[107.0711,20.7445],[107.0711,20.7445],[107.0711,20.7445]]],[[[107.0838,20.7473],[107.0838,20.7473],[107.0838,20.7473]]],[[[107.0743,20.7565],[107.0743,20.7565],[107.0743,20.7565]]],[[[107.0745,20.7567],[107.0745,20.7567],[107.0745,20.7567]]],[[[107.0793,20.7574],[107.0793,20.7574],[107.0793,20.7574]]],[[[107.0888,20.7578],[107.0888,20.7578],[107.0888,20.7578]]],[[[107.0793,20.7593],[107.0793,20.7593],[107.0793,20.7593]]],[[[107.0748,20.7603],[107.0748,20.7603],[107.0748,20.7603]]],[[[107.0855,20.7631],[107.0855,20.7631],[107.0855,20.7631]]],[[[107.0766,20.7614],[107.0766,20.7614],[107.0766,20.7614]]],[[[107.0725,20.7628],[107.0725,20.7628],[107.0725,20.7628]]],[[[107.0758,20.764],[107.0758,20.764],[107.0758,20.764]]],[[[107.0969,20.7666],[107.0969,20.7666],[107.0969,20.7666]]],[[[107.0794,20.7685],[107.0794,20.7685],[107.0794,20.7685]]],[[[107.0732,20.7676],[107.0732,20.7676],[107.0732,20.7676]]],[[[107.0857,20.7744],[107.0937,20.7648],[107.0857,20.7744],[107.0857,20.7744]]],[[[107.1002,20.7706],[107.1002,20.7706],[107.1002,20.7706]]],[[[107.0757,20.7743],[107.0757,20.7743],[107.0757,20.7743]]],[[[107.0959,20.7732],[107.0959,20.7732],[107.0959,20.7732]]],[[[107.077,20.7734],[107.077,20.7734],[107.077,20.7734]]],[[[107.0992,20.7751],[107.0992,20.7751],[107.0992,20.7751]]],[[[107.0764,20.7759],[107.0764,20.7759],[107.0764,20.7759]]],[[[107.0974,20.7774],[107.0974,20.7774],[107.0974,20.7774]]],[[[107.078,20.7768],[107.078,20.7768],[107.078,20.7768]]],[[[107.0965,20.7932],[107.0965,20.7932],[107.0965,20.7932]]],[[[107.0914,20.8177],[107.0914,20.8177],[107.0914,20.8177]]],[[[107.0726,20.8192],[107.0726,20.8192],[107.0726,20.8192]]],[[[107.0729,20.8252],[107.0729,20.8252],[107.0729,20.8252]]],[[[107.7441,20.1579],[107.725,20.1194],[107.6792,20.1231],[107.7327,20.1639],[107.7457,20.1704],[107.7441,20.1579]]],[[[107.1626,20.6123],[107.1626,20.6123],[107.1626,20.6123]]],[[[107.1634,20.6133],[107.1634,20.6133],[107.1634,20.6133]]],[[[107.1663,20.6139],[107.1663,20.6139],[107.1663,20.6139]]],[[[107.1728,20.6143],[107.1728,20.6143],[107.1728,20.6143]]],[[[107.1474,20.6142],[107.1474,20.6142],[107.1474,20.6142]]],[[[107.1673,20.6154],[107.1673,20.6154],[107.1673,20.6154]]],[[[107.2074,20.6147],[107.2074,20.6147],[107.2074,20.6147]]],[[[107.2107,20.6159],[107.2107,20.6159],[107.2107,20.6159]]],[[[107.1466,20.6157],[107.1466,20.6157],[107.1466,20.6157]]],[[[107.2125,20.6157],[107.2125,20.6157],[107.2125,20.6157]]],[[[107.1379,20.6166],[107.1379,20.6166],[107.1379,20.6166]]],[[[107.1705,20.6153],[107.1705,20.6153],[107.1705,20.6153]]],[[[107.13,20.6162],[107.13,20.6162],[107.13,20.6162]]],[[[107.2086,20.6166],[107.2086,20.6166],[107.2086,20.6166]]],[[[107.2064,20.6177],[107.2064,20.6177],[107.2064,20.6177]]],[[[107.1419,20.6154],[107.1419,20.6154],[107.1419,20.6154]]],[[[107.2091,20.6176],[107.2091,20.6176],[107.2091,20.6176]]],[[[107.1362,20.6212],[107.1362,20.6212],[107.1362,20.6212]]],[[[107.1335,20.6221],[107.1335,20.6221],[107.1335,20.6221]]],[[[107.1353,20.6219],[107.1353,20.6219],[107.1353,20.6219]]],[[[107.2026,20.6236],[107.2026,20.6236],[107.2026,20.6236]]],[[[107.1579,20.6268],[107.1579,20.6268],[107.1579,20.6268]]],[[[107.146,20.6257],[107.146,20.6257],[107.146,20.6257]]],[[[107.1344,20.6277],[107.1344,20.6277],[107.1344,20.6277]]],[[[107.1609,20.6269],[107.1609,20.6269],[107.1609,20.6269]]],[[[107.133,20.6518],[107.133,20.6518],[107.133,20.6518]]],[[[107.1319,20.652],[107.1319,20.652],[107.1319,20.652]]],[[[107.1366,20.654],[107.1366,20.654],[107.1366,20.654]]],[[[107.1051,20.7715],[107.1051,20.7715],[107.1051,20.7715]]],[[[107.1,20.7828],[107.1,20.7828],[107.1,20.7828]]],[[[107.1042,20.7868],[107.1042,20.7868],[107.1042,20.7868]]],[[[107.1038,20.7876],[107.1038,20.7876],[107.1038,20.7876]]],[[[107.1049,20.7903],[107.1049,20.7903],[107.1049,20.7903]]],[[[107.1007,20.8042],[107.1007,20.8042],[107.1007,20.8042]]],[[[107.1049,20.8088],[107.1049,20.8088],[107.1049,20.8088]]]]}},{"type":"Feature","properties":{"name":"Huế"},"geometry":{"type":"MultiPolygon","coordinates":[[[[107.3133,16.0783],[107.2458,16.1475],[107.2241,16.1373],[107.1587,16.1702],[107.1445,16.214],[107.1522,16.2629],[107.0877,16.3119],[107.0461,16.3004],[107.0292,16.3107],[107.016,16.3612],[107.0551,16.3859],[107.0583,16.4478],[107.1049,16.4399],[107.1359,16.4553],[107.1196,16.4868],[107.0586,16.5187],[107.0614,16.5462],[107.1218,16.5513],[107.1407,16.5718],[107.1839,16.5807],[107.2451,16.5872],[107.271,16.5662],[107.2886,16.5766],[107.3286,16.6085],[107.3072,16.6397],[107.3233,16.6532],[107.3298,16.6416],[107.3187,16.6623],[107.3889,16.7432],[107.5549,16.6152],[107.7105,16.5247],[107.9725,16.3209],[108.0095,16.3139],[108.0254,16.3261],[108.019,16.3431],[108.0342,16.3359],[108.0905,16.2271],[108.1945,16.2096],[108.1187,16.1811],[108.0581,16.1792],[107.9881,16.214],[107.9554,16.1893],[107.9054,16.214],[107.8676,16.1843],[107.8746,16.1593],[107.8588,16.1534],[107.8559,16.1139],[107.8272,16.0905],[107.8152,16.0533],[107.774,16.0669],[107.7067,15.9952],[107.6208,16.0321],[107.6193,16.0636],[107.5535,16.0445],[107.5607,16.0217],[107.5459,16.0105],[107.5114,16.0164],[107.4904,16.0411],[107.459,16.0285],[107.445,16.0536],[107.4627,16.0755],[107.4488,16.0913],[107.4101,16.0839],[107.3988,16.0626],[107.3779,16.0746],[107.3355,16.0557],[107.3133,16.0783]]]]}},{"type":"Feature","properties":{"name":"Hưng Yên"},"geometry":{"type":"MultiPolygon","coordinates":[[[[106.6042,20.4386],[106.5968,20.4164],[106.6042,20.4386],[106.6042,20.4386]]],[[[106.6006,20.4924],[106.6042,20.4676],[106.6006,20.4924],[106.6006,20.4924]]],[[[106.2662,20.3265],[106.2521,20.3484],[106.2837,20.3985],[106.2108,20.4218],[106.2255,20.4677],[106.1812,20.4878],[106.1675,20.5573],[106.1333,20.5732],[106.1087,20.6174],[106.0574,20.6088],[106.0324,20.6403],[106.0259,20.6947],[105.9664,20.71],[105.9684,20.7724],[105.9247,20.7891],[105.9119,20.8191],[105.936,20.8671],[105.8949,20.8956],[105.9163,20.9192],[105.9036,20.9472],[105.9157,20.9751],[105.9645,20.9634],[105.9621,20.9892],[105.9946,21.0014],[106.077,20.9954],[106.0898,21.0071],[106.1157,20.9958],[106.1351,20.9602],[106.1589,20.9513],[106.1554,20.9173],[106.1363,20.9036],[106.1468,20.883],[106.1263,20.8481],[106.14,20.8176],[106.1308,20.8069],[106.2152,20.7503],[106.212,20.7303],[106.249,20.6867],[106.2691,20.6851],[106.2492,20.6949],[106.2624,20.7043],[106.2898,20.6954],[106.2851,20.7116],[106.3019,20.69],[106.4075,20.7285],[106.4172,20.7168],[106.4005,20.6885],[106.4402,20.6601],[106.4716,20.5982],[106.4935,20.6167],[106.5289,20.6027],[106.5461,20.6267],[106.5695,20.6199],[106.6014,20.6396],[106.6566,20.6124],[106.5851,20.5502],[106.6009,20.4463],[106.5773,20.368],[106.6153,20.3059],[106.5926,20.2403],[106.5293,20.3155],[106.474,20.2906],[106.4423,20.2935],[106.3407,20.3771],[106.2662,20.3265]]]]}},{"type":"Feature","properties":{"name":"Khánh Hòa"},"geometry":{"type":"MultiPolygon","coordinates":[[[[109.1472,11.5785],[109.1472,11.5785],[109.1472,11.5785]]],[[[109.1759,11.6472],[109.1759,11.6472],[109.1759,11.6472]]],[[[109.2207,11.7149],[109.2207,11.7149],[109.2207,11.7149]]],[[[108.8746,11.3355],[108.8638,11.3339],[108.877,11.354],[108.8578,11.3543],[108.8437,11.3762],[108.7846,11.3879],[108.7569,11.4113],[108.7616,11.4697],[108.7126,11.4607],[108.6794,11.4725],[108.643,11.5498],[108.5827,11.5555],[108.5521,11.6014],[108.5624,11.6423],[108.6696,11.6636],[108.7012,11.7006],[108.6904,11.7343],[108.6672,11.748],[108.6719,11.7849],[108.6194,11.8037],[108.6529,11.844],[108.662,11.9617],[108.7123,12.0612],[108.7046,12.0921],[108.6736,12.1213],[108.7291,12.1621],[108.7096,12.1894],[108.7218,12.218],[108.6993,12.2456],[108.7076,12.2993],[108.6799,12.3175],[108.6893,12.3731],[108.6693,12.4227],[108.7009,12.4735],[108.7154,12.4843],[108.7393,12.4751],[108.7761,12.5059],[108.7994,12.4803],[108.8703,12.4533],[108.8783,12.4798],[108.8582,12.492],[108.8973,12.5643],[108.8616,12.6061],[108.9113,12.6404],[108.9028,12.6764],[108.9427,12.6943],[108.9781,12.6823],[109.0387,12.7453],[109.0874,12.7443],[109.1162,12.7979],[109.1397,12.7815],[109.1672,12.8266],[109.2076,12.8298],[109.2274,12.8125],[109.2548,12.838],[109.3198,12.8355],[109.3653,12.8687],[109.3884,12.8431],[109.3571,12.8216],[109.3759,12.7501],[109.4031,12.7023],[109.4175,12.7042],[109.4257,12.6695],[109.46,12.659],[109.4348,12.6402],[109.4403,12.5682],[109.3974,12.6071],[109.39,12.6295],[109.4097,12.6379],[109.3965,12.6841],[109.3933,12.6689],[109.3682,12.6724],[109.3641,12.642],[109.3506,12.6627],[109.3378,12.6516],[109.3287,12.663],[109.3799,12.713],[109.3531,12.7632],[109.3524,12.799],[109.3358,12.7969],[109.3243,12.764],[109.2272,12.6927],[109.2146,12.6488],[109.1902,12.6292],[109.2053,12.6158],[109.1965,12.5695],[109.2319,12.5934],[109.2435,12.5861],[109.2301,12.5465],[109.2389,12.5092],[109.2961,12.4789],[109.2897,12.4279],[109.3419,12.3967],[109.3275,12.3728],[109.3078,12.3882],[109.2928,12.3459],[109.2616,12.3618],[109.2441,12.4048],[109.1781,12.4555],[109.1567,12.4236],[109.1635,12.4046],[109.1983,12.3986],[109.2016,12.3366],[109.2427,12.3058],[109.2032,12.2824],[109.1984,12.2357],[109.218,12.2041],[109.1981,12.1662],[109.2237,12.1412],[109.1966,12.1176],[109.1951,12.0909],[109.2419,11.9881],[109.2842,11.9539],[109.2583,11.9237],[109.2813,11.8799],[109.2715,11.8621],[109.2485,11.8523],[109.2393,11.8759],[109.2148,11.8827],[109.1799,11.8561],[109.1816,11.8173],[109.1954,11.8108],[109.1875,11.7887],[109.2278,11.7557],[109.2334,11.7273],[109.206,11.7144],[109.1966,11.7254],[109.2034,11.7072],[109.1288,11.5632],[109.0917,11.5874],[109.0275,11.5785],[109.0349,11.5497],[109.0122,11.514],[109.0055,11.4047],[109.019,11.3601],[108.9325,11.3073],[108.8746,11.3355]]],[[[109.2223,11.7707],[109.2223,11.7707],[109.2223,11.7707]]],[[[109.2202,11.7837],[109.2208,11.7718],[109.2202,11.7837],[109.2202,11.7837]]],[[[109.2086,11.7899],[109.2086,11.7899],[109.2086,11.7899]]],[[[109.2028,11.8159],[109.2028,11.8159],[109.2028,11.8159]]],[[[109.227,11.8462],[109.2393,11.8384],[109.2465,11.8511],[109.2524,11.8372],[109.2354,11.8281],[109.227,11.8462]]],[[[109.2686,11.8602],[109.2686,11.8602],[109.2686,11.8602]]],[[[109.2718,11.8616],[109.2718,11.8616],[109.2718,11.8616]]],[[[109.2382,11.8691],[109.2382,11.8691],[109.2382,11.8691]]],[[[109.2741,11.9314],[109.2741,11.9314],[109.2741,11.9314]]],[[[109.2726,11.9309],[109.2726,11.9309],[109.2726,11.9309]]],[[[109.2711,11.9329],[109.2711,11.9329],[109.2711,11.9329]]],[[[109.2698,11.9328],[109.2698,11.9328],[109.2698,11.9328]]],[[[109.2809,11.9363],[109.2809,11.9363],[109.2809,11.9363]]],[[[109.3215,12.0047],[109.3215,12.0047],[109.3215,12.0047]]],[[[109.3246,12.03],[109.3246,12.03],[109.3246,12.03]]],[[[109.3249,12.0334],[109.3249,12.0334],[109.3249,12.0334]]],[[[109.3271,12.0441],[109.325,12.0339],[109.3271,12.0441],[109.3271,12.0441]]],[[[109.3286,12.0459],[109.3286,12.0459],[109.3286,12.0459]]],[[[109.3272,12.0482],[109.3272,12.0482],[109.3272,12.0482]]],[[[109.3177,12.1634],[109.3177,12.1634],[109.3177,12.1634]]],[[[109.3129,12.1666],[109.2972,12.1704],[109.3129,12.1666],[109.3129,12.1666]]],[[[109.2078,12.1682],[109.2078,12.1682],[109.2078,12.1682]]],[[[109.2098,12.1686],[109.2098,12.1686],[109.2098,12.1686]]],[[[109.2084,12.1684],[109.2084,12.1684],[109.2084,12.1684]]],[[[109.3125,12.1705],[109.3125,12.1705],[109.3125,12.1705]]],[[[109.252,12.1701],[109.2346,12.1776],[109.252,12.1701],[109.252,12.1701]]],[[[109.2742,12.1737],[109.2742,12.1737],[109.2742,12.1737]]],[[[109.2273,12.1947],[109.226,12.1825],[109.2273,12.1947],[109.2273,12.1947]]],[[[109.2731,12.231],[109.2973,12.23],[109.3068,12.2129],[109.3286,12.2216],[109.3356,12.1939],[109.2988,12.1922],[109.3021,12.2071],[109.2952,12.182],[109.2773,12.1839],[109.2304,12.226],[109.2601,12.2176],[109.2731,12.231]]],[[[109.2173,12.266],[109.2173,12.266],[109.2173,12.266]]],[[[109.2079,12.2664],[109.2079,12.2664],[109.2079,12.2664]]],[[[109.2457,12.288],[109.2457,12.288],[109.2457,12.288]]],[[[109.2115,12.3593],[109.2115,12.3593],[109.2115,12.3593]]],[[[109.2051,12.363],[109.2051,12.363],[109.2051,12.363]]],[[[109.2174,12.3872],[109.2174,12.3872],[109.2174,12.3872]]],[[[109.2376,12.3947],[109.2352,12.3808],[109.2211,12.388],[109.2376,12.3947]]],[[[109.2225,12.3988],[109.2225,12.3988],[109.2225,12.3988]]],[[[109.2026,12.4022],[109.2026,12.4022],[109.2026,12.4022]]],[[[109.2162,12.4028],[109.2162,12.4028],[109.2162,12.4028]]],[[[109.1739,12.4117],[109.1739,12.4117],[109.1739,12.4117]]],[[[109.3074,12.476],[109.3074,12.476],[109.3074,12.476]]],[[[109.3048,12.4906],[109.2916,12.4856],[109.3048,12.4906],[109.3048,12.4906]]],[[[109.3275,12.4931],[109.3275,12.4931],[109.3275,12.4931]]],[[[109.305,12.5977],[109.305,12.5977],[109.305,12.5977]]],[[[109.2973,12.6347],[109.2973,12.6347],[109.2973,12.6347]]],[[[109.309,12.637],[109.309,12.637],[109.309,12.637]]],[[[109.2956,12.64],[109.2956,12.64],[109.2956,12.64]]],[[[109.3246,12.6395],[109.3246,12.6395],[109.3246,12.6395]]],[[[109.2169,12.6415],[109.2169,12.6415],[109.2169,12.6415]]],[[[109.3163,12.6416],[109.3163,12.6416],[109.3163,12.6416]]],[[[109.2183,12.6494],[109.2183,12.6494],[109.2183,12.6494]]],[[[109.2629,12.6766],[109.2629,12.6766],[109.2629,12.6766]]],[[[109.2845,12.6992],[109.2845,12.6992],[109.2845,12.6992]]],[[[109.2896,12.7035],[109.2896,12.7035],[109.2896,12.7035]]],[[[109.3107,12.72],[109.2947,12.7112],[109.3107,12.72],[109.3107,12.72]]],[[[109.3215,12.7293],[109.3215,12.7293],[109.3215,12.7293]]],[[[109.3312,12.7395],[109.3312,12.7395],[109.3312,12.7395]]],[[[109.3041,12.7503],[109.3041,12.7503],[109.3041,12.7503]]],[[[111.5711,7.5682],[111.5501,7.5135],[111.5291,7.5114],[111.5401,7.5708],[111.5711,7.5682]]],[[[111.614,7.5688],[111.5946,7.5709],[111.6209,7.5859],[111.614,7.5688]]],[[[111.7001,7.6452],[111.6588,7.6092],[111.6474,7.6141],[111.6601,7.6386],[111.7001,7.6452]]],[[[111.5608,7.645],[111.5436,7.6401],[111.5433,7.664],[111.5608,7.645]]],[[[111.727,7.6608],[111.7188,7.6683],[111.727,7.6608],[111.727,7.6608]]],[[[111.7144,7.6711],[111.7021,7.6778],[111.7144,7.6711],[111.7144,7.6711]]],[[[111.7569,7.6885],[111.7389,7.6706],[111.7487,7.6986],[111.7569,7.6885]]],[[[111.7581,7.7338],[111.7462,7.7373],[111.7581,7.7338],[111.7581,7.7338]]],[[[111.7536,7.7749],[111.7446,7.7553],[111.7316,7.7753],[111.743,7.7915],[111.7536,7.7749]]],[[[110.5218,7.8508],[110.4913,7.8088],[110.444,7.8028],[110.4787,7.8511],[110.5218,7.8508]]],[[[111.744,7.8669],[111.7434,7.8352],[111.7237,7.8529],[111.737,7.8803],[111.744,7.8669]]],[[[111.7363,7.9387],[111.7382,7.9247],[111.7185,7.9198],[111.6988,7.9407],[111.7363,7.9387]]],[[[110.619,8.0759],[110.6394,8.0465],[110.6177,8.0029],[110.5876,8.0447],[110.5986,8.0726],[110.619,8.0759]],[[110.5957,8.0525],[110.5962,8.0342],[110.6127,8.0325],[110.6062,8.0195],[110.6233,8.02],[110.6153,8.0519],[110.5957,8.0525]]],[[[110.5026,8.0717],[110.4913,8.0686],[110.5026,8.0717],[110.5026,8.0717]]],[[[110.4666,8.0763],[110.4666,8.0763],[110.4666,8.0763]]],[[[110.5575,8.116],[110.5323,8.1052],[110.5575,8.116],[110.5575,8.116]]],[[[110.4489,8.1513],[110.4565,8.1406],[110.4368,8.1418],[110.4489,8.1513]]],[[[110.4849,8.1671],[110.4849,8.1671],[110.4849,8.1671]]],[[[112.0501,8.1957],[112.0397,8.1291],[111.9667,8.1244],[111.9421,8.1375],[111.9506,8.1638],[111.9951,8.176],[112.0122,8.2041],[112.0501,8.1957]]],[[[110.5659,8.2105],[110.5827,8.2064],[110.5831,8.1731],[110.5568,8.1746],[110.5383,8.1975],[110.4942,8.1753],[110.5248,8.2028],[110.5659,8.2105]]],[[[111.4728,8.6183],[111.5018,8.6023],[111.5072,8.5569],[111.4708,8.5182],[111.4208,8.5088],[111.4208,8.5576],[111.4579,8.5776],[111.4728,8.6183]]],[[[111.9157,8.642],[111.9157,8.642],[111.9157,8.642]],[[111.9222,8.6461],[111.9222,8.6461],[111.9222,8.6461]]],[[[111.6929,8.6913],[111.6786,8.6684],[111.6428,8.6715],[111.6929,8.6913]],[[111.6842,8.682],[111.6842,8.682],[111.6842,8.682]]],[[[112.5602,8.8159],[112.5602,8.8159],[112.5602,8.8159]]],[[[112.5551,8.8436],[112.6165,8.8429],[112.6747,8.822],[112.567,8.8035],[112.5559,8.815],[112.6546,8.8213],[112.5912,8.8371],[112.5558,8.8179],[112.5551,8.8436]]],[[[112.2225,8.8281],[112.2225,8.8281],[112.2225,8.8281]]],[[[112.1893,8.8517],[112.1893,8.8517],[112.1893,8.8517]]],[[[112.2196,8.8788],[112.1826,8.8593],[112.1935,8.8366],[112.1755,8.8412],[112.1872,8.8683],[112.2196,8.8788]]],[[[112.1928,8.8607],[112.1928,8.8607],[112.1928,8.8607]]],[[[112.8334,8.8698],[112.8627,8.8582],[112.8276,8.8568],[112.8116,8.8726],[112.8334,8.8698]]],[[[112.2008,8.8636],[112.2008,8.8636],[112.2008,8.8636]]],[[[112.2061,8.8706],[112.2061,8.8706],[112.2061,8.8706]]],[[[112.2608,8.8865],[112.2517,8.8572],[112.2622,8.8808],[112.2428,8.8871],[112.2608,8.8865]]],[[[112.23,8.87],[112.23,8.87],[112.23,8.87]]],[[[112.2537,8.877],[112.2537,8.877],[112.2537,8.877]]],[[[112.3575,8.9341],[112.3437,8.9325],[112.3575,8.9341],[112.3575,8.9341]]],[[[112.5015,9.6027],[112.5015,9.5525],[112.4222,9.4837],[112.3752,9.4058],[112.3372,9.4036],[112.3184,9.4445],[112.4184,9.6139],[112.4562,9.6194],[112.5015,9.6027]]],[[[109.3454,12.1894],[109.3454,12.1894],[109.3454,12.1894]]],[[[109.3422,12.1908],[109.3422,12.1908],[109.3422,12.1908]]],[[[109.3412,12.191],[109.3412,12.191],[109.3412,12.191]]],[[[109.3363,12.1944],[109.3363,12.1944],[109.3363,12.1944]]],[[[109.3624,12.274],[109.3624,12.274],[109.3624,12.274]]],[[[109.3705,12.2773],[109.3705,12.2773],[109.3705,12.2773]]],[[[109.3715,12.2791],[109.3715,12.2791],[109.3715,12.2791]]],[[[109.3696,12.2854],[109.3696,12.2854],[109.3696,12.2854]]],[[[109.3738,12.3614],[109.3738,12.3614],[109.3738,12.3614]]],[[[109.3779,12.4767],[109.3779,12.4767],[109.3779,12.4767]]],[[[109.3605,12.4825],[109.3465,12.4894],[109.3605,12.4825],[109.3605,12.4825]]],[[[109.3938,12.5479],[109.3938,12.5479],[109.3938,12.5479]]],[[[109.4602,12.5649],[109.4602,12.5649],[109.4602,12.5649]]],[[[109.3288,12.6365],[109.385,12.6237],[109.4084,12.5504],[109.3389,12.5895],[109.3329,12.6081],[109.3083,12.6108],[109.3046,12.6301],[109.3288,12.6365]]],[[[109.4471,12.5974],[109.4471,12.5974],[109.4471,12.5974]]],[[[109.4384,12.6108],[109.4384,12.6108],[109.4384,12.6108]]],[[[109.438,12.6198],[109.438,12.6198],[109.438,12.6198]]],[[[109.4369,12.6199],[109.4369,12.6199],[109.4369,12.6199]]],[[[109.4371,12.6214],[109.4371,12.6214],[109.4371,12.6214]]],[[[109.3754,12.6469],[109.3754,12.6469],[109.3754,12.6469]]],[[[109.3482,12.644],[109.3401,12.6513],[109.3482,12.644],[109.3482,12.644]]],[[[109.3985,12.6539],[109.4026,12.6431],[109.3985,12.6539],[109.3985,12.6539]]],[[[109.4686,12.6518],[109.4686,12.6518],[109.4686,12.6518]]],[[[109.4039,12.6573],[109.4039,12.6573],[109.4039,12.6573]]],[[[109.369,12.7081],[109.369,12.7081],[109.369,12.7081]]],[[[109.3434,12.7535],[109.3434,12.7535],[109.3434,12.7535]]],[[[113.8667,7.4097],[113.8544,7.3942],[113.8609,7.4075],[113.8311,7.4039],[113.853,7.3957],[113.8411,7.3915],[113.8038,7.4011],[113.8667,7.4097]]],[[[114.0475,7.6075],[114.0365,7.6069],[114.0475,7.6075],[114.0475,7.6075]]],[[[114.0983,7.6094],[114.061,7.6017],[114.0983,7.6094],[114.0983,7.6094]]],[[[114.167,7.619],[114.139,7.6052],[114.167,7.619],[114.167,7.619]]],[[[114.0312,7.6131],[114.0312,7.6131],[114.0312,7.6131]]],[[[114.1167,7.6142],[114.1167,7.6142],[114.1167,7.6142]]],[[[114.131,7.6152],[114.131,7.6152],[114.131,7.6152]]],[[[114.0215,7.6224],[114.0215,7.6224],[114.0215,7.6224]]],[[[114.0061,7.6274],[114.0061,7.6274],[114.0061,7.6274]]],[[[114.1875,7.6253],[114.1756,7.6297],[114.1899,7.6356],[114.1875,7.6253]]],[[[113.9556,7.63],[113.9556,7.63],[113.9556,7.63]]],[[[113.9619,7.6323],[113.9619,7.6323],[113.9619,7.6323]]],[[[113.9617,7.6335],[113.9617,7.6335],[113.9617,7.6335]]],[[[113.9646,7.634],[113.9646,7.634],[113.9646,7.634]]],[[[113.9464,7.6568],[113.9748,7.6406],[113.9481,7.6463],[113.9573,7.6324],[113.9425,7.627],[113.9344,7.6542],[113.9464,7.6568]]],[[[113.8468,7.6531],[113.8319,7.6365],[113.7663,7.6311],[113.8468,7.6531]],[[113.8283,7.6479],[113.7807,7.6313],[113.8283,7.6479],[113.8283,7.6479]]],[[[114.1958,7.6458],[114.1958,7.6458],[114.1958,7.6458]]],[[[114.2027,7.6544],[114.2027,7.6544],[114.2027,7.6544]]],[[[114.214,7.6753],[114.214,7.6753],[114.214,7.6753]]],[[[114.2243,7.6806],[114.2243,7.6806],[114.2243,7.6806]]],[[[114.2443,7.6906],[114.2443,7.6906],[114.2443,7.6906]]],[[[114.1583,7.7567],[114.184,7.7161],[114.1401,7.7425],[114.0005,7.6363],[114.0057,7.6728],[114.0307,7.6768],[114.126,7.7598],[114.1583,7.7567]],[[114.1655,7.7254],[114.1645,7.7397],[114.1655,7.7254],[114.1655,7.7254]]],[[[114.1569,7.7215],[114.1569,7.7215],[114.1569,7.7215]]],[[[114.2148,7.7496],[114.1931,7.7336],[114.1782,7.7469],[114.201,7.7633],[114.2148,7.7496]],[[114.2014,7.7485],[114.2014,7.7485],[114.2014,7.7485]]],[[[114.2008,7.7702],[114.2008,7.7702],[114.2008,7.7702]]],[[[114.2206,7.7682],[114.203,7.7765],[114.2192,7.7828],[114.2206,7.7682]]],[[[114.2759,7.8639],[114.2559,7.8253],[114.2665,7.8025],[114.2323,7.8048],[114.2324,7.7753],[114.2243,7.802],[114.2508,7.8173],[114.2759,7.8639]]],[[[112.9232,7.8919],[112.9167,7.8998],[112.9232,7.8919],[112.9232,7.8919]],[[112.9215,7.8935],[112.9215,7.8935],[112.9215,7.8935]]],[[[113.9835,7.9483],[113.9854,7.9609],[113.9835,7.9483],[113.9835,7.9483]]],[[[113.9242,8.0154],[113.9654,7.9527],[113.9488,7.9482],[113.9389,7.9744],[113.8938,8.008],[113.9242,8.0154]],[[113.903,8.0063],[113.9318,7.9836],[113.9247,8.0098],[113.903,8.0063]],[[113.9505,7.9539],[113.9505,7.9539],[113.9505,7.9539]]],[[[114.1517,8.1003],[114.1273,8.0799],[114.1305,8.0978],[114.1517,8.1003]]],[[[113.3661,8.2742],[113.3267,8.1742],[113.2265,8.0801],[113.3022,8.1944],[113.3432,8.2285],[113.3623,8.2929],[113.3661,8.2742]],[[113.3407,8.2163],[113.3018,8.1842],[113.2603,8.1075],[113.3252,8.1745],[113.3407,8.2163]]],[[[114.1784,8.7418],[114.2,8.7297],[114.2104,8.6861],[114.1824,8.6643],[114.1579,8.7384],[114.1784,8.7418]],[[114.1724,8.727],[114.1851,8.6716],[114.2024,8.6858],[114.1949,8.728],[114.1724,8.727]]],[[[114.0103,8.7709],[114.0103,8.7709],[114.0103,8.7709]]],[[[114.0317,8.7706],[114.0317,8.7706],[114.0317,8.7706]]],[[[114.0335,8.7703],[114.0335,8.7703],[114.0335,8.7703]]],[[[113.9953,8.7771],[113.9953,8.7771],[113.9953,8.7771]]],[[[113.9902,8.7816],[113.9902,8.7816],[113.9902,8.7816]]],[[[113.9775,8.7865],[113.9775,8.7865],[113.9775,8.7865]]],[[[113.9695,8.7902],[113.9695,8.7902],[113.9695,8.7902]]],[[[113.9694,8.8284],[114.0333,8.8157],[114.0639,8.7651],[114.0291,8.8058],[113.9599,8.8202],[113.9694,8.8284]]],[[[113.9554,8.7988],[113.9554,8.7988],[113.9554,8.7988]]],[[[113.9321,8.8089],[113.9321,8.8089],[113.9321,8.8089]]],[[[113.925,8.8102],[113.925,8.8102],[113.925,8.8102]]],[[[113.9165,8.8305],[113.9173,8.8113],[113.9041,8.8193],[113.9165,8.8305]]],[[[113.9198,8.8341],[113.9471,8.8222],[113.9198,8.8341],[113.9198,8.8341]]],[[[113.7164,8.9794],[113.6884,8.9516],[113.6459,8.9466],[113.6633,8.9664],[113.7164,8.9794]],[[113.6942,8.9629],[113.6566,8.9528],[113.6942,8.9629],[113.6942,8.9629]]],[[[113.6717,9.2124],[113.6717,9.2124],[113.6717,9.2124]]],[[[114.1471,9.3835],[114.1422,9.4106],[114.1622,9.437],[114.2109,9.4217],[114.2485,9.3697],[114.2383,9.3279],[114.2021,9.3381],[114.1471,9.3835]]],[[[112.908,9.5997],[112.9161,9.5913],[112.8835,9.5714],[112.908,9.5997]],[[112.8981,9.5856],[112.8981,9.5856],[112.8981,9.5856]]],[[[112.9189,9.6171],[112.9189,9.6171],[112.9189,9.6171]]],[[[112.9315,9.6322],[112.9315,9.6322],[112.9315,9.6322]]],[[[112.9949,9.6972],[112.9839,9.6881],[112.9949,9.6972],[112.9949,9.6972]]],[[[113.8693,10.1174],[113.85,9.9984],[113.8465,10.068],[113.8573,10.1259],[113.8693,10.1174]],[[113.8568,10.067],[113.8586,10.0781],[113.8568,10.067],[113.8568,10.067]],[[113.8512,10.0177],[113.8546,10.0302],[113.8512,10.0177],[113.8512,10.0177]]],[[[114.227,10.2018],[114.2262,10.2188],[114.227,10.2018],[114.227,10.2018]]],[[[113.6597,10.2219],[113.5761,10.2134],[113.5506,10.2276],[113.5492,10.2772],[113.5648,10.3013],[113.5945,10.324],[113.6498,10.3226],[113.6682,10.2786],[113.6597,10.2219]]],[[[114.0917,10.9388],[114.0975,10.9103],[114.0539,10.9044],[114.0917,10.9388]],[[114.0829,10.9322],[114.07,10.904],[114.0976,10.9136],[114.0829,10.9322]]],[[[114.1862,11.0358],[114.1847,11.0229],[114.1688,11.0285],[114.1862,11.0358]]],[[[114.1915,11.0431],[114.1915,11.0431],[114.1915,11.0431]]],[[[114.2084,11.0481],[114.2084,11.0481],[114.2084,11.0481]]],[[[114.2082,11.0484],[114.2082,11.0484],[114.2082,11.0484]]],[[[114.2084,11.0505],[114.2084,11.0505],[114.2084,11.0505]]],[[[114.2317,11.0551],[114.2153,11.0595],[114.2317,11.0551],[114.2317,11.0551]]],[[[114.286,7.6989],[114.2651,7.6855],[114.286,7.6989],[114.286,7.6989]]],[[[114.384,7.7356],[114.3603,7.6799],[114.3324,7.7199],[114.3546,7.6985],[114.3723,7.7468],[114.384,7.7356]]],[[[114.3163,7.7126],[114.2909,7.7162],[114.3163,7.7126],[114.3163,7.7126]]],[[[114.3708,7.7675],[114.3661,7.7818],[114.3708,7.7675],[114.3708,7.7675]]],[[[114.3786,7.794],[114.37,7.8006],[114.3786,7.794],[114.3786,7.794]]],[[[114.401,7.8065],[114.3775,7.813],[114.401,7.8065],[114.401,7.8065]]],[[[114.3631,7.8095],[114.3631,7.8095],[114.3631,7.8095]]],[[[114.4563,7.8695],[114.405,7.8194],[114.4115,7.8434],[114.4499,7.8799],[114.4563,7.8695]]],[[[114.5014,7.9232],[114.5028,7.9104],[114.4591,7.8835],[114.4845,7.9083],[114.4845,7.9289],[114.5014,7.9232]]],[[[114.4542,7.9749],[114.4628,7.9661],[114.4323,7.9627],[114.4683,7.9635],[114.4752,7.9362],[114.467,7.9592],[114.4384,7.9623],[114.4262,7.9269],[114.3341,7.9342],[114.3048,7.8889],[114.2797,7.8816],[114.3456,7.9517],[114.3789,7.9331],[114.4096,7.945],[114.4219,7.9734],[114.4542,7.9749]]],[[[114.4541,7.9634],[114.4541,7.9634],[114.4541,7.9634]]],[[[114.4493,7.9658],[114.4493,7.9658],[114.4493,7.9658]]],[[[114.369,8.5253],[114.3711,8.4985],[114.3422,8.5005],[114.3412,8.5376],[114.369,8.5253]]],[[[114.2841,9.7221],[114.2756,9.7071],[114.2918,9.7261],[114.2886,9.7079],[114.2746,9.7017],[114.2731,9.7282],[114.2841,9.7221]]],[[[114.2822,9.7371],[114.2729,9.7292],[114.2822,9.7371],[114.2822,9.7371]]],[[[114.2581,9.7762],[114.2585,9.7598],[114.2581,9.7762],[114.2581,9.7762]]],[[[114.3726,9.7808],[114.3726,9.7808],[114.3726,9.7808]]],[[[114.4045,9.7976],[114.4045,9.7976],[114.4045,9.7976]]],[[[114.4682,9.8317],[114.4582,9.8366],[114.4682,9.8317],[114.4682,9.8317]]],[[[114.4936,9.8515],[114.4936,9.8515],[114.4936,9.8515]]],[[[114.2811,9.8571],[114.2811,9.8571],[114.2811,9.8571]]],[[[114.2817,9.8549],[114.2817,9.8549],[114.2817,9.8549]]],[[[114.2819,9.8638],[114.2819,9.8638],[114.2819,9.8638]]],[[[114.5156,9.8696],[114.5053,9.8702],[114.5156,9.8696],[114.5156,9.8696]]],[[[114.609,9.8793],[114.609,9.8793],[114.609,9.8793]]],[[[114.3325,9.8818],[114.3241,9.8896],[114.3325,9.8818],[114.3325,9.8818]],[[114.3301,9.8862],[114.3301,9.8862],[114.3301,9.8862]]],[[[114.5351,9.8915],[114.5351,9.8915],[114.5351,9.8915]]],[[[114.4003,9.8938],[114.3866,9.9],[114.4003,9.8938],[114.4003,9.8938]]],[[[114.5666,9.9001],[114.5666,9.9001],[114.5666,9.9001]],[[114.5635,9.9028],[114.5635,9.9028],[114.5635,9.9028]]],[[[114.344,9.9028],[114.344,9.9028],[114.344,9.9028]]],[[[114.4752,9.9046],[114.4651,9.8964],[114.454,9.9104],[114.4752,9.9046]]],[[[114.6033,9.9048],[114.5951,9.9142],[114.6033,9.9048],[114.6033,9.9048]]],[[[114.5027,9.9221],[114.4921,9.9129],[114.5027,9.9066],[114.4869,9.9078],[114.5027,9.9221]]],[[[114.5288,9.9391],[114.5276,9.9214],[114.514,9.9346],[114.5288,9.9391]]],[[[114.5775,9.9654],[114.5475,9.9614],[114.5775,9.9654],[114.5775,9.9654]]],[[[114.5952,9.9746],[114.5848,9.9778],[114.5952,9.9746],[114.5952,9.9746]]],[[[114.6732,9.9966],[114.6602,9.9565],[114.659,9.997],[114.6102,9.9955],[114.6675,10.008],[114.6732,9.9966]]],[[[114.2562,10.1592],[114.2508,10.1698],[114.2562,10.1592],[114.2562,10.1592]]],[[[114.3638,10.1791],[114.3638,10.1791],[114.3638,10.1791]],[[114.3651,10.1801],[114.3651,10.1801],[114.3651,10.1801]]],[[[114.4836,10.3725],[114.4743,10.3821],[114.4836,10.3725],[114.4836,10.3725]],[[114.4787,10.3761],[114.4787,10.3761],[114.4787,10.3761]]],[[[114.3695,10.3757],[114.3533,10.3762],[114.3695,10.3757],[114.3695,10.3757]],[[114.3677,10.3771],[114.3677,10.3771],[114.3677,10.3771]]],[[[114.4106,10.3877],[114.4106,10.3877],[114.4106,10.3877]]],[[[114.5866,10.4026],[114.5743,10.4051],[114.5884,10.4137],[114.5866,10.4026]]],[[[114.4277,10.6638],[114.419,10.6715],[114.4277,10.6638],[114.4277,10.6638]]],[[[114.4643,10.6713],[114.4574,10.6795],[114.4643,10.6713],[114.4643,10.6713]]],[[[114.3356,10.704],[114.3172,10.6899],[114.3356,10.704],[114.3356,10.704]]],[[[114.5382,10.71],[114.5286,10.7159],[114.5382,10.71],[114.5382,10.71]]],[[[114.3592,10.7219],[114.3422,10.7191],[114.3592,10.7219],[114.3592,10.7219]]],[[[114.5922,10.7677],[114.5922,10.7677],[114.5922,10.7677]]],[[[114.3405,11.0489],[114.3405,11.0489],[114.3405,11.0489]]],[[[114.2934,11.0461],[114.2781,11.0442],[114.2812,11.0575],[114.2934,11.0461]],[[114.2856,11.0496],[114.2856,11.0496],[114.2856,11.0496]],[[114.2839,11.0474],[114.2839,11.0474],[114.2839,11.0474]]],[[[114.3376,11.0565],[114.3109,11.054],[114.3376,11.0565],[114.3376,11.0565]]],[[[114.3175,11.0601],[114.3175,11.0601],[114.3175,11.0601]]],[[[114.2575,11.0679],[114.2575,11.0679],[114.2575,11.0679]]],[[[114.3853,11.0888],[114.3736,11.0764],[114.3655,11.0901],[114.3853,11.0888]]],[[[114.6016,11.2839],[114.5746,11.2579],[114.542,11.2613],[114.5213,11.2881],[114.5245,11.3226],[114.5498,11.3447],[114.5823,11.3413],[114.6016,11.3186],[114.6016,11.2839]]],[[[114.3047,11.3857],[114.3047,11.3857],[114.3047,11.3857]]],[[[114.3034,11.3885],[114.3089,11.3782],[114.2956,11.3761],[114.3034,11.3885]]],[[[114.3319,11.4262],[114.3319,11.4262],[114.3319,11.4262]],[[114.3328,11.4288],[114.3328,11.4288],[114.3328,11.4288]]],[[[114.3613,11.4543],[114.3477,11.4483],[114.3613,11.4543],[114.3613,11.4543]],[[114.3587,11.4551],[114.3587,11.4551],[114.3587,11.4551]]],[[[114.3918,11.4562],[114.3918,11.4562],[114.3918,11.4562]]],[[[114.39,11.4568],[114.39,11.4568],[114.39,11.4568]]],[[[114.401,11.4549],[114.3822,11.4653],[114.3965,11.4693],[114.401,11.4549]]],[[[114.7924,8.0956],[114.7393,8.068],[114.6511,8.0756],[114.7393,8.0743],[114.7924,8.0956]]],[[[114.7266,8.1695],[114.8036,8.1305],[114.8127,8.1128],[114.8006,8.1009],[114.7752,8.1348],[114.7105,8.1441],[114.5999,8.1095],[114.6323,8.1079],[114.6384,8.089],[114.6207,8.1058],[114.5137,8.0933],[114.5365,8.1187],[114.6172,8.1292],[114.7065,8.1744],[114.7266,8.1695]],[[114.6131,8.1237],[114.601,8.1175],[114.6131,8.1237],[114.6131,8.1237]],[[114.5476,8.1141],[114.5476,8.1141],[114.5476,8.1141]],[[114.5394,8.1038],[114.5394,8.1038],[114.5394,8.1038]]],[[[115.2079,8.3742],[115.282,8.351],[115.2666,8.3404],[115.1967,8.3478],[115.1711,8.3785],[115.1976,8.3857],[115.2079,8.3742]],[[115.1856,8.3703],[115.2007,8.352],[115.2225,8.3534],[115.1856,8.3703]],[[115.2652,8.3463],[115.274,8.3522],[115.2604,8.3554],[115.2652,8.3463]]],[[[115.5325,8.5094],[115.5325,8.5094],[115.5325,8.5094]]],[[[114.6827,8.8608],[114.6344,8.8282],[114.6383,8.8604],[114.6827,8.8608]],[[114.6537,8.8583],[114.6436,8.8325],[114.6743,8.8555],[114.6537,8.8583]]],[[[116.2963,8.8846],[116.2963,8.8846],[116.2963,8.8846]]],[[[116.3116,8.9114],[116.2928,8.878],[116.3033,8.9061],[116.2803,8.9054],[116.2728,8.8788],[116.292,8.8754],[116.2651,8.8705],[116.2767,8.911],[116.3116,8.9114]]],[[[116.4814,9.1668],[116.4635,9.1582],[116.4575,9.1718],[116.4814,9.1668]],[[116.4666,9.1617],[116.4751,9.1682],[116.4666,9.1617],[116.4666,9.1617]]],[[[115.9409,9.3227],[115.9637,9.322],[115.9595,9.3113],[115.8997,9.3115],[115.9409,9.3227]],[[115.932,9.3145],[115.9562,9.3171],[115.932,9.3145],[115.932,9.3145]]],[[[115.4583,9.3981],[115.4683,9.362],[115.4402,9.3495],[115.4257,9.3805],[115.4486,9.4199],[115.4583,9.3981]],[[115.4408,9.3954],[115.4315,9.377],[115.4493,9.3525],[115.4609,9.3635],[115.4504,9.4071],[115.4408,9.3954]]],[[[116.4111,9.4201],[116.4056,9.4333],[116.4229,9.4457],[116.4111,9.4201]],[[116.4235,9.4386],[116.4129,9.4243],[116.4235,9.4386],[116.4235,9.4386]]],[[[116.3628,9.5588],[116.4024,9.588],[116.4342,9.5386],[116.3902,9.4823],[116.3366,9.4802],[116.3235,9.496],[116.3588,9.5231],[116.3628,9.5588]]],[[[116.1715,9.5846],[116.1613,9.5874],[116.1731,9.6012],[116.1715,9.5846]]],[[[116.4897,9.7081],[116.4776,9.7148],[116.4897,9.7081],[116.4897,9.7081]]],[[[116.4747,9.7211],[116.4747,9.7211],[116.4747,9.7211]]],[[[115.8938,9.8014],[115.8955,9.7787],[115.8759,9.8026],[115.8517,9.7715],[115.8568,9.6839],[115.8939,9.7766],[115.8476,9.6558],[115.8412,9.7653],[115.8609,9.8007],[115.8938,9.8014]]],[[[116.4642,9.7296],[116.4591,9.7391],[116.4642,9.7296],[116.4642,9.7296]]],[[[116.4575,9.7428],[116.4575,9.7428],[116.4575,9.7428]]],[[[116.4518,9.7474],[116.4518,9.7474],[116.4518,9.7474]]],[[[116.4481,9.7527],[116.4374,9.755],[116.4481,9.7527],[116.4481,9.7527]]],[[[116.4347,9.7638],[116.4347,9.7638],[116.4347,9.7638]]],[[[116.4325,9.7648],[116.4325,9.7648],[116.4325,9.7648]]],[[[116.4282,9.7683],[116.4282,9.7683],[116.4282,9.7683]]],[[[116.4323,9.7686],[116.4323,9.7686],[116.4323,9.7686]]],[[[116.4335,9.7812],[116.4335,9.7812],[116.4335,9.7812]]],[[[116.4294,9.7855],[116.4294,9.7855],[116.4294,9.7855]]],[[[116.4757,9.805],[116.4823,9.7852],[116.4511,9.8],[116.4192,9.7719],[116.4198,9.7975],[116.4757,9.805]]],[[[116.4284,9.7889],[116.4284,9.7889],[116.4284,9.7889]]],[[[116.4363,9.7901],[116.4363,9.7901],[116.4363,9.7901]]],[[[115.5187,9.8811],[115.5029,9.8911],[115.5187,9.8811],[115.5187,9.8811]]],[[[115.5411,9.9296],[115.5825,9.9078],[115.5507,9.8717],[115.5223,9.8812],[115.5576,9.8801],[115.5753,9.8984],[115.569,9.9166],[115.5196,9.9256],[115.4989,9.8973],[115.512,9.9324],[115.5411,9.9296]]],[[[116.152,10.1126],[116.1444,10.1227],[116.152,10.1126],[116.152,10.1126]]],[[[115.3057,10.1975],[115.3297,10.1963],[115.2882,10.1701],[115.2829,10.2103],[115.3057,10.1975]],[[115.2866,10.1952],[115.2947,10.1788],[115.3164,10.1881],[115.2866,10.1952]]],[[[115.3102,10.1896],[115.294,10.1953],[115.3102,10.1896],[115.3102,10.1896]]],[[[115.378,10.2499],[115.3609,10.2425],[115.3649,10.2554],[115.378,10.2499]]],[[[114.713,10.3636],[114.706,10.3215],[114.6858,10.3061],[114.6897,10.3541],[114.713,10.3636]]],[[[115.8046,10.5357],[115.7908,10.4541],[115.7426,10.455],[115.7133,10.4733],[115.7538,10.4562],[115.7791,10.4655],[115.7883,10.4749],[115.768,10.4753],[115.7774,10.5074],[115.7651,10.5179],[115.739,10.5094],[115.7317,10.5216],[115.7358,10.5052],[115.7131,10.4776],[115.7015,10.486],[115.7339,10.5377],[115.8046,10.5357]]],[[[115.8336,10.6765],[115.8472,10.636],[115.8589,10.6437],[115.8274,10.5938],[115.8182,10.6764],[115.8336,10.6765]]],[[[115.8654,10.6468],[115.8784,10.6608],[115.8654,10.6468],[115.8654,10.6468]]],[[[116.1752,10.7153],[116.208,10.6428],[116.1645,10.6048],[116.1627,10.7143],[116.1757,10.7303],[116.1752,10.7153]],[[116.1703,10.7118],[116.1703,10.7118],[116.1703,10.7118]]],[[[116.2071,10.6733],[116.2071,10.6733],[116.2071,10.6733]]],[[[116.228,10.7339],[116.2198,10.7425],[116.228,10.7339],[116.228,10.7339]]],[[[115.8496,10.807],[115.8712,10.7882],[115.9007,10.6986],[115.8799,10.6625],[115.8841,10.7129],[115.8585,10.7427],[115.872,10.7557],[115.8659,10.7898],[115.8552,10.7661],[115.85,10.7847],[115.8184,10.785],[115.831,10.7626],[115.8157,10.7556],[115.814,10.7276],[115.8331,10.7177],[115.8377,10.6862],[115.8167,10.6815],[115.8101,10.6976],[115.8094,10.7907],[115.8332,10.8283],[115.8496,10.807]],[[115.8282,10.8197],[115.8282,10.8197],[115.8282,10.8197]],[[115.8269,10.8183],[115.8269,10.8183],[115.8269,10.8183]],[[115.826,10.8152],[115.826,10.8152],[115.826,10.8152]]],[[[116.2096,10.8019],[116.1827,10.7306],[116.1924,10.7925],[116.2073,10.8148],[116.2096,10.8019]]],[[[116.2595,10.7765],[116.2506,10.7858],[116.2595,10.7765],[116.2595,10.7765]]],[[[116.2761,10.7977],[116.2543,10.8046],[116.2694,10.8127],[116.2761,10.7977]]],[[[116.0946,10.7981],[116.0916,10.814],[116.0946,10.7981],[116.0946,10.7981]]],[[[116.3192,10.8314],[116.3502,10.8222],[116.2875,10.8053],[116.2892,10.8325],[116.3192,10.8314]]],[[[116.2274,10.8257],[116.2159,10.8223],[116.2286,10.8408],[116.2274,10.8257]]],[[[116.3586,10.8333],[116.3586,10.8333],[116.3586,10.8333]]],[[[116.2497,10.8517],[116.2352,10.8619],[116.2497,10.8517],[116.2497,10.8517]]],[[[116.3963,10.8925],[116.3918,10.8583],[116.3699,10.8896],[116.3769,10.9012],[116.3963,10.8925]]],[[[114.9384,10.9039],[114.923,10.8642],[114.8717,10.8549],[114.9384,10.9039]],[[114.9148,10.8711],[114.9148,10.8711],[114.9148,10.8711]]],[[[116.252,10.8762],[116.2402,10.8782],[116.246,10.8924],[116.252,10.8762]]],[[[116.4229,10.9056],[116.4562,10.9064],[116.4603,10.8945],[116.433,10.8755],[116.4059,10.9073],[116.4229,10.9056]]],[[[115.9032,10.9077],[115.9254,10.8934],[115.9074,10.8784],[115.8956,10.8814],[115.9032,10.9077]]],[[[116.4708,10.8981],[116.4656,10.9096],[116.4708,10.8981],[116.4708,10.8981]]],[[[114.6995,11.0051],[114.7032,10.9949],[114.6995,11.0051],[114.6995,11.0051]]],[[[115.0212,11.0687],[115.0265,11.0823],[115.0212,11.0687],[115.0212,11.0687]],[[115.0204,11.0716],[115.0204,11.0716],[115.0204,11.0716]]],[[[114.8004,11.1536],[114.8018,11.141],[114.8004,11.1536],[114.8004,11.1536]]],[[[114.6415,11.3815],[114.7069,11.3968],[114.7569,11.334],[114.7391,11.2823],[114.7054,11.2739],[114.6602,11.2972],[114.6305,11.3425],[114.6415,11.3815]]],[[[116.2417,11.3501],[116.2265,11.3782],[116.2482,11.4625],[116.2784,11.5101],[116.313,11.5296],[116.3498,11.5274],[116.3498,11.4517],[116.3109,11.3631],[116.2784,11.3415],[116.2417,11.3501]]],[[[116.3573,11.6674],[116.3269,11.5965],[116.2763,11.554],[116.2173,11.55],[116.1639,11.5853],[116.1287,11.6517],[116.1195,11.7168],[116.1338,11.797],[116.1735,11.8583],[116.241,11.887],[116.3085,11.8583],[116.3533,11.7819],[116.3573,11.6674]]],[[[116.6828,9.0401],[116.6878,9.0259],[116.6716,9.0222],[116.6546,9.0485],[116.6828,9.0401]],[[116.6591,9.0423],[116.6851,9.0283],[116.6681,9.0497],[116.6591,9.0423]]],[[[116.5406,9.742],[116.5803,9.7427],[116.6124,9.7111],[116.5193,9.7307],[116.4934,9.7016],[116.5171,9.744],[116.5406,9.742]]],[[[116.517,9.7604],[116.515,9.7487],[116.5024,9.7607],[116.517,9.7604]]],[[[116.4967,9.766],[116.4967,9.766],[116.4967,9.766]]],[[[116.4934,9.7739],[116.481,9.7835],[116.4934,9.7739],[116.4934,9.7739]]],[[[116.5322,10.3049],[116.5322,10.3049],[116.5322,10.3049]]],[[[116.5374,10.3054],[116.5374,10.3054],[116.5374,10.3054]]],[[[116.5025,10.3348],[116.5256,10.3021],[116.4881,10.2862],[116.47,10.309],[116.4887,10.338],[116.5025,10.3348]]],[[[116.5577,10.3118],[116.5577,10.3118],[116.5577,10.3118]]],[[[116.5699,10.3196],[116.5601,10.3224],[116.5699,10.3196],[116.5699,10.3196]]],[[[116.6039,10.3273],[116.5936,10.33],[116.6039,10.3273],[116.6039,10.3273]]],[[[116.6241,10.3337],[116.6241,10.3337],[116.6241,10.3337]]],[[[116.7031,10.3395],[116.6714,10.3344],[116.7031,10.3395],[116.7031,10.3395]]],[[[116.6407,10.3369],[116.6407,10.3369],[116.6407,10.3369]]],[[[116.6591,10.3414],[116.6591,10.3414],[116.6591,10.3414]]],[[[116.7331,10.3473],[116.7161,10.3468],[116.7331,10.3473],[116.7331,10.3473]]],[[[116.5085,10.3582],[116.4976,10.3515],[116.5085,10.3582],[116.5085,10.3582]]],[[[116.7706,10.3614],[116.7559,10.3582],[116.7627,10.374],[116.7706,10.3614]]],[[[116.7751,10.3825],[116.7751,10.3825],[116.7751,10.3825]]],[[[116.5234,10.3921],[116.5247,10.3739],[116.5073,10.3667],[116.5111,10.3924],[116.5234,10.3921]]],[[[116.5903,10.4],[116.5903,10.4],[116.5903,10.4]]],[[[116.5347,10.4124],[116.5215,10.4021],[116.5347,10.4124],[116.5347,10.4124]]],[[[116.6047,10.4103],[116.6047,10.4103],[116.6047,10.4103]]],[[[116.5411,10.4194],[116.5411,10.4194],[116.5411,10.4194]]],[[[116.69,10.4227],[116.69,10.4227],[116.69,10.4227]]],[[[116.5445,10.4374],[116.5445,10.4374],[116.5445,10.4374]]],[[[116.6332,10.4441],[116.6332,10.4441],[116.6332,10.4441]]],[[[116.5561,10.4527],[116.5439,10.4517],[116.5561,10.4527],[116.5561,10.4527]]],[[[116.6453,10.461],[116.6453,10.461],[116.6453,10.461]]],[[[116.5574,10.4613],[116.5574,10.4613],[116.5574,10.4613]]],[[[116.6765,10.4921],[116.6765,10.4921],[116.6765,10.4921]]],[[[116.5675,10.5139],[116.5583,10.494],[116.553,10.5085],[116.5675,10.5139]]],[[[116.6543,10.5158],[116.6543,10.5158],[116.6543,10.5158]]],[[[116.5805,10.5347],[116.5667,10.5249],[116.5805,10.5347],[116.5805,10.5347]]],[[[116.6971,10.5404],[116.6971,10.5404],[116.6971,10.5404]]],[[[116.7138,10.5397],[116.7138,10.5397],[116.7138,10.5397]]],[[[116.5989,10.5536],[116.5886,10.5358],[116.5989,10.5536],[116.5989,10.5536]]],[[[116.7201,10.5531],[116.7201,10.5531],[116.7201,10.5531]]],[[[116.6204,10.5715],[116.6054,10.5671],[116.6204,10.5715],[116.6204,10.5715]]],[[[116.6292,10.5794],[116.6292,10.5794],[116.6292,10.5794]]],[[[116.6472,10.5855],[116.6365,10.5878],[116.6472,10.5855],[116.6472,10.5855]]],[[[116.6583,10.5899],[116.6583,10.5899],[116.6583,10.5899]]],[[[116.6724,10.5945],[116.6724,10.5945],[116.6724,10.5945]]],[[[116.6848,10.6069],[116.6848,10.6069],[116.6848,10.6069]]],[[[116.7144,10.6173],[116.7144,10.6173],[116.7144,10.6173]]],[[[116.7363,10.6266],[116.7225,10.6257],[116.7363,10.6266],[116.7363,10.6266]]],[[[116.747,10.6298],[116.747,10.6298],[116.747,10.6298]]],[[[116.7683,10.6423],[116.7519,10.6382],[116.7683,10.6423],[116.7683,10.6423]]],[[[116.6988,10.7876],[116.6815,10.7784],[116.6867,10.7928],[116.6988,10.7876]]],[[[116.6329,10.8113],[116.6751,10.775],[116.6314,10.7791],[116.6181,10.798],[116.6254,10.8243],[116.6329,10.8113]]],[[[116.6992,10.8136],[116.6992,10.8136],[116.6992,10.8136]]],[[[116.7206,10.8175],[116.7206,10.8175],[116.7206,10.8175]]],[[[116.7672,10.8159],[116.762,10.8269],[116.7672,10.8159],[116.7672,10.8159]]],[[[116.6372,10.8294],[116.6372,10.8294],[116.6372,10.8294]]],[[[116.6435,10.8363],[116.6396,10.8483],[116.6435,10.8363],[116.6435,10.8363]]],[[[116.7268,10.8473],[116.7357,10.8549],[116.7268,10.8473],[116.7268,10.8473]]],[[[116.6534,10.8519],[116.6443,10.8663],[116.6534,10.8519],[116.6534,10.8519]]],[[[116.7489,10.859],[116.7489,10.859],[116.7489,10.859]]],[[[116.6498,10.8834],[116.6559,10.8688],[116.6414,10.8718],[116.6498,10.8834]]],[[[116.7472,10.8818],[116.7472,10.8818],[116.7472,10.8818]]],[[[116.6621,10.8904],[116.6524,10.8952],[116.6677,10.9008],[116.6621,10.8904]]],[[[116.6766,10.9043],[116.6766,10.9043],[116.6766,10.9043]]],[[[116.4836,10.9057],[116.4887,10.9149],[116.4836,10.9057],[116.4836,10.9057]]],[[[116.9362,9.4478],[116.9193,9.4508],[116.9332,9.462],[116.9362,9.4478]],[[116.9232,9.4489],[116.9326,9.4563],[116.9232,9.4489],[116.9232,9.4489]]],[[[117.3407,10.0968],[117.3238,10.0998],[117.3369,10.1112],[117.3407,10.0968]],[[117.3277,10.098],[117.3371,10.1053],[117.3277,10.098],[117.3277,10.098]]],[[[117.3706,10.3787],[117.3563,10.2957],[117.2979,10.2998],[117.2672,10.3277],[117.2997,10.3795],[117.3706,10.3787]],[[117.3394,10.3508],[117.3376,10.3393],[117.3021,10.3524],[117.2929,10.3425],[117.3272,10.3164],[117.3394,10.3508]]],[[[116.7965,10.3831],[116.7847,10.3731],[116.7965,10.3831],[116.7965,10.3831]]],[[[116.808,10.3937],[116.8031,10.4032],[116.808,10.3937],[116.808,10.3937]]],[[[116.8095,10.4122],[116.8095,10.4122],[116.8095,10.4122]]],[[[116.8182,10.4258],[116.8182,10.4258],[116.8182,10.4258]]],[[[116.8237,10.4468],[116.8237,10.4468],[116.8237,10.4468]]],[[[116.8374,10.4537],[116.8322,10.4666],[116.8374,10.4537],[116.8374,10.4537]]],[[[116.864,10.4752],[116.8453,10.4724],[116.8613,10.4856],[116.864,10.4752]]],[[[116.8785,10.4928],[116.8766,10.5039],[116.8785,10.4928],[116.8785,10.4928]]],[[[116.8931,10.5557],[116.9527,10.5486],[116.9004,10.507],[116.8772,10.5547],[116.8931,10.5557]]],[[[116.8644,10.5714],[116.8563,10.5793],[116.8644,10.5714],[116.8644,10.5714]]],[[[116.8475,10.5898],[116.8475,10.5898],[116.8475,10.5898]]],[[[117.1419,10.6243],[117.1981,10.6005],[117.1924,10.5786],[117.1499,10.5955],[117.133,10.6152],[117.1419,10.6243]]],[[[117.356,10.6357],[117.3699,10.6044],[117.3862,10.6129],[117.3553,10.5921],[117.3425,10.6356],[117.356,10.6357]]],[[[117.1914,10.6143],[117.1914,10.6143],[117.1914,10.6143]]],[[[117.6424,10.6377],[117.6587,10.6277],[117.6446,10.6258],[117.6102,10.6364],[117.6424,10.6377]]],[[[117.1956,10.6326],[117.1841,10.637],[117.1956,10.6326],[117.1956,10.6326]]],[[[117.3832,10.6523],[117.3891,10.6172],[117.3832,10.6523],[117.3832,10.6523]]],[[[117.146,10.6403],[117.1369,10.6358],[117.146,10.6403],[117.146,10.6403]]],[[[116.8204,10.6815],[116.8311,10.5992],[116.8056,10.652],[116.7781,10.6526],[116.8204,10.6815]]],[[[117.2016,10.6463],[117.2016,10.6463],[117.2016,10.6463]]],[[[117.3709,10.6494],[117.3491,10.6509],[117.3709,10.6494],[117.3709,10.6494]]],[[[117.1428,10.6612],[117.1368,10.6453],[117.1428,10.6612],[117.1428,10.6612]]],[[[117.2103,10.6561],[117.2103,10.6561],[117.2103,10.6561]]],[[[117.2171,10.6598],[117.2171,10.6598],[117.2171,10.6598]]],[[[117.2278,10.6656],[117.2278,10.6656],[117.2278,10.6656]]],[[[117.142,10.6702],[117.142,10.6702],[117.142,10.6702]]],[[[117.2626,10.6692],[117.2626,10.6692],[117.2626,10.6692]]],[[[117.2511,10.6693],[117.2511,10.6693],[117.2511,10.6693]]],[[[117.2443,10.6718],[117.2443,10.6718],[117.2443,10.6718]]],[[[117.3492,10.6758],[117.3656,10.6661],[117.3516,10.6637],[117.3171,10.6743],[117.3492,10.6758]]],[[[117.2725,10.6734],[117.2725,10.6734],[117.2725,10.6734]]],[[[117.2671,10.6697],[117.2671,10.6697],[117.2671,10.6697]]],[[[117.2775,10.6732],[117.2775,10.6732],[117.2775,10.6732]]],[[[117.3924,10.6774],[117.385,10.6687],[117.3924,10.6774],[117.3924,10.6774]]],[[[117.2925,10.6755],[117.2925,10.6755],[117.2925,10.6755]]],[[[117.3004,10.6796],[117.3004,10.6796],[117.3004,10.6796]]],[[[117.1457,10.6993],[117.1394,10.6881],[117.1457,10.6993],[117.1457,10.6993]]],[[[117.3711,10.7218],[117.3938,10.6877],[117.375,10.7133],[117.3581,10.7093],[117.3711,10.7218]]],[[[117.1388,10.7185],[117.1388,10.7185],[117.1388,10.7185]]],[[[117.2922,10.7289],[117.3539,10.719],[117.2922,10.7289],[117.2922,10.7289]]],[[[117.2633,10.7231],[117.2307,10.7268],[117.2633,10.7231],[117.2633,10.7231]]],[[[117.2095,10.7278],[117.2275,10.7211],[117.2095,10.7278],[117.2095,10.7278]]],[[[117.2671,10.7235],[117.2671,10.7235],[117.2671,10.7235]]],[[[117.1907,10.7525],[117.1948,10.7294],[117.1722,10.7433],[117.1414,10.7351],[117.1907,10.7525]]],[[[117.4173,10.8226],[117.4213,10.8021],[117.3877,10.7906],[117.3892,10.8172],[117.4173,10.8226]]],[[[116.8094,10.825],[116.7825,10.8136],[116.8094,10.825],[116.8094,10.825]]],[[[116.8298,10.8282],[116.828,10.8381],[116.8298,10.8282],[116.8298,10.8282]]],[[[116.8467,10.8472],[116.8448,10.8583],[116.8467,10.8472],[116.8467,10.8472]]],[[[117.8024,10.9141],[117.8142,10.8045],[117.7749,10.7935],[117.7534,10.8222],[117.7592,10.9138],[117.8024,10.9141]]],[[[117.4093,10.9049],[117.4206,10.8917],[117.4106,10.8637],[117.3765,10.8549],[117.3741,10.8916],[117.4093,10.9049]]],[[[116.7973,10.9044],[116.7973,10.9044],[116.7973,10.9044]]],[[[117.652,11.0405],[117.6461,11.0243],[117.652,11.0405],[117.652,11.0405]]],[[[117.3081,11.1193],[117.3279,11.0862],[117.3118,11.0409],[117.2784,11.021],[117.2385,11.0294],[117.2213,11.0644],[117.233,11.1024],[117.2723,11.1283],[117.3081,11.1193]]],[[[117.4965,11.071],[117.4543,11.0535],[117.4369,11.0958],[117.479,11.1133],[117.4965,11.071]]],[[[116.7834,11.9184],[116.7824,11.9346],[116.7834,11.9184],[116.7834,11.9184]]]]}},{"type":"Feature","properties":{"name":"Lai Châu"},"geometry":{"type":"MultiPolygon","coordinates":[[[[103.1013,22.0958],[103.0949,22.0577],[102.9997,22.0521],[102.9853,22.026],[102.93,22.0686],[102.9241,22.1085],[102.925,22.0911],[102.8683,22.0781],[102.8631,22.0598],[102.8201,22.0652],[102.7756,22.09],[102.7811,22.1008],[102.7435,22.131],[102.737,22.1639],[102.7539,22.2074],[102.7295,22.2381],[102.677,22.2628],[102.6625,22.2536],[102.6979,22.209],[102.6699,22.1681],[102.6284,22.1886],[102.619,22.2356],[102.5793,22.2606],[102.5436,22.2425],[102.5147,22.261],[102.4498,22.3605],[102.3889,22.4089],[102.395,22.4588],[102.3474,22.4895],[102.343,22.5282],[102.3213,22.549],[102.3546,22.5666],[102.3472,22.5902],[102.3717,22.5935],[102.4186,22.6364],[102.3824,22.6811],[102.4353,22.7012],[102.4593,22.7664],[102.5081,22.7785],[102.5492,22.7467],[102.5686,22.7038],[102.606,22.7337],[102.6552,22.6904],[102.6885,22.7045],[102.7872,22.6437],[102.7873,22.6264],[102.8629,22.6083],[102.8887,22.5366],[102.9286,22.4843],[102.9876,22.4798],[103.0305,22.4425],[103.08,22.4511],[103.0719,22.4916],[103.0829,22.5101],[103.1155,22.5144],[103.1824,22.5579],[103.1578,22.5942],[103.1851,22.6446],[103.2271,22.6478],[103.2836,22.6846],[103.2854,22.7371],[103.3198,22.7802],[103.3217,22.8096],[103.3722,22.7988],[103.4399,22.7532],[103.4268,22.7171],[103.46,22.6793],[103.4565,22.6583],[103.5331,22.5842],[103.5728,22.5783],[103.5952,22.5267],[103.5562,22.4633],[103.6254,22.3963],[103.7465,22.4082],[103.7804,22.3391],[103.7594,22.3128],[103.8226,22.2736],[103.8407,22.2262],[103.8711,22.2003],[103.8662,22.1793],[103.9381,22.1398],[103.9384,22.0815],[103.9654,22.0128],[103.9545,21.9999],[103.985,21.967],[103.943,21.9177],[103.9213,21.9322],[103.8935,21.9212],[103.8869,21.8914],[103.8893,21.8652],[103.9509,21.8015],[103.9639,21.7557],[103.9156,21.7348],[103.9179,21.6968],[103.8824,21.7088],[103.8809,21.6875],[103.8534,21.6894],[103.8332,21.7438],[103.8074,21.737],[103.7791,21.7786],[103.7549,21.7789],[103.7597,21.8082],[103.7242,21.8063],[103.6965,21.8255],[103.723,21.8788],[103.7051,21.8843],[103.7039,21.9064],[103.6833,21.9207],[103.6887,21.9407],[103.6656,21.9507],[103.6517,21.9929],[103.5454,22.0308],[103.5106,22.0103],[103.4968,21.9698],[103.4768,21.9779],[103.4523,22.0094],[103.4689,22.0289],[103.421,22.0729],[103.3904,22.1565],[103.3315,22.1532],[103.3075,22.1141],[103.2875,22.1089],[103.2734,22.0723],[103.2921,22.0489],[103.2837,22.0386],[103.1711,22.0814],[103.1445,22.0677],[103.1211,22.0957],[103.1013,22.0958]]]]}},{"type":"Feature","properties":{"name":"Lâm Đồng"},"geometry":{"type":"MultiPolygon","coordinates":[[[[108.9578,10.5259],[108.9596,10.5033],[108.9319,10.5134],[108.924,10.5492],[108.958,10.5483],[108.9578,10.5259]]],[[[107.803,10.6505],[107.803,10.6505],[107.803,10.6505]]],[[[107.9939,10.695],[107.9939,10.695],[107.9939,10.695]]],[[[108.3009,10.9086],[108.3009,10.9086],[108.3009,10.9086]]],[[[107.6628,10.6086],[107.5661,10.5755],[107.5683,10.619],[107.5382,10.6784],[107.5443,10.706],[107.5025,10.7632],[107.5738,10.814],[107.5602,10.9366],[107.5066,11.0134],[107.4743,11.0067],[107.3945,11.0498],[107.4168,11.051],[107.4305,11.087],[107.4434,11.0844],[107.454,11.1117],[107.4347,11.1365],[107.4798,11.1902],[107.4821,11.221],[107.4986,11.2202],[107.497,11.2426],[107.5244,11.252],[107.5176,11.3095],[107.5447,11.3656],[107.5345,11.3556],[107.4876,11.3963],[107.4749,11.4363],[107.4535,11.42],[107.4304,11.4249],[107.472,11.4784],[107.4411,11.5167],[107.4202,11.5111],[107.4017,11.5297],[107.367,11.5179],[107.379,11.5426],[107.3602,11.5551],[107.361,11.5818],[107.3461,11.5437],[107.3117,11.5536],[107.2973,11.5851],[107.3044,11.6175],[107.2687,11.6414],[107.2864,11.7266],[107.3939,11.7686],[107.3931,11.7949],[107.4274,11.8491],[107.3856,11.9187],[107.3528,11.9392],[107.3512,11.9682],[107.3245,12.0031],[107.2917,12.0216],[107.2684,12.0136],[107.2426,12.0391],[107.2306,12.0287],[107.2401,12.1144],[107.2217,12.1259],[107.2063,12.2955],[107.2311,12.296],[107.2685,12.3247],[107.309,12.3329],[107.3191,12.3213],[107.3448,12.3348],[107.3827,12.2955],[107.387,12.2701],[107.417,12.2431],[107.4335,12.2483],[107.444,12.2915],[107.5432,12.3498],[107.5545,12.3801],[107.5424,12.4111],[107.5794,12.4945],[107.5623,12.5219],[107.5893,12.5583],[107.569,12.6425],[107.5818,12.6792],[107.5597,12.7074],[107.5604,12.7952],[107.6345,12.8037],[107.7802,12.7774],[107.8479,12.8123],[107.8632,12.7979],[107.8605,12.7565],[107.9091,12.7431],[107.8953,12.7127],[107.9122,12.6932],[107.9041,12.6506],[107.92,12.6465],[107.9349,12.5967],[107.8929,12.5645],[107.8874,12.5394],[107.944,12.5267],[108.0015,12.4764],[107.9843,12.4459],[107.9453,12.4407],[107.9164,12.4178],[107.9337,12.3432],[107.9736,12.2971],[108.0153,12.3032],[108.0672,12.2659],[108.1198,12.1753],[108.1652,12.1968],[108.1897,12.1731],[108.228,12.183],[108.2412,12.1607],[108.2768,12.2141],[108.2961,12.2028],[108.3396,12.228],[108.3358,12.2481],[108.4396,12.2504],[108.4427,12.2778],[108.4599,12.2758],[108.4834,12.3098],[108.5112,12.2771],[108.5423,12.2976],[108.6188,12.2813],[108.6827,12.3181],[108.7074,12.2998],[108.6993,12.2456],[108.7218,12.218],[108.7096,12.1894],[108.7291,12.1621],[108.6736,12.1205],[108.7046,12.0921],[108.7112,12.0548],[108.662,11.9617],[108.6529,11.844],[108.6193,11.8082],[108.6719,11.7849],[108.6672,11.748],[108.6904,11.7343],[108.7011,11.7001],[108.6696,11.6636],[108.5624,11.6423],[108.5521,11.6014],[108.5827,11.5555],[108.643,11.5498],[108.6794,11.4725],[108.7126,11.4607],[108.7616,11.4697],[108.7569,11.4113],[108.7846,11.3879],[108.8437,11.3762],[108.8771,11.3457],[108.7864,11.3124],[108.7766,11.2882],[108.7569,11.2831],[108.7298,11.1842],[108.7087,11.1657],[108.695,11.1835],[108.6506,11.1935],[108.5226,11.1511],[108.4752,11.0483],[108.3628,11.0242],[108.3381,10.9527],[108.3089,10.9561],[108.2952,10.9138],[108.2814,10.9156],[108.2779,10.9414],[108.2297,10.9547],[108.0851,10.9141],[108.0569,10.8905],[107.9936,10.6996],[107.8835,10.7203],[107.8212,10.7009],[107.7551,10.6405],[107.6628,10.6086]]],[[[108.8318,11.2255],[108.8205,11.2244],[108.8318,11.2255],[108.8318,11.2255]]],[[[108.9669,10.4847],[108.9669,10.4847],[108.9669,10.4847]]],[[[108.9635,10.4948],[108.9635,10.4948],[108.9635,10.4948]]],[[[108.9636,10.5003],[108.9636,10.5003],[108.9636,10.5003]]],[[[108.9626,10.5007],[108.9626,10.5007],[108.9626,10.5007]]],[[[108.9583,10.5548],[108.9583,10.5548],[108.9583,10.5548]]],[[[108.9564,10.5568],[108.9564,10.5568],[108.9564,10.5568]]],[[[108.9526,10.5578],[108.9526,10.5578],[108.9526,10.5578]]]]}},{"type":"Feature","properties":{"name":"Lạng Sơn"},"geometry":{"type":"MultiPolygon","coordinates":[[[[106.3114,21.4518],[106.2829,21.4522],[106.2878,21.4913],[106.245,21.4816],[106.1679,21.5133],[106.169,21.5951],[106.197,21.6185],[106.191,21.6451],[106.2255,21.679],[106.2377,21.7198],[106.1494,21.7611],[106.1371,21.785],[106.1118,21.7816],[106.0949,21.8202],[106.1175,21.8435],[106.1134,21.8907],[106.1319,21.917],[106.0979,21.9382],[106.1154,21.9777],[106.0988,22.068],[106.1229,22.0854],[106.1572,22.0817],[106.1914,22.1437],[106.2339,22.1784],[106.2214,22.2073],[106.2451,22.2672],[106.2005,22.3099],[106.22,22.3504],[106.1847,22.3869],[106.2006,22.4319],[106.2388,22.4614],[106.3343,22.4088],[106.3616,22.3571],[106.3969,22.3739],[106.4666,22.3591],[106.4873,22.3683],[106.4906,22.4015],[106.5198,22.3975],[106.5353,22.4189],[106.5607,22.4224],[106.5862,22.3933],[106.5596,22.3489],[106.6602,22.3341],[106.6669,22.2863],[106.6895,22.2782],[106.6817,22.2638],[106.7052,22.2285],[106.6704,22.1862],[106.7046,22.1616],[106.6881,22.138],[106.713,22.0956],[106.6967,22.0518],[106.7087,22.0256],[106.6824,22.001],[106.6911,21.9655],[106.7203,21.9751],[106.7362,22.0076],[106.7651,22.0132],[106.8119,21.9735],[106.8398,21.9842],[106.9163,21.9754],[106.9297,21.931],[106.9613,21.9193],[106.9913,21.9515],[107.0242,21.9447],[107.0632,21.8948],[107.0064,21.8495],[107.0091,21.8272],[107.0832,21.8094],[107.1389,21.7632],[107.1855,21.7469],[107.2222,21.7063],[107.2482,21.7038],[107.2645,21.7291],[107.3012,21.7421],[107.361,21.6626],[107.3584,21.5951],[107.2956,21.5933],[107.2794,21.5643],[107.2046,21.5415],[107.2339,21.5193],[107.2464,21.4824],[107.2418,21.4344],[107.265,21.4004],[107.2536,21.3665],[107.2167,21.3889],[107.1699,21.3635],[107.102,21.3769],[107.0787,21.3463],[107.0311,21.3251],[106.9874,21.3607],[106.9857,21.4021],[107.0038,21.4213],[106.9907,21.4366],[106.9538,21.4234],[106.9456,21.4346],[106.9289,21.4257],[106.9264,21.441],[106.911,21.4306],[106.8914,21.4514],[106.9025,21.4704],[106.8895,21.4907],[106.8428,21.4947],[106.8399,21.5125],[106.8652,21.5303],[106.8433,21.5597],[106.8063,21.5589],[106.7865,21.5773],[106.7588,21.5694],[106.759,21.5442],[106.7434,21.5415],[106.7005,21.5708],[106.7019,21.5937],[106.6703,21.6087],[106.5575,21.5942],[106.5072,21.5233],[106.5213,21.4996],[106.4944,21.4827],[106.4827,21.4487],[106.4175,21.4373],[106.4048,21.4261],[106.4123,21.4057],[106.3406,21.3972],[106.3242,21.4104],[106.3296,21.4462],[106.3114,21.4518]]]]}},{"type":"Feature","properties":{"name":"Lào Cai"},"geometry":{"type":"MultiPolygon","coordinates":[[[[104.5207,21.4036],[104.4771,21.3533],[104.4298,21.3545],[104.4123,21.3866],[104.3478,21.4183],[104.332,21.4081],[104.2986,21.439],[104.282,21.4721],[104.2934,21.5247],[104.277,21.5512],[104.2978,21.5713],[104.2879,21.5999],[104.3389,21.6531],[104.232,21.6731],[104.2119,21.6713],[104.1965,21.648],[104.0897,21.6427],[104.0276,21.6722],[103.9373,21.6698],[103.9155,21.7346],[103.9531,21.7409],[103.9669,21.7709],[103.8893,21.8652],[103.886,21.9063],[103.9196,21.9322],[103.943,21.9177],[103.985,21.967],[103.9545,21.9999],[103.9654,22.0128],[103.9384,22.0815],[103.9381,22.1398],[103.8662,22.1793],[103.8711,22.2003],[103.8407,22.2262],[103.8226,22.2736],[103.7594,22.3128],[103.7804,22.3391],[103.7465,22.4082],[103.6254,22.3963],[103.5562,22.4633],[103.5955,22.5259],[103.5728,22.5783],[103.5304,22.5948],[103.5528,22.6373],[103.5716,22.6426],[103.5798,22.6648],[103.5643,22.7057],[103.6189,22.786],[103.6411,22.798],[103.6611,22.7881],[103.8746,22.5672],[103.8921,22.5684],[103.9145,22.5351],[103.9751,22.5065],[104.0126,22.5237],[104.0054,22.5758],[104.027,22.6159],[104.04,22.6793],[104.0279,22.6909],[104.0463,22.7344],[104.1149,22.8117],[104.1406,22.8061],[104.2599,22.8451],[104.271,22.827],[104.2548,22.7778],[104.2697,22.7416],[104.3395,22.7224],[104.3357,22.6891],[104.3601,22.6731],[104.3984,22.6805],[104.4155,22.6346],[104.4623,22.6131],[104.4663,22.5746],[104.4245,22.5732],[104.4145,22.5289],[104.4739,22.4836],[104.4486,22.459],[104.4662,22.425],[104.5502,22.3803],[104.5542,22.3541],[104.5803,22.3495],[104.5648,22.3313],[104.5792,22.3039],[104.5426,22.2764],[104.5515,22.2422],[104.586,22.2514],[104.6093,22.2919],[104.7165,22.2612],[104.7243,22.1997],[104.7564,22.1873],[104.7566,22.1732],[104.7777,22.1657],[104.849,22.1851],[104.882,22.0724],[104.9347,22.0586],[104.9624,22.029],[104.9977,22.0429],[104.9865,21.9364],[105.0192,21.9357],[105.0145,21.898],[105.037,21.8913],[105.0458,21.8639],[105.0984,21.8171],[105.0714,21.7806],[105.075,21.7586],[105.0563,21.7476],[105.1002,21.684],[105.0309,21.7012],[104.98,21.673],[104.9715,21.6458],[104.955,21.6603],[104.9071,21.6312],[104.9051,21.6093],[104.8876,21.6122],[104.8988,21.5652],[104.8678,21.5461],[104.9117,21.4476],[104.9077,21.4142],[104.8826,21.3898],[104.8973,21.3451],[104.8542,21.3649],[104.8488,21.3387],[104.7779,21.3259],[104.7488,21.3525],[104.7339,21.406],[104.6901,21.4008],[104.6783,21.3754],[104.5906,21.4226],[104.5791,21.4088],[104.5207,21.4036]]]]}},{"type":"Feature","properties":{"name":"Nghệ An"},"geometry":{"type":"MultiPolygon","coordinates":[[[[105.78,18.8047],[105.7721,18.796],[105.78,18.8047],[105.78,18.8047]]],[[[105.764,18.846],[105.764,18.846],[105.764,18.846]]],[[[104.9107,18.7899],[104.8568,18.7743],[104.795,18.7841],[104.7844,18.8022],[104.7389,18.8007],[104.7152,18.8407],[104.6768,18.8374],[104.6285,18.8877],[104.5796,18.9012],[104.5303,18.9852],[104.5129,18.9814],[104.4848,19.0053],[104.4488,18.9855],[104.4009,19.0383],[104.4002,19.0572],[104.31,19.089],[104.2819,19.1197],[104.2144,19.1198],[104.2251,19.1555],[104.2004,19.1616],[104.1813,19.1981],[104.1309,19.2032],[104.1129,19.2233],[104.1035,19.2128],[104.0712,19.2469],[103.9989,19.2305],[103.9177,19.3014],[103.8758,19.3058],[103.8841,19.3259],[103.9526,19.3576],[103.9752,19.398],[104.0506,19.4259],[104.0703,19.4158],[104.0757,19.4475],[104.0645,19.4531],[104.1232,19.5016],[104.1039,19.5235],[104.1081,19.5681],[104.0623,19.6115],[104.0709,19.6822],[104.1337,19.6601],[104.1571,19.6704],[104.1635,19.6967],[104.1757,19.6878],[104.2367,19.7075],[104.3051,19.6972],[104.32,19.6672],[104.3486,19.6908],[104.4159,19.7065],[104.4278,19.6716],[104.4452,19.6725],[104.464,19.6489],[104.4911,19.6534],[104.5265,19.6131],[104.56,19.6098],[104.6123,19.6343],[104.6447,19.6229],[104.646,19.6552],[104.6714,19.684],[104.6631,19.7028],[104.7012,19.7374],[104.7232,19.7552],[104.7566,19.7495],[104.7634,19.7762],[104.836,19.7952],[104.8496,19.8433],[104.8335,19.8536],[104.8508,19.872],[104.8437,19.9266],[104.8937,19.9569],[104.9191,19.996],[104.9584,19.9926],[104.9652,19.9749],[105.0467,19.9299],[105.093,19.9383],[105.1686,19.9144],[105.1885,19.8624],[105.1503,19.8555],[105.1325,19.8268],[105.1335,19.7431],[105.1626,19.7225],[105.1634,19.6855],[105.2238,19.6483],[105.2461,19.6566],[105.282,19.6038],[105.2675,19.5296],[105.2939,19.4759],[105.3525,19.5432],[105.3963,19.4517],[105.4152,19.4597],[105.4461,19.4408],[105.5246,19.4643],[105.5902,19.3708],[105.6274,19.3813],[105.6679,19.3402],[105.6644,19.3139],[105.6763,19.3225],[105.6893,19.3006],[105.7112,19.3021],[105.7418,19.3235],[105.7654,19.2929],[105.8011,19.302],[105.8064,19.2737],[105.7823,19.2731],[105.7669,19.2279],[105.7374,19.217],[105.7384,19.1045],[105.6924,19.0823],[105.6633,19.0925],[105.6213,19.0215],[105.6155,18.9808],[105.6356,18.8998],[105.7178,18.8501],[105.7242,18.8091],[105.7627,18.7631],[105.7418,18.7428],[105.7688,18.6767],[105.7163,18.6676],[105.6802,18.5791],[105.6632,18.5849],[105.6312,18.5625],[105.5994,18.5771],[105.5463,18.5524],[105.5051,18.6099],[105.4782,18.6143],[105.4348,18.5875],[105.3772,18.5784],[105.2943,18.6223],[105.2281,18.5924],[105.1893,18.6004],[105.1972,18.6447],[105.1392,18.6811],[105.1337,18.7148],[105.0509,18.7064],[105.0601,18.7236],[105.0203,18.7307],[105.0219,18.748],[104.9425,18.7385],[104.9381,18.7737],[104.9107,18.7899]]]]}},{"type":"Feature","properties":{"name":"Ninh Bình"},"geometry":{"type":"MultiPolygon","coordinates":[[[[105.8461,20.1405],[105.7408,20.1852],[105.5998,20.3119],[105.5629,20.3174],[105.5427,20.3621],[105.5991,20.364],[105.6858,20.3051],[105.7299,20.3388],[105.6853,20.4108],[105.7284,20.402],[105.7567,20.3672],[105.7517,20.4389],[105.7824,20.4365],[105.7922,20.4541],[105.8232,20.418],[105.8574,20.4265],[105.8524,20.4781],[105.819,20.506],[105.8063,20.4994],[105.769,20.5645],[105.796,20.5686],[105.8133,20.6337],[105.834,20.648],[105.8187,20.6605],[105.8799,20.6432],[105.8961,20.6688],[105.9435,20.6821],[105.9443,20.6565],[105.958,20.6508],[105.9975,20.6784],[106.0033,20.7038],[106.0346,20.6819],[106.0324,20.6403],[106.0541,20.6116],[106.0766,20.6031],[106.1087,20.6174],[106.1333,20.5732],[106.1694,20.5548],[106.1812,20.4878],[106.2255,20.4677],[106.21,20.4293],[106.2178,20.4127],[106.2822,20.4007],[106.2828,20.3788],[106.2531,20.3525],[106.2598,20.3291],[106.3407,20.3771],[106.4423,20.2935],[106.474,20.2906],[106.5293,20.3155],[106.5926,20.2403],[106.5616,20.2032],[106.5196,20.228],[106.3866,20.1959],[106.1815,19.9859],[106.1057,19.9575],[106.0918,19.9646],[106.0741,19.9356],[106.024,19.9819],[106.0604,20.0166],[106.072,20.0666],[105.9597,20.0665],[105.9198,20.1046],[105.8461,20.1405]]]]}},{"type":"Feature","properties":{"name":"Phú Thọ"},"geometry":{"type":"MultiPolygon","coordinates":[[[[105.1906,20.517],[105.1701,20.5151],[105.1059,20.5734],[105.0633,20.5743],[105.0458,20.5566],[104.9818,20.5736],[104.9505,20.6418],[104.9017,20.6696],[104.8372,20.6606],[104.8426,20.7516],[104.8822,20.7676],[104.9856,20.7225],[105.0134,20.7252],[104.9911,20.7552],[105.0253,20.8023],[104.9974,20.815],[105.0069,20.8444],[104.9757,20.9091],[104.9395,20.9322],[104.8662,21.0332],[104.853,21.0765],[104.9123,21.1181],[104.8527,21.1529],[104.8643,21.2103],[104.8441,21.2263],[104.8554,21.2339],[104.8429,21.3106],[104.8136,21.3335],[104.8488,21.3387],[104.8542,21.3649],[104.8828,21.342],[104.9004,21.3508],[104.8819,21.3845],[104.9077,21.4142],[104.9117,21.4476],[104.8678,21.5461],[104.8988,21.5652],[104.8876,21.6122],[104.9051,21.6093],[104.9071,21.6312],[104.955,21.6603],[104.9715,21.6458],[104.98,21.673],[105.0309,21.7012],[105.0977,21.6798],[105.0921,21.7198],[105.1501,21.6998],[105.1558,21.6814],[105.1775,21.6873],[105.235,21.6585],[105.2249,21.629],[105.247,21.616],[105.2485,21.5854],[105.2742,21.5606],[105.2679,21.5456],[105.2961,21.5347],[105.3023,21.5086],[105.3405,21.5035],[105.3439,21.5182],[105.3719,21.5245],[105.4235,21.4976],[105.5214,21.535],[105.553,21.5723],[105.6353,21.4928],[105.6513,21.4583],[105.7246,21.4321],[105.7296,21.4089],[105.7556,21.4104],[105.7598,21.3781],[105.7862,21.3571],[105.7254,21.273],[105.7351,21.2329],[105.6982,21.2133],[105.6882,21.2347],[105.6496,21.2375],[105.6578,21.22],[105.6152,21.2076],[105.6258,21.1755],[105.5336,21.1542],[105.4751,21.1725],[105.4437,21.2697],[105.3868,21.3015],[105.3567,21.2781],[105.3463,21.2245],[105.2891,21.1703],[105.3205,21.1099],[105.294,21.0517],[105.3153,21.0113],[105.3249,21.0214],[105.3265,21.0087],[105.3534,21.0074],[105.3869,21.0246],[105.4438,20.956],[105.5125,20.9223],[105.5805,20.9287],[105.5431,20.8817],[105.5879,20.8455],[105.5552,20.806],[105.5835,20.8119],[105.5964,20.8417],[105.6306,20.8294],[105.6364,20.8393],[105.6306,20.7935],[105.6481,20.7937],[105.6616,20.7234],[105.6836,20.6958],[105.6694,20.6759],[105.6868,20.6377],[105.6666,20.617],[105.7013,20.6215],[105.7083,20.5988],[105.744,20.5983],[105.7949,20.5115],[105.8524,20.4781],[105.8574,20.4265],[105.8232,20.418],[105.7922,20.4541],[105.7824,20.4365],[105.7517,20.4389],[105.7567,20.3672],[105.7284,20.402],[105.6853,20.4108],[105.7298,20.3374],[105.6775,20.3058],[105.581,20.3699],[105.5038,20.3604],[105.4367,20.3844],[105.4062,20.3726],[105.3456,20.3907],[105.2584,20.4342],[105.2672,20.455],[105.2446,20.488],[105.1906,20.517]]]]}},{"type":"Feature","properties":{"name":"Quảng Ngãi"},"geometry":{"type":"MultiPolygon","coordinates":[[[[107.604,14.0481],[107.5924,14.0223],[107.5212,14.0135],[107.5257,13.9824],[107.4703,13.9542],[107.4583,13.9216],[107.4556,13.9803],[107.4424,13.997],[107.3845,13.9877],[107.3568,14.0271],[107.3823,14.0795],[107.3328,14.1047],[107.3583,14.1694],[107.4073,14.2334],[107.4069,14.2961],[107.3907,14.3249],[107.4305,14.3802],[107.4191,14.4073],[107.4487,14.4259],[107.4599,14.4059],[107.4883,14.4056],[107.507,14.5085],[107.5319,14.5537],[107.5168,14.5857],[107.5448,14.6108],[107.5568,14.7183],[107.5233,14.7231],[107.5421,14.7501],[107.5058,14.7868],[107.5916,14.8732],[107.5849,14.892],[107.4834,14.9512],[107.4681,15.0079],[107.5411,15.0495],[107.5852,15.0288],[107.5937,15.051],[107.6208,15.0508],[107.598,15.087],[107.6229,15.1058],[107.6079,15.1328],[107.627,15.1498],[107.5827,15.1955],[107.6324,15.2298],[107.6149,15.2876],[107.635,15.3192],[107.6099,15.3346],[107.5954,15.3819],[107.6208,15.4117],[107.6374,15.4158],[107.6549,15.3972],[107.6636,15.3532],[107.7073,15.3037],[107.7304,15.3082],[107.7351,15.2305],[107.8713,15.2105],[107.8912,15.193],[107.9276,15.2096],[107.9504,15.1751],[107.9997,15.1562],[108.002,15.1193],[107.9531,15.0546],[107.965,15.0209],[107.9901,14.9985],[108.0475,14.9921],[108.0881,14.9514],[108.1072,14.9514],[108.1622,14.9738],[108.1462,15.0448],[108.16,15.0598],[108.2403,15.033],[108.2351,15.0782],[108.2573,15.0906],[108.2572,15.1161],[108.3065,15.1741],[108.2914,15.1982],[108.3086,15.2212],[108.2812,15.2435],[108.3032,15.2585],[108.3146,15.2986],[108.4029,15.3003],[108.4304,15.3263],[108.4388,15.312],[108.484,15.3081],[108.6423,15.368],[108.7137,15.3707],[108.739,15.3991],[108.7769,15.3845],[108.8072,15.4024],[108.7963,15.4227],[108.8267,15.4182],[108.8282,15.3764],[108.8495,15.3494],[108.8708,15.3518],[108.8655,15.3353],[108.8841,15.3249],[108.8726,15.2933],[108.9035,15.2532],[108.9438,15.2354],[108.8963,15.1938],[108.9037,15.0783],[108.9623,14.9043],[109.0779,14.7022],[109.0832,14.6683],[109.0651,14.6538],[109.0824,14.5777],[109.0445,14.6082],[109.043,14.6346],[109.017,14.6648],[108.9785,14.6694],[108.9285,14.7029],[108.8896,14.6811],[108.8392,14.6931],[108.8134,14.6689],[108.769,14.676],[108.7638,14.5987],[108.7337,14.588],[108.704,14.6134],[108.6132,14.5316],[108.5933,14.5643],[108.5476,14.589],[108.5282,14.5553],[108.4941,14.5436],[108.438,14.5554],[108.3981,14.6008],[108.3754,14.6012],[108.357,14.5698],[108.384,14.5222],[108.2976,14.417],[108.296,14.3913],[108.2206,14.391],[108.147,14.3475],[108.1496,14.3603],[108.1155,14.3633],[108.1044,14.3376],[108.0785,14.3325],[108.089,14.3148],[108.06,14.2655],[108.0397,14.2767],[108.0123,14.2405],[107.9333,14.2409],[107.8768,14.2824],[107.8369,14.2683],[107.8378,14.2346],[107.8175,14.2137],[107.7836,14.2255],[107.76,14.2022],[107.6878,14.2211],[107.6584,14.1636],[107.65,14.0665],[107.6334,14.0537],[107.6146,14.0638],[107.604,14.0481]]],[[[108.9542,15.1928],[108.9542,15.1928],[108.9542,15.1928]]],[[[108.9324,15.2525],[108.9324,15.2525],[108.9324,15.2525]]],[[[109.118,15.3697],[109.0971,15.3749],[109.0991,15.3898],[109.1426,15.3881],[109.118,15.3697]]],[[[108.7732,15.3924],[108.7732,15.3924],[108.7732,15.3924]]],[[[108.7802,15.3932],[108.7802,15.3932],[108.7802,15.3932]]],[[[108.7837,15.3926],[108.7837,15.3926],[108.7837,15.3926]]],[[[109.0871,15.4319],[109.0771,15.4276],[109.0871,15.4319],[109.0871,15.4319]]]]}},{"type":"Feature","properties":{"name":"Quảng Ninh"},"geometry":{"type":"MultiPolygon","coordinates":[[[[107.2941,20.8545],[107.2941,20.8545],[107.2941,20.8545]]],[[[107.2933,20.858],[107.2933,20.858],[107.2933,20.858]]],[[[107.3011,20.8645],[107.3011,20.8645],[107.3011,20.8645]]],[[[107.3014,20.8714],[107.3014,20.8714],[107.3014,20.8714]]],[[[107.2898,20.8757],[107.2898,20.8757],[107.2898,20.8757]]],[[[107.2952,20.8733],[107.2952,20.8733],[107.2952,20.8733]]],[[[107.2886,20.8753],[107.2886,20.8753],[107.2886,20.8753]]],[[[107.2922,20.8789],[107.2922,20.8789],[107.2922,20.8789]]],[[[107.2938,20.8793],[107.2938,20.8793],[107.2938,20.8793]]],[[[107.2887,20.8813],[107.2887,20.8813],[107.2887,20.8813]]],[[[107.2868,20.8817],[107.2868,20.8817],[107.2868,20.8817]]],[[[107.2896,20.9026],[107.2896,20.9026],[107.2896,20.9026]]],[[[107.2849,20.9061],[107.2849,20.9061],[107.2849,20.9061]]],[[[106.9452,20.9073],[106.9452,20.9073],[106.9452,20.9073]]],[[[106.9482,20.9072],[106.9482,20.9072],[106.9482,20.9072]]],[[[106.9512,20.909],[106.9512,20.909],[106.9512,20.909]]],[[[107.2948,20.9098],[107.2948,20.9098],[107.2948,20.9098]]],[[[107.2946,20.91],[107.2946,20.91],[107.2946,20.91]]],[[[107.2988,20.9115],[107.2988,20.9115],[107.2988,20.9115]]],[[[107.2967,20.9128],[107.2967,20.9128],[107.2967,20.9128]]],[[[106.9472,20.9125],[106.9472,20.9125],[106.9472,20.9125]]],[[[107.2973,20.9133],[107.2973,20.9133],[107.2973,20.9133]]],[[[107.3009,20.913],[107.3009,20.913],[107.3009,20.913]]],[[[106.9491,20.9125],[106.9491,20.9125],[106.9491,20.9125]]],[[[107.2971,20.9142],[107.2971,20.9142],[107.2971,20.9142]]],[[[106.9477,20.9168],[106.9477,20.9168],[106.9477,20.9168]]],[[[106.9512,20.9172],[106.9512,20.9172],[106.9512,20.9172]]],[[[106.9495,20.9187],[106.9495,20.9187],[106.9495,20.9187]]],[[[106.9527,20.9189],[106.9527,20.9189],[106.9527,20.9189]]],[[[106.9521,20.9189],[106.9521,20.9189],[106.9521,20.9189]]],[[[106.9535,20.9196],[106.9535,20.9196],[106.9535,20.9196]]],[[[107.1524,20.9244],[107.1524,20.9244],[107.1524,20.9244]]],[[[106.9943,20.9251],[106.9943,20.9251],[106.9943,20.9251]]],[[[106.9941,20.9235],[106.9771,20.914],[106.9727,20.9375],[106.9927,20.9398],[106.9941,20.9235]]],[[[107.165,20.9287],[107.165,20.9287],[107.165,20.9287]]],[[[107.1651,20.929],[107.1651,20.929],[107.1651,20.929]]],[[[107.2067,20.9332],[107.2067,20.9332],[107.2067,20.9332]]],[[[107.2053,20.9343],[107.2053,20.9343],[107.2053,20.9343]]],[[[107.2037,20.9331],[107.2037,20.9331],[107.2037,20.9331]]],[[[107.15,20.938],[107.15,20.938],[107.15,20.938]]],[[[107.2044,20.9359],[107.2044,20.9359],[107.2044,20.9359]]],[[[107.2035,20.9373],[107.2035,20.9373],[107.2035,20.9373]]],[[[107.2052,20.9377],[107.2052,20.9377],[107.2052,20.9377]]],[[[107.2124,20.9509],[107.2124,20.9509],[107.2124,20.9509]]],[[[107.2185,20.9502],[107.2185,20.9502],[107.2185,20.9502]]],[[[107.2194,20.9538],[107.2194,20.9538],[107.2194,20.9538]]],[[[107.2182,20.9569],[107.2182,20.9569],[107.2182,20.9569]]],[[[107.2179,20.9627],[107.2057,20.949],[107.2179,20.9627],[107.2179,20.9627]]],[[[107.2247,20.9653],[107.2247,20.9653],[107.2247,20.9653]]],[[[107.2294,20.9643],[107.2294,20.9643],[107.2294,20.9643]]],[[[107.221,20.9676],[107.221,20.9676],[107.221,20.9676]]],[[[107.2256,20.9673],[107.2256,20.9673],[107.2256,20.9673]]],[[[107.2351,20.9661],[107.2351,20.9661],[107.2351,20.9661]]],[[[107.2271,20.97],[107.2271,20.97],[107.2271,20.97]]],[[[107.2324,20.9696],[107.2324,20.9696],[107.2324,20.9696]]],[[[107.2394,20.9699],[107.2394,20.9699],[107.2394,20.9699]]],[[[107.2315,20.9717],[107.2315,20.9717],[107.2315,20.9717]]],[[[107.2399,20.9725],[107.2399,20.9725],[107.2399,20.9725]]],[[[107.2366,20.973],[107.2366,20.973],[107.2366,20.973]]],[[[107.2326,20.9738],[107.2326,20.9738],[107.2326,20.9738]]],[[[107.2392,20.9739],[107.2392,20.9739],[107.2392,20.9739]]],[[[107.2346,20.9744],[107.2346,20.9744],[107.2346,20.9744]]],[[[107.2331,20.9765],[107.2331,20.9765],[107.2331,20.9765]]],[[[107.2464,20.9805],[107.2464,20.9805],[107.2464,20.9805]]],[[[107.2351,20.9802],[107.2351,20.9802],[107.2351,20.9802]]],[[[107.2447,20.9834],[107.2447,20.9834],[107.2447,20.9834]]],[[[107.2414,20.9826],[107.2414,20.9826],[107.2414,20.9826]]],[[[107.2551,20.9846],[107.2551,20.9846],[107.2551,20.9846]]],[[[107.2576,20.9871],[107.2576,20.9871],[107.2576,20.9871]]],[[[107.2529,20.9895],[107.2529,20.9895],[107.2529,20.9895]]],[[[107.2928,20.9908],[107.2928,20.9908],[107.2928,20.9908]]],[[[107.2555,20.9915],[107.2555,20.9915],[107.2555,20.9915]]],[[[106.8166,20.829],[106.7808,20.8359],[106.7574,20.8641],[106.7717,20.9242],[106.7521,20.9954],[106.6501,21.0195],[106.6239,21.0119],[106.575,21.0573],[106.5158,21.0461],[106.5171,21.0601],[106.4473,21.07],[106.4415,21.1169],[106.4841,21.1292],[106.5019,21.2244],[106.5299,21.2223],[106.5425,21.1924],[106.5799,21.1924],[106.6122,21.1698],[106.6384,21.1682],[106.6409,21.1806],[106.7949,21.1491],[106.8336,21.1529],[106.826,21.1886],[106.8738,21.1739],[106.9163,21.1844],[106.9358,21.1689],[106.9783,21.2264],[106.9858,21.2576],[106.9725,21.284],[107.02,21.2992],[107.032,21.3251],[107.0787,21.3463],[107.0973,21.3741],[107.1699,21.3635],[107.2167,21.3889],[107.2536,21.3665],[107.265,21.4004],[107.2418,21.4344],[107.2464,21.4824],[107.2072,21.5447],[107.2794,21.5643],[107.2956,21.5933],[107.3829,21.5956],[107.4165,21.6391],[107.4661,21.6648],[107.4981,21.6148],[107.4835,21.5987],[107.5433,21.5894],[107.5586,21.6144],[107.6868,21.6107],[107.7828,21.6554],[107.8155,21.6584],[107.8421,21.6412],[107.8574,21.6548],[107.8884,21.6256],[107.8992,21.5879],[107.9245,21.5893],[107.9427,21.5698],[107.9547,21.537],[108.0245,21.5485],[108.0479,21.5325],[108.0319,21.5287],[108.0272,21.4876],[108.0685,21.4907],[108.0098,21.4702],[107.9778,21.4361],[107.9546,21.4415],[107.9551,21.4018],[107.9215,21.403],[107.9125,21.4122],[107.9246,21.4259],[107.913,21.4175],[107.9067,21.4365],[107.8941,21.4315],[107.9028,21.4454],[107.8845,21.4368],[107.8937,21.4625],[107.8492,21.4595],[107.8331,21.4337],[107.8262,21.4694],[107.7888,21.4716],[107.7632,21.4481],[107.755,21.404],[107.6652,21.3795],[107.6361,21.3546],[107.6478,21.3477],[107.6055,21.2911],[107.5005,21.2923],[107.5009,21.2446],[107.5357,21.2055],[107.5176,21.2018],[107.5503,21.1882],[107.5969,21.2192],[107.6116,21.2182],[107.6061,21.2041],[107.4622,21.0809],[107.3834,21.0409],[107.3476,20.9955],[107.246,20.9971],[107.199,20.9619],[107.1996,20.9348],[107.1547,20.924],[107.1457,20.9419],[107.0591,20.9577],[106.9619,20.9508],[106.9411,20.9339],[106.95,20.9067],[106.8825,20.9007],[106.8658,20.8691],[106.8736,20.8338],[106.8331,20.812],[106.8166,20.829]],[[107.9251,21.4231],[107.9251,21.4231],[107.9251,21.4231]]],[[[107.3321,20.8124],[107.3321,20.8124],[107.3321,20.8124]]],[[[107.3413,20.8484],[107.3498,20.8205],[107.3526,20.8373],[107.3829,20.8284],[107.3843,20.7949],[107.3672,20.8112],[107.3439,20.8042],[107.3413,20.8484]]],[[[107.3331,20.8289],[107.3331,20.8289],[107.3331,20.8289]]],[[[107.3113,20.8326],[107.3113,20.8326],[107.3113,20.8326]]],[[[107.3291,20.8359],[107.3291,20.8359],[107.3291,20.8359]]],[[[107.3615,20.8378],[107.3578,20.8487],[107.3615,20.8378],[107.3615,20.8378]]],[[[107.303,20.8419],[107.303,20.8419],[107.303,20.8419]]],[[[107.331,20.8429],[107.331,20.8429],[107.331,20.8429]]],[[[107.3208,20.8453],[107.3208,20.8453],[107.3208,20.8453]]],[[[107.3446,20.849],[107.3446,20.849],[107.3446,20.849]]],[[[107.3207,20.8653],[107.3207,20.8653],[107.3207,20.8653]]],[[[107.3077,20.868],[107.3077,20.868],[107.3077,20.868]]],[[[107.3088,20.8691],[107.3088,20.8691],[107.3088,20.8691]]],[[[107.3057,20.8689],[107.3057,20.8689],[107.3057,20.8689]]],[[[107.3103,20.8733],[107.3103,20.8733],[107.3103,20.8733]]],[[[107.3067,20.8723],[107.3067,20.8723],[107.3067,20.8723]]],[[[107.3038,20.8991],[107.3231,20.8724],[107.3038,20.8991],[107.3038,20.8991]]],[[[107.3437,20.8972],[107.348,20.8874],[107.3437,20.8972],[107.3437,20.8972]]],[[[107.3577,20.8958],[107.3577,20.8958],[107.3577,20.8958]]],[[[107.3376,20.8958],[107.3376,20.8958],[107.3376,20.8958]]],[[[107.328,20.8978],[107.328,20.8978],[107.328,20.8978]]],[[[107.353,20.8973],[107.353,20.8973],[107.353,20.8973]]],[[[107.3297,20.8972],[107.3297,20.8972],[107.3297,20.8972]]],[[[107.3496,20.8961],[107.3496,20.8961],[107.3496,20.8961]]],[[[107.3567,20.8984],[107.3567,20.8984],[107.3567,20.8984]]],[[[107.3306,20.8985],[107.3306,20.8985],[107.3306,20.8985]]],[[[107.3149,20.9093],[107.3223,20.8825],[107.3149,20.9093],[107.3149,20.9093]]],[[[107.3537,20.8986],[107.3537,20.8986],[107.3537,20.8986]]],[[[107.3274,20.9002],[107.3274,20.9002],[107.3274,20.9002]]],[[[107.3334,20.9018],[107.3334,20.9018],[107.3334,20.9018]]],[[[107.3483,20.9027],[107.3483,20.9027],[107.3483,20.9027]]],[[[107.3069,20.9027],[107.3069,20.9027],[107.3069,20.9027]]],[[[107.3303,20.9025],[107.3303,20.9025],[107.3303,20.9025]]],[[[107.3437,20.9039],[107.3437,20.9039],[107.3437,20.9039]]],[[[107.327,20.9023],[107.319,20.9091],[107.327,20.9023],[107.327,20.9023]]],[[[107.3043,20.9107],[107.3043,20.9107],[107.3043,20.9107]]],[[[107.3039,20.9154],[107.3039,20.9154],[107.3039,20.9154]]],[[[107.3067,20.915],[107.3067,20.915],[107.3067,20.915]]],[[[107.324,20.9143],[107.324,20.9143],[107.324,20.9143]]],[[[107.305,20.9151],[107.305,20.9151],[107.305,20.9151]]],[[[107.3059,20.9153],[107.3059,20.9153],[107.3059,20.9153]]],[[[107.3118,20.9168],[107.3118,20.9168],[107.3118,20.9168]]],[[[107.3098,20.9179],[107.3098,20.9179],[107.3098,20.9179]]],[[[107.3036,20.9171],[107.3036,20.9171],[107.3036,20.9171]]],[[[107.3432,20.9213],[107.3105,20.9235],[107.3432,20.9213],[107.3432,20.9213]]],[[[107.3465,20.9438],[107.3465,20.9438],[107.3465,20.9438]]],[[[107.3832,20.9561],[107.3508,20.9253],[107.3099,20.9372],[107.3832,20.9561]]],[[[107.3354,20.9491],[107.3354,20.9491],[107.3354,20.9491]]],[[[107.342,20.9513],[107.342,20.9513],[107.342,20.9513]]],[[[107.3293,20.9527],[107.3293,20.9527],[107.3293,20.9527]]],[[[107.3503,20.9532],[107.3503,20.9532],[107.3503,20.9532]]],[[[107.3325,20.956],[107.3325,20.956],[107.3325,20.956]]],[[[107.3357,20.9573],[107.3357,20.9573],[107.3357,20.9573]]],[[[107.3533,20.9581],[107.3533,20.9581],[107.3533,20.9581]]],[[[107.3487,20.9651],[107.3487,20.9651],[107.3487,20.9651]]],[[[107.3578,20.9697],[107.3578,20.9697],[107.3578,20.9697]]],[[[107.3591,20.9705],[107.3591,20.9705],[107.3591,20.9705]]],[[[107.347,20.9826],[107.347,20.9826],[107.347,20.9826]]],[[[107.3435,20.9851],[107.3435,20.9851],[107.3435,20.9851]]],[[[107.3121,20.9839],[107.3121,20.9839],[107.3121,20.9839]]],[[[107.3491,20.986],[107.3491,20.986],[107.3491,20.986]]],[[[107.3125,20.9864],[107.3125,20.9864],[107.3125,20.9864]]],[[[107.3417,20.9869],[107.3417,20.9869],[107.3417,20.9869]]],[[[107.3556,20.9862],[107.3556,20.9862],[107.3556,20.9862]]],[[[107.3403,20.9868],[107.3403,20.9868],[107.3403,20.9868]]],[[[107.3466,20.9884],[107.3466,20.9884],[107.3466,20.9884]]],[[[107.359,20.9898],[107.359,20.9898],[107.359,20.9898]]],[[[107.3534,20.9899],[107.3534,20.9899],[107.3534,20.9899]]],[[[107.3437,20.9894],[107.3437,20.9894],[107.3437,20.9894]]],[[[107.346,20.9909],[107.346,20.9909],[107.346,20.9909]]],[[[107.3111,20.9903],[107.3111,20.9903],[107.3111,20.9903]]],[[[107.349,20.9922],[107.349,20.9922],[107.349,20.9922]]],[[[107.3543,20.9941],[107.3543,20.9941],[107.3543,20.9941]]],[[[107.3779,20.7526],[107.3779,20.7526],[107.3779,20.7526]]],[[[107.3992,20.7527],[107.3866,20.7459],[107.3992,20.7527],[107.3992,20.7527]]],[[[107.3835,20.7898],[107.3835,20.7898],[107.3835,20.7898]]],[[[107.3704,20.8423],[107.3704,20.8423],[107.3704,20.8423]]],[[[107.3864,20.8467],[107.3864,20.8467],[107.3864,20.8467]]],[[[107.3947,20.8738],[107.3947,20.8738],[107.3947,20.8738]]],[[[107.3614,20.8872],[107.3869,20.8787],[107.3874,20.8898],[107.3948,20.8758],[107.3731,20.8758],[107.3922,20.8643],[107.3555,20.8587],[107.34,20.8882],[107.3301,20.8758],[107.3304,20.8953],[107.3614,20.8872]]],[[[107.3981,20.8787],[107.3981,20.8787],[107.3981,20.8787]]],[[[107.3887,20.8906],[107.3887,20.8906],[107.3887,20.8906]]],[[[107.3736,20.8929],[107.3736,20.8929],[107.3736,20.8929]]],[[[107.3895,20.893],[107.3895,20.893],[107.3895,20.893]]],[[[107.3591,20.8962],[107.3591,20.8962],[107.3591,20.8962]]],[[[107.3758,20.8973],[107.3627,20.9],[107.3758,20.8973],[107.3758,20.8973]]],[[[107.378,20.9016],[107.378,20.9016],[107.378,20.9016]]],[[[107.3718,20.9151],[107.3718,20.9151],[107.3718,20.9151]]],[[[107.3771,20.918],[107.3771,20.918],[107.3771,20.918]]],[[[107.3852,20.9194],[107.3852,20.9194],[107.3852,20.9194]]],[[[107.3989,20.9273],[107.3989,20.9273],[107.3989,20.9273]]],[[[107.3958,20.933],[107.3958,20.933],[107.3958,20.933]]],[[[107.3557,20.9002],[107.4058,20.9202],[107.4549,20.9672],[107.4198,20.9196],[107.3557,20.9002]]],[[[107.3865,20.9354],[107.3865,20.9354],[107.3865,20.9354]]],[[[107.3969,20.9389],[107.3969,20.9389],[107.3969,20.9389]]],[[[107.3907,20.9401],[107.3907,20.9401],[107.3907,20.9401]]],[[[107.3977,20.9398],[107.3977,20.9398],[107.3977,20.9398]]],[[[107.3854,20.9416],[107.3854,20.9416],[107.3854,20.9416]]],[[[107.3949,20.9489],[107.3949,20.9489],[107.3949,20.9489]]],[[[107.3918,20.9522],[107.3918,20.9522],[107.3918,20.9522]]],[[[107.3886,20.953],[107.3886,20.953],[107.3886,20.953]]],[[[107.3673,20.962],[107.3673,20.962],[107.3673,20.962]]],[[[107.3713,20.9642],[107.3713,20.9642],[107.3713,20.9642]]],[[[107.3683,20.9638],[107.3683,20.9638],[107.3683,20.9638]]],[[[107.4073,20.9651],[107.4073,20.9651],[107.4073,20.9651]]],[[[107.3697,20.9678],[107.3697,20.9678],[107.3697,20.9678]]],[[[107.3605,20.9712],[107.3605,20.9712],[107.3605,20.9712]]],[[[107.3688,20.9717],[107.3688,20.9717],[107.3688,20.9717]]],[[[107.397,20.9732],[107.397,20.9732],[107.397,20.9732]]],[[[107.3726,20.974],[107.3726,20.974],[107.3726,20.974]]],[[[107.3746,20.9764],[107.3746,20.9764],[107.3746,20.9764]]],[[[107.404,20.9765],[107.404,20.9765],[107.404,20.9765]]],[[[107.4049,20.9799],[107.4049,20.9799],[107.4049,20.9799]]],[[[107.382,20.9805],[107.382,20.9805],[107.382,20.9805]]],[[[107.4065,20.982],[107.4065,20.982],[107.4065,20.982]]],[[[107.3884,20.9872],[107.3884,20.9872],[107.3884,20.9872]]],[[[107.3595,20.9886],[107.3595,20.9886],[107.3595,20.9886]]],[[[107.4009,20.9893],[107.4009,20.9893],[107.4009,20.9893]]],[[[107.3616,20.9894],[107.3616,20.9894],[107.3616,20.9894]]],[[[107.4013,20.9903],[107.4013,20.9903],[107.4013,20.9903]]],[[[107.3605,20.9903],[107.3605,20.9903],[107.3605,20.9903]]],[[[107.3987,20.991],[107.3987,20.991],[107.3987,20.991]]],[[[107.3767,20.9921],[107.3767,20.9921],[107.3767,20.9921]]],[[[107.4038,20.992],[107.4038,20.992],[107.4038,20.992]]],[[[107.3934,20.9945],[107.3934,20.9945],[107.3934,20.9945]]],[[[107.3912,20.9949],[107.3912,20.9949],[107.3912,20.9949]]],[[[107.4053,20.9961],[107.4053,20.9961],[107.4053,20.9961]]],[[[107.3638,20.9952],[107.3638,20.9952],[107.3638,20.9952]]],[[[107.3807,20.9974],[107.3807,20.9974],[107.3807,20.9974]]],[[[107.3781,20.9978],[107.3781,20.9978],[107.3781,20.9978]]],[[[107.3616,20.9981],[107.3616,20.9981],[107.3616,20.9981]]],[[[107.4028,20.9981],[107.4028,20.9981],[107.4028,20.9981]]],[[[107.3653,20.9984],[107.3653,20.9984],[107.3653,20.9984]]],[[[107.3896,20.9984],[107.3896,20.9984],[107.3896,20.9984]]],[[[107.3936,20.9974],[107.3936,20.9974],[107.3936,20.9974]]],[[[107.3679,20.9993],[107.3679,20.9993],[107.3679,20.9993]]],[[[107.4042,21.0005],[107.4042,21.0005],[107.4042,21.0005]]],[[[107.3659,21.0021],[107.3659,21.0021],[107.3659,21.0021]]],[[[107.3818,21.0059],[107.3818,21.0059],[107.3818,21.0059]]],[[[107.4007,21.0075],[107.4007,21.0075],[107.4007,21.0075]]],[[[107.3854,21.007],[107.3854,21.007],[107.3854,21.007]]],[[[107.404,21.0093],[107.404,21.0093],[107.404,21.0093]]],[[[107.3993,21.0231],[107.3993,21.0231],[107.3993,21.0231]]],[[[107.405,21.0244],[107.405,21.0244],[107.405,21.0244]]],[[[107.3827,21.0202],[107.3881,21.0386],[107.3827,21.0202],[107.3827,21.0202]]],[[[107.4036,21.0337],[107.4036,21.0337],[107.4036,21.0337]]],[[[107.431,20.787],[107.431,20.787],[107.431,20.787]]],[[[107.4141,20.805],[107.4098,20.7685],[107.3989,20.7977],[107.4141,20.805]]],[[[107.4136,20.8481],[107.4136,20.8481],[107.4136,20.8481]]],[[[107.4481,20.9005],[107.4324,20.8839],[107.4157,20.8918],[107.4481,20.9005]]],[[[107.4286,20.9235],[107.4286,20.9235],[107.4286,20.9235]]],[[[107.435,20.9292],[107.435,20.9292],[107.435,20.9292]]],[[[107.431,20.9642],[107.431,20.9642],[107.431,20.9642]]],[[[107.4346,20.9676],[107.4346,20.9676],[107.4346,20.9676]]],[[[107.4074,20.9696],[107.4074,20.9696],[107.4074,20.9696]]],[[[107.4236,20.9731],[107.4236,20.9731],[107.4236,20.9731]]],[[[107.4313,20.9729],[107.4313,20.9729],[107.4313,20.9729]]],[[[107.4142,20.9739],[107.4142,20.9739],[107.4142,20.9739]]],[[[107.4134,20.9742],[107.4134,20.9742],[107.4134,20.9742]]],[[[107.4181,20.9764],[107.4181,20.9764],[107.4181,20.9764]]],[[[107.4146,20.9784],[107.4146,20.9784],[107.4146,20.9784]]],[[[107.4184,20.9791],[107.4184,20.9791],[107.4184,20.9791]]],[[[107.4211,20.9785],[107.4211,20.9785],[107.4211,20.9785]]],[[[107.4185,20.9794],[107.4185,20.9794],[107.4185,20.9794]]],[[[107.407,20.9802],[107.407,20.9802],[107.407,20.9802]]],[[[107.4262,20.9812],[107.4262,20.9812],[107.4262,20.9812]]],[[[107.4226,20.9823],[107.4226,20.9823],[107.4226,20.9823]]],[[[107.4146,20.9824],[107.4146,20.9824],[107.4146,20.9824]]],[[[107.4133,20.9858],[107.4133,20.9858],[107.4133,20.9858]]],[[[107.4125,20.9865],[107.4125,20.9865],[107.4125,20.9865]]],[[[107.415,20.9898],[107.415,20.9898],[107.415,20.9898]]],[[[107.4252,20.9934],[107.4252,20.9934],[107.4252,20.9934]]],[[[107.4271,20.9966],[107.4271,20.9966],[107.4271,20.9966]]],[[[107.423,20.9963],[107.423,20.9963],[107.423,20.9963]]],[[[107.4076,20.9976],[107.4076,20.9976],[107.4076,20.9976]]],[[[107.43,20.9988],[107.43,20.9988],[107.43,20.9988]]],[[[107.4246,21.0001],[107.4246,21.0001],[107.4246,21.0001]]],[[[107.4318,21.0005],[107.4318,21.0005],[107.4318,21.0005]]],[[[107.4075,21.0047],[107.4075,21.0047],[107.4075,21.0047]]],[[[107.4176,21.0059],[107.4176,21.0059],[107.4176,21.0059]]],[[[107.4101,21.0067],[107.4101,21.0067],[107.4101,21.0067]]],[[[107.4182,21.0115],[107.4182,21.0115],[107.4182,21.0115]]],[[[107.423,21.0108],[107.423,21.0108],[107.423,21.0108]]],[[[107.4207,21.0126],[107.4207,21.0126],[107.4207,21.0126]]],[[[107.4201,21.0137],[107.4201,21.0137],[107.4201,21.0137]]],[[[107.4182,21.0142],[107.4182,21.0142],[107.4182,21.0142]]],[[[107.4068,21.0143],[107.4068,21.0143],[107.4068,21.0143]]],[[[107.4165,21.0169],[107.4165,21.0169],[107.4165,21.0169]]],[[[107.4117,21.0202],[107.4117,21.0202],[107.4117,21.0202]]],[[[107.4273,21.0202],[107.4273,21.0202],[107.4273,21.0202]]],[[[107.4141,21.0209],[107.4141,21.0209],[107.4141,21.0209]]],[[[107.4115,21.0216],[107.4115,21.0216],[107.4115,21.0216]]],[[[107.4243,21.0218],[107.4243,21.0218],[107.4243,21.0218]]],[[[107.4154,21.0231],[107.4154,21.0231],[107.4154,21.0231]]],[[[107.4302,21.0252],[107.4302,21.0252],[107.4302,21.0252]]],[[[107.4192,21.0269],[107.4192,21.0269],[107.4192,21.0269]]],[[[107.4326,21.0285],[107.4326,21.0285],[107.4326,21.0285]]],[[[107.4227,21.0292],[107.4227,21.0292],[107.4227,21.0292]]],[[[107.4063,21.0279],[107.4063,21.0279],[107.4063,21.0279]]],[[[107.4189,21.0303],[107.4189,21.0303],[107.4189,21.0303]]],[[[107.4273,21.0347],[107.4273,21.0347],[107.4273,21.0347]]],[[[107.434,21.0375],[107.434,21.0375],[107.434,21.0375]]],[[[107.429,21.0352],[107.429,21.0352],[107.429,21.0352]]],[[[107.4264,21.0361],[107.4264,21.0361],[107.4264,21.0361]]],[[[107.4176,21.0393],[107.4176,21.0393],[107.4176,21.0393]]],[[[107.4099,21.0394],[107.4099,21.0394],[107.4099,21.0394]]],[[[107.4207,21.0439],[107.4207,21.0439],[107.4207,21.0439]]],[[[107.4119,21.0441],[107.4119,21.0441],[107.4119,21.0441]]],[[[107.4115,21.0444],[107.4115,21.0444],[107.4115,21.0444]]],[[[107.4222,21.046],[107.4222,21.046],[107.4222,21.046]]],[[[107.4181,21.0465],[107.4181,21.0465],[107.4181,21.0465]]],[[[107.4236,21.0463],[107.4236,21.0463],[107.4236,21.0463]]],[[[107.4322,21.0481],[107.4322,21.0481],[107.4322,21.0481]]],[[[107.4159,21.0485],[107.4159,21.0485],[107.4159,21.0485]]],[[[107.4256,21.0504],[107.4256,21.0504],[107.4256,21.0504]]],[[[107.4157,21.0506],[107.4157,21.0506],[107.4157,21.0506]]],[[[107.422,21.0536],[107.422,21.0536],[107.422,21.0536]]],[[[107.4276,21.0568],[107.4276,21.0568],[107.4276,21.0568]]],[[[107.4341,21.0603],[107.4341,21.0603],[107.4341,21.0603]]],[[[107.4661,20.7272],[107.4462,20.7188],[107.4715,20.7406],[107.4661,20.7272]]],[[[107.46,20.8662],[107.46,20.8662],[107.46,20.8662]]],[[[107.466,20.8655],[107.4591,20.8741],[107.466,20.8655],[107.466,20.8655]]],[[[107.4695,20.8916],[107.4695,20.8916],[107.4695,20.8916]]],[[[107.4408,20.9324],[107.4408,20.9324],[107.4408,20.9324]]],[[[107.4813,20.9674],[107.4432,20.9328],[107.4709,20.975],[107.4813,20.9674]]],[[[107.4368,20.9695],[107.4368,20.9695],[107.4368,20.9695]]],[[[107.4653,20.9708],[107.4653,20.9708],[107.4653,20.9708]]],[[[107.4452,20.9716],[107.4452,20.9716],[107.4452,20.9716]]],[[[107.4401,20.9718],[107.4401,20.9718],[107.4401,20.9718]]],[[[107.4494,20.9731],[107.4494,20.9731],[107.4494,20.9731]]],[[[107.4422,20.9739],[107.4422,20.9739],[107.4422,20.9739]]],[[[107.4372,20.9769],[107.4372,20.9769],[107.4372,20.9769]]],[[[107.4447,20.9762],[107.4447,20.9762],[107.4447,20.9762]]],[[[107.4661,20.9779],[107.4661,20.9779],[107.4661,20.9779]]],[[[107.4723,20.9773],[107.4723,20.9773],[107.4723,20.9773]]],[[[107.4365,20.9825],[107.4365,20.9825],[107.4365,20.9825]]],[[[107.4482,20.9947],[107.4482,20.9947],[107.4482,20.9947]]],[[[107.447,21.0057],[107.447,21.0057],[107.447,21.0057]]],[[[107.4401,21.0078],[107.4401,21.0078],[107.4401,21.0078]]],[[[107.4377,21.0099],[107.4377,21.0099],[107.4377,21.0099]]],[[[107.4555,21.0108],[107.4555,21.0108],[107.4555,21.0108]]],[[[107.4732,21.0102],[107.4732,21.0102],[107.4732,21.0102]]],[[[107.45,21.0099],[107.45,21.0099],[107.45,21.0099]]],[[[107.4737,21.012],[107.4737,21.012],[107.4737,21.012]]],[[[107.4438,21.0134],[107.4438,21.0134],[107.4438,21.0134]]],[[[107.4578,21.0119],[107.4578,21.0119],[107.4578,21.0119]]],[[[107.4476,21.0169],[107.4476,21.0169],[107.4476,21.0169]]],[[[107.4499,21.0155],[107.4499,21.0155],[107.4499,21.0155]]],[[[107.4397,21.0181],[107.4397,21.0181],[107.4397,21.0181]]],[[[107.4461,21.0218],[107.4338,21.012],[107.4461,21.0218],[107.4461,21.0218]]],[[[107.4591,21.0201],[107.4591,21.0201],[107.4591,21.0201]]],[[[107.4526,21.02],[107.4526,21.02],[107.4526,21.02]]],[[[107.4533,21.0218],[107.4533,21.0218],[107.4533,21.0218]]],[[[107.4508,21.0178],[107.4508,21.0178],[107.4508,21.0178]]],[[[107.4483,21.0224],[107.4483,21.0224],[107.4483,21.0224]]],[[[107.4595,21.0244],[107.4595,21.0244],[107.4595,21.0244]]],[[[107.4558,21.0235],[107.4558,21.0235],[107.4558,21.0235]]],[[[107.4474,21.0292],[107.4474,21.0292],[107.4474,21.0292]]],[[[107.4347,21.0342],[107.4347,21.0342],[107.4347,21.0342]]],[[[107.4363,21.0344],[107.4363,21.0344],[107.4363,21.0344]]],[[[107.4447,21.0454],[107.4447,21.0454],[107.4447,21.0454]]],[[[107.4358,21.0463],[107.4358,21.0463],[107.4358,21.0463]]],[[[107.4404,21.0488],[107.4404,21.0488],[107.4404,21.0488]]],[[[107.4412,21.0491],[107.4412,21.0491],[107.4412,21.0491]]],[[[107.4384,21.0507],[107.4384,21.0507],[107.4384,21.0507]]],[[[107.4414,21.0518],[107.4414,21.0518],[107.4414,21.0518]]],[[[107.4458,21.0505],[107.4458,21.0505],[107.4458,21.0505]]],[[[107.4717,21.053],[107.4717,21.053],[107.4717,21.053]]],[[[107.442,21.0538],[107.442,21.0538],[107.442,21.0538]]],[[[107.4603,21.054],[107.4603,21.054],[107.4603,21.054]]],[[[107.432,21.0526],[107.432,21.0526],[107.432,21.0526]]],[[[107.4422,21.0547],[107.4422,21.0547],[107.4422,21.0547]]],[[[107.4696,21.0574],[107.4696,21.0574],[107.4696,21.0574]]],[[[107.4592,21.0562],[107.4592,21.0562],[107.4592,21.0562]]],[[[107.4612,21.0564],[107.4612,21.0564],[107.4612,21.0564]]],[[[107.4656,21.0586],[107.4656,21.0586],[107.4656,21.0586]]],[[[107.4704,21.0589],[107.4704,21.0589],[107.4704,21.0589]]],[[[107.4518,21.0612],[107.4518,21.0612],[107.4518,21.0612]]],[[[107.4485,21.0627],[107.4485,21.0627],[107.4485,21.0627]]],[[[107.4754,21.0661],[107.4754,21.0661],[107.4754,21.0661]]],[[[107.4457,21.0647],[107.4457,21.0647],[107.4457,21.0647]]],[[[107.4365,21.0691],[107.4365,21.0691],[107.4365,21.0691]]],[[[107.4572,21.0715],[107.4572,21.0715],[107.4572,21.0715]]],[[[107.4508,21.0729],[107.4508,21.0729],[107.4508,21.0729]]],[[[107.4587,21.0735],[107.4587,21.0735],[107.4587,21.0735]]],[[[107.4585,21.0738],[107.4585,21.0738],[107.4585,21.0738]]],[[[107.4544,21.0746],[107.4544,21.0746],[107.4544,21.0746]]],[[[107.4555,21.0764],[107.4555,21.0764],[107.4555,21.0764]]],[[[107.457,21.0797],[107.457,21.0797],[107.457,21.0797]]],[[[107.4679,21.0841],[107.4679,21.0841],[107.4679,21.0841]]],[[[107.4665,21.0843],[107.4665,21.0843],[107.4665,21.0843]]],[[[107.4547,21.086],[107.4547,21.086],[107.4547,21.086]]],[[[107.489,20.7715],[107.4727,20.7616],[107.489,20.7715],[107.489,20.7715]]],[[[107.4805,20.8021],[107.4805,20.8021],[107.4805,20.8021]]],[[[107.5338,20.9095],[107.4704,20.8144],[107.4924,20.8723],[107.4766,20.896],[107.5149,20.9057],[107.5564,20.9688],[107.5607,20.9331],[107.5338,20.9095]]],[[[107.5161,20.9233],[107.4611,20.9049],[107.454,20.9167],[107.3978,20.8909],[107.3941,20.9015],[107.4739,20.9445],[107.4921,20.9787],[107.4777,20.9854],[107.5096,21.0185],[107.5104,21.0026],[107.5374,21.0427],[107.5374,21.0095],[107.5575,21.0457],[107.5504,20.9833],[107.5359,20.9858],[107.5161,20.9233]]],[[[107.4752,21.0112],[107.4752,21.0112],[107.4752,21.0112]]],[[[107.4786,21.0126],[107.4786,21.0126],[107.4786,21.0126]]],[[[107.5377,21.0163],[107.5377,21.0163],[107.5377,21.0163]]],[[[107.4786,21.0163],[107.4786,21.0163],[107.4786,21.0163]]],[[[107.475,21.0179],[107.475,21.0179],[107.475,21.0179]]],[[[107.5379,21.0202],[107.5379,21.0202],[107.5379,21.0202]]],[[[107.4781,21.0214],[107.4781,21.0214],[107.4781,21.0214]]],[[[107.4841,21.0216],[107.4841,21.0216],[107.4841,21.0216]]],[[[107.4987,21.0224],[107.4987,21.0224],[107.4987,21.0224]]],[[[107.4833,21.0243],[107.4833,21.0243],[107.4833,21.0243]]],[[[107.4751,21.0262],[107.4751,21.0262],[107.4751,21.0262]]],[[[107.4935,21.0257],[107.4935,21.0257],[107.4935,21.0257]]],[[[107.4876,21.0266],[107.4876,21.0266],[107.4876,21.0266]]],[[[107.4955,21.0264],[107.4955,21.0264],[107.4955,21.0264]]],[[[107.4759,21.0273],[107.4759,21.0273],[107.4759,21.0273]]],[[[107.4887,21.0296],[107.4887,21.0296],[107.4887,21.0296]]],[[[107.4837,21.0309],[107.4837,21.0309],[107.4837,21.0309]]],[[[107.5126,21.0312],[107.5126,21.0312],[107.5126,21.0312]]],[[[107.492,21.0322],[107.492,21.0322],[107.492,21.0322]]],[[[107.4816,21.0326],[107.4816,21.0326],[107.4816,21.0326]]],[[[107.4954,21.0334],[107.4954,21.0334],[107.4954,21.0334]]],[[[107.4914,21.036],[107.4914,21.036],[107.4914,21.036]]],[[[107.5015,21.036],[107.5015,21.036],[107.5015,21.036]]],[[[107.5027,21.0358],[107.5027,21.0358],[107.5027,21.0358]]],[[[107.5022,21.0373],[107.5022,21.0373],[107.5022,21.0373]]],[[[107.5185,21.0368],[107.5185,21.0368],[107.5185,21.0368]]],[[[107.5045,21.0363],[107.5045,21.0363],[107.5045,21.0363]]],[[[107.5068,21.0383],[107.5068,21.0383],[107.5068,21.0383]]],[[[107.4868,21.0382],[107.4868,21.0382],[107.4868,21.0382]]],[[[107.5097,21.0416],[107.5097,21.0416],[107.5097,21.0416]]],[[[107.5105,21.0418],[107.5105,21.0418],[107.5105,21.0418]]],[[[107.5119,21.044],[107.5119,21.044],[107.5119,21.044]]],[[[107.5265,21.049],[107.5265,21.049],[107.5265,21.049]]],[[[107.5289,21.0511],[107.5289,21.0511],[107.5289,21.0511]]],[[[107.5385,21.0537],[107.5385,21.0537],[107.5385,21.0537]]],[[[107.4943,21.055],[107.4943,21.055],[107.4943,21.055]]],[[[107.5325,21.0699],[107.5336,21.0537],[107.4935,21.041],[107.5325,21.0699]]],[[[107.4928,21.0563],[107.4928,21.0563],[107.4928,21.0563]]],[[[107.5008,21.0593],[107.5008,21.0593],[107.5008,21.0593]]],[[[107.5087,21.0607],[107.5087,21.0607],[107.5087,21.0607]]],[[[107.4926,21.0664],[107.4926,21.0664],[107.4926,21.0664]]],[[[107.5101,21.0651],[107.5101,21.0651],[107.5101,21.0651]]],[[[107.4754,21.0681],[107.4754,21.0681],[107.4754,21.0681]]],[[[107.5084,21.0686],[107.5084,21.0686],[107.5084,21.0686]]],[[[107.5165,21.0689],[107.5165,21.0689],[107.5165,21.0689]]],[[[107.4787,21.0692],[107.4787,21.0692],[107.4787,21.0692]]],[[[107.5242,21.0698],[107.5242,21.0698],[107.5242,21.0698]]],[[[107.5081,21.0707],[107.497,21.0718],[107.5081,21.0707],[107.5081,21.0707]]],[[[107.5248,21.0716],[107.5248,21.0716],[107.5248,21.0716]]],[[[107.4855,21.0769],[107.4855,21.0769],[107.4855,21.0769]]],[[[107.4993,21.0785],[107.4993,21.0785],[107.4993,21.0785]]],[[[107.4865,21.0784],[107.4865,21.0784],[107.4865,21.0784]]],[[[107.4798,21.0811],[107.4798,21.0811],[107.4798,21.0811]]],[[[107.4845,21.0821],[107.4845,21.0821],[107.4845,21.0821]]],[[[107.4833,21.0823],[107.4833,21.0823],[107.4833,21.0823]]],[[[107.4912,21.0848],[107.4912,21.0848],[107.4912,21.0848]]],[[[107.5166,21.0861],[107.5166,21.0861],[107.5166,21.0861]]],[[[107.4933,21.087],[107.4933,21.087],[107.4933,21.087]]],[[[107.4933,21.092],[107.4933,21.092],[107.4933,21.092]]],[[[107.5023,21.0931],[107.5023,21.0931],[107.5023,21.0931]]],[[[107.4922,21.0932],[107.4922,21.0932],[107.4922,21.0932]]],[[[107.4837,21.0955],[107.4837,21.0955],[107.4837,21.0955]]],[[[107.4998,21.0963],[107.4998,21.0963],[107.4998,21.0963]]],[[[107.5027,21.1021],[107.5027,21.1021],[107.5027,21.1021]]],[[[107.5393,21.1051],[107.5393,21.1051],[107.5393,21.1051]]],[[[107.5199,21.1106],[107.5199,21.1106],[107.5199,21.1106]]],[[[107.5404,21.1974],[107.5404,21.1974],[107.5404,21.1974]]],[[[107.5328,21.2627],[107.5328,21.2627],[107.5328,21.2627]]],[[[107.5349,21.2814],[107.5506,21.2775],[107.529,21.2649],[107.5225,21.2782],[107.5349,21.2814]]],[[[107.5441,21.0256],[107.5441,21.0256],[107.5441,21.0256]]],[[[107.5443,21.0279],[107.5443,21.0279],[107.5443,21.0279]]],[[[107.5624,21.0379],[107.5624,21.0379],[107.5624,21.0379]]],[[[107.5463,21.0412],[107.5463,21.0412],[107.5463,21.0412]]],[[[107.564,21.0384],[107.564,21.0384],[107.564,21.0384]]],[[[107.6237,21.109],[107.565,20.9694],[107.5874,21.0715],[107.6237,21.109]]],[[[107.5433,21.058],[107.5433,21.058],[107.5433,21.058]]],[[[107.5403,21.0601],[107.5403,21.0601],[107.5403,21.0601]]],[[[107.5598,21.0568],[107.5487,21.0542],[107.5567,21.07],[107.5598,21.0568]]],[[[107.5475,21.0623],[107.5475,21.0623],[107.5475,21.0623]]],[[[107.5681,21.0664],[107.5681,21.0664],[107.5681,21.0664]]],[[[107.5748,21.0624],[107.5748,21.0624],[107.5748,21.0624]]],[[[107.5479,21.0665],[107.5479,21.0665],[107.5479,21.0665]]],[[[107.551,21.0702],[107.551,21.0702],[107.551,21.0702]]],[[[107.574,21.0762],[107.574,21.0762],[107.574,21.0762]]],[[[107.579,21.0863],[107.579,21.0863],[107.579,21.0863]]],[[[107.5815,21.0848],[107.5815,21.0848],[107.5815,21.0848]]],[[[107.5811,21.1121],[107.5695,21.0832],[107.5432,21.0875],[107.5592,21.0731],[107.5389,21.0649],[107.5252,21.0786],[107.5543,21.1183],[107.5831,21.1256],[107.5811,21.1121]]],[[[107.5847,21.0935],[107.5847,21.0935],[107.5847,21.0935]]],[[[107.5999,21.1102],[107.5999,21.1102],[107.5999,21.1102]]],[[[107.6142,21.1133],[107.6142,21.1133],[107.6142,21.1133]]],[[[107.5432,21.1168],[107.5432,21.1168],[107.5432,21.1168]]],[[[107.5495,21.1161],[107.5495,21.1161],[107.5495,21.1161]]],[[[107.6072,21.1213],[107.6072,21.1213],[107.6072,21.1213]]],[[[107.6086,21.1215],[107.6086,21.1215],[107.6086,21.1215]]],[[[107.6088,21.1255],[107.6088,21.1255],[107.6088,21.1255]]],[[[107.6117,21.1272],[107.6117,21.1272],[107.6117,21.1272]]],[[[107.6104,21.1271],[107.6104,21.1271],[107.6104,21.1271]]],[[[107.5766,21.1272],[107.5559,21.1228],[107.5674,21.1382],[107.5821,21.1375],[107.5766,21.1272]]],[[[107.5887,21.1315],[107.5887,21.1315],[107.5887,21.1315]]],[[[107.6502,21.141],[107.6427,21.1321],[107.6502,21.141],[107.6502,21.141]]],[[[107.5859,21.1493],[107.5859,21.1493],[107.5859,21.1493]]],[[[107.668,21.1763],[107.6565,21.1378],[107.6563,21.1873],[107.6805,21.2154],[107.668,21.1763]]],[[[107.6244,21.1785],[107.6244,21.1785],[107.6244,21.1785]]],[[[107.6213,21.1783],[107.6273,21.1927],[107.6213,21.1783],[107.6213,21.1783]]],[[[107.5756,21.2079],[107.5885,21.2164],[107.5756,21.2079],[107.5756,21.2079]]],[[[107.5941,21.2273],[107.5791,21.2237],[107.5941,21.2273],[107.5941,21.2273]]],[[[107.6155,21.2297],[107.6155,21.2297],[107.6155,21.2297]]],[[[107.5895,21.2331],[107.5895,21.2331],[107.5895,21.2331]]],[[[107.5994,21.2342],[107.5994,21.2342],[107.5994,21.2342]]],[[[107.5905,21.237],[107.5905,21.237],[107.5905,21.237]]],[[[107.6324,21.2331],[107.6399,21.2424],[107.6324,21.2331],[107.6324,21.2331]]],[[[107.6353,21.2559],[107.6156,21.2336],[107.5913,21.2367],[107.6353,21.2559]]],[[[107.5463,21.2538],[107.5463,21.2538],[107.5463,21.2538]]],[[[107.5701,21.2581],[107.5701,21.2581],[107.5701,21.2581]]],[[[107.6744,21.2577],[107.6744,21.2577],[107.6744,21.2577]]],[[[107.5569,21.2606],[107.5569,21.2606],[107.5569,21.2606]]],[[[107.5453,21.2664],[107.5353,21.2623],[107.5453,21.2664],[107.5453,21.2664]]],[[[107.6835,21.2655],[107.6835,21.2655],[107.6835,21.2655]]],[[[107.5477,21.2646],[107.5686,21.2774],[107.589,21.262],[107.5593,21.2537],[107.5477,21.2646]]],[[[107.6437,21.267],[107.6437,21.267],[107.6437,21.267]]],[[[107.6681,21.2788],[107.6507,21.2693],[107.6681,21.2788],[107.6681,21.2788]]],[[[107.5556,21.281],[107.5556,21.281],[107.5556,21.281]]],[[[107.6144,21.2803],[107.6144,21.2803],[107.6144,21.2803]]],[[[107.5495,21.2825],[107.5495,21.2825],[107.5495,21.2825]]],[[[107.6974,21.2951],[107.6523,21.2656],[107.6974,21.2951],[107.6974,21.2951]]],[[[107.6266,21.2878],[107.6266,21.2878],[107.6266,21.2878]]],[[[107.5818,21.2873],[107.5818,21.2873],[107.5818,21.2873]]],[[[107.5784,21.284],[107.5784,21.284],[107.5784,21.284]]],[[[107.5807,21.2882],[107.5807,21.2882],[107.5807,21.2882]]],[[[107.6256,21.2895],[107.6256,21.2895],[107.6256,21.2895]]],[[[107.607,21.2898],[107.607,21.2898],[107.607,21.2898]]],[[[107.6112,21.2908],[107.6112,21.2908],[107.6112,21.2908]]],[[[107.6511,21.3003],[107.6511,21.3003],[107.6511,21.3003]]],[[[107.6221,21.3015],[107.6221,21.3015],[107.6221,21.3015]]],[[[107.6602,21.3068],[107.6602,21.3068],[107.6602,21.3068]]],[[[107.6566,21.3087],[107.6566,21.3087],[107.6566,21.3087]]],[[[107.634,21.3116],[107.634,21.3116],[107.634,21.3116]]],[[[107.6863,21.3319],[107.6863,21.3319],[107.6863,21.3319]]],[[[107.6746,21.3415],[107.6746,21.3415],[107.6746,21.3415]]],[[[107.6749,21.3433],[107.6749,21.3433],[107.6749,21.3433]]],[[[107.6767,21.3458],[107.6767,21.3458],[107.6767,21.3458]]],[[[107.6746,21.3458],[107.6746,21.3458],[107.6746,21.3458]]],[[[107.7913,20.9747],[107.7913,20.9747],[107.7913,20.9747]]],[[[107.7783,20.9733],[107.7382,20.9421],[107.7615,20.9696],[107.73,21.0022],[107.7434,21.0218],[107.7859,20.9907],[107.7783,20.9733]]],[[[107.8004,20.983],[107.8004,20.983],[107.8004,20.983]]],[[[107.8612,21.0372],[107.8063,20.9763],[107.8242,21.0305],[107.8389,21.0445],[107.8612,21.0372]]],[[[107.7938,21.0338],[107.7938,21.0338],[107.7938,21.0338]]],[[[107.8202,21.0327],[107.8202,21.0327],[107.8202,21.0327]]],[[[107.783,21.0384],[107.7616,21.032],[107.7777,21.0512],[107.783,21.0384]]],[[[107.7535,21.0471],[107.7535,21.0471],[107.7535,21.0471]]],[[[107.8513,21.051],[107.8513,21.051],[107.8513,21.051]]],[[[107.8658,21.0545],[107.8658,21.0545],[107.8658,21.0545]]],[[[107.7737,21.0675],[107.7737,21.0675],[107.7737,21.0675]]],[[[107.8216,21.0746],[107.8216,21.0746],[107.8216,21.0746]]],[[[107.8231,21.1011],[107.8231,21.1011],[107.8231,21.1011]]],[[[107.8143,21.1081],[107.8021,21.1035],[107.8143,21.1081],[107.8143,21.1081]]],[[[107.7988,21.1296],[107.7988,21.1296],[107.7988,21.1296]]],[[[107.8589,21.1297],[107.8589,21.1297],[107.8589,21.1297]]],[[[107.802,21.1307],[107.802,21.1307],[107.802,21.1307]]],[[[107.7968,21.1302],[107.7968,21.1302],[107.7968,21.1302]]],[[[107.8007,21.132],[107.8007,21.132],[107.8007,21.132]]],[[[107.7986,21.1348],[107.7986,21.1348],[107.7986,21.1348]]],[[[107.852,21.1351],[107.852,21.1351],[107.852,21.1351]]],[[[107.8004,21.1383],[107.8004,21.1383],[107.8004,21.1383]]],[[[107.8709,21.1414],[107.8709,21.1414],[107.8709,21.1414]]],[[[107.8445,21.1479],[107.8445,21.1479],[107.8445,21.1479]]],[[[107.8623,21.157],[107.8508,21.1524],[107.8623,21.157],[107.8623,21.157]]],[[[107.8667,21.1641],[107.8667,21.1641],[107.8667,21.1641]]],[[[108.0189,21.1886],[108.0189,21.1886],[108.0189,21.1886]]],[[[108.0099,21.2049],[108.0099,21.2049],[108.0099,21.2049]]],[[[108.0144,21.2041],[108.0144,21.2041],[108.0144,21.2041]]],[[[107.6852,21.2231],[107.6951,21.234],[107.6852,21.2231],[107.6852,21.2231]]],[[[107.9804,21.2411],[107.9778,21.2301],[107.9476,21.2374],[107.9804,21.2411]]],[[[107.686,21.2657],[107.686,21.2657],[107.686,21.2657]]],[[[107.7036,21.2755],[107.7036,21.2755],[107.7036,21.2755]]],[[[107.7796,21.293],[107.7514,21.2838],[107.7796,21.293],[107.7796,21.293]]],[[[107.8192,21.3541],[107.7467,21.3063],[107.7038,21.3006],[107.8192,21.3541]]],[[[107.688,21.3407],[107.688,21.3407],[107.688,21.3407]]],[[[107.6892,21.3438],[107.6892,21.3438],[107.6892,21.3438]]],[[[107.7261,21.351],[107.7261,21.351],[107.7261,21.351]]],[[[107.6914,21.3481],[107.6914,21.3481],[107.6914,21.3481]]],[[[107.6913,21.3523],[107.6913,21.3523],[107.6913,21.3523]]],[[[107.7251,21.3551],[107.7251,21.3551],[107.7251,21.3551]]],[[[107.7596,21.3651],[107.7429,21.369],[107.7596,21.3651],[107.7596,21.3651]]],[[[107.9284,21.3612],[107.8461,21.339],[107.8495,21.3576],[107.8462,21.3472],[107.8772,21.358],[107.8568,21.3669],[107.8871,21.3705],[107.828,21.3643],[108.0034,21.3984],[107.9483,21.3567],[107.9284,21.3612]]],[[[107.8457,21.3754],[107.8457,21.3754],[107.8457,21.3754]]],[[[107.7669,21.3831],[107.7669,21.3831],[107.7669,21.3831]]],[[[107.8861,21.407],[107.9089,21.4098],[107.9057,21.3965],[107.8624,21.3952],[107.8861,21.407]]],[[[107.9012,21.4155],[107.9012,21.4155],[107.9012,21.4155]]],[[[107.9077,21.4162],[107.9077,21.4162],[107.9077,21.4162]]],[[[107.9622,21.4231],[107.9622,21.4231],[107.9622,21.4231]]],[[[107.9585,21.4251],[107.9585,21.4251],[107.9585,21.4251]]],[[[107.9733,21.427],[107.9733,21.427],[107.9733,21.427]]],[[[107.9723,21.428],[107.9723,21.428],[107.9723,21.428]]],[[[107.9711,21.4293],[107.9711,21.4293],[107.9711,21.4293]]],[[[107.9636,21.4301],[107.9636,21.4301],[107.9636,21.4301]]],[[[107.9705,21.429],[107.9705,21.429],[107.9705,21.429]]],[[[107.9677,21.4304],[107.9677,21.4304],[107.9677,21.4304]]],[[[107.9679,21.4315],[107.9679,21.4315],[107.9679,21.4315]]],[[[107.9552,21.4359],[107.9552,21.4359],[107.9552,21.4359]]],[[[107.9578,21.4337],[107.9578,21.4337],[107.9578,21.4337]]],[[[107.9645,21.4382],[107.9645,21.4382],[107.9645,21.4382]]],[[[107.9654,21.4372],[107.9654,21.4372],[107.9654,21.4372]]],[[[107.958,21.4417],[107.958,21.4417],[107.958,21.4417]]],[[[107.9621,21.4428],[107.9621,21.4428],[107.9621,21.4428]]],[[[107.9652,21.441],[107.9652,21.441],[107.9652,21.441]]],[[[107.9817,21.4434],[107.9817,21.4434],[107.9817,21.4434]]],[[[107.7732,21.4446],[107.7732,21.4446],[107.7732,21.4446]]],[[[107.7807,21.4475],[107.7807,21.4475],[107.7807,21.4475]]],[[[108.0456,21.512],[108.0391,21.5032],[108.0456,21.512],[108.0456,21.512]]],[[[108.0359,21.5097],[108.0359,21.5097],[108.0359,21.5097]]],[[[108.0397,21.5118],[108.0397,21.5118],[108.0397,21.5118]]],[[[108.047,21.5397],[108.0373,21.5448],[108.047,21.5397],[108.047,21.5397]]]]}},{"type":"Feature","properties":{"name":"Quảng Trị"},"geometry":{"type":"MultiPolygon","coordinates":[[[[106.9517,16.3597],[106.8977,16.3916],[106.9002,16.4258],[106.8719,16.4284],[106.8887,16.4521],[106.8762,16.4701],[106.8907,16.5112],[106.863,16.5414],[106.8308,16.5491],[106.8022,16.4635],[106.7707,16.468],[106.772,16.4318],[106.7406,16.4116],[106.7346,16.4394],[106.7261,16.4253],[106.676,16.4519],[106.647,16.5223],[106.6722,16.5597],[106.6673,16.5842],[106.6449,16.594],[106.6282,16.5816],[106.6257,16.6018],[106.5846,16.6022],[106.5901,16.6223],[106.5642,16.6424],[106.5519,16.6932],[106.5508,16.8675],[106.5159,16.897],[106.5193,16.9221],[106.5478,16.9259],[106.5491,17.0074],[106.516,16.971],[106.4595,17],[106.438,16.9947],[106.4023,17.0508],[106.417,17.0773],[106.3728,17.1107],[106.3554,17.1579],[106.3031,17.2078],[106.334,17.23],[106.3078,17.2382],[106.3171,17.2512],[106.3043,17.2574],[106.3022,17.295],[106.2745,17.2958],[106.278,17.2668],[106.2498,17.2433],[106.1912,17.2781],[106.0921,17.3601],[105.8629,17.6254],[105.782,17.6752],[105.7512,17.6693],[105.7438,17.7217],[105.6926,17.7678],[105.6852,17.8304],[105.6128,17.8856],[105.6354,17.9914],[105.7062,17.9929],[105.7397,18.0367],[105.7775,18.0166],[105.8283,18.0311],[105.82,18.0605],[105.9326,18.089],[105.9505,18.0578],[105.9862,18.0638],[106.0184,18.0272],[106.0574,18.0164],[106.0778,17.9878],[106.0457,17.9467],[106.1309,17.9207],[106.1993,17.9163],[106.2403,17.9305],[106.2837,17.9104],[106.2892,17.943],[106.3404,17.9916],[106.4352,17.9728],[106.4503,17.9496],[106.511,17.9599],[106.5157,17.9416],[106.4835,17.9213],[106.4493,17.8658],[106.4504,17.8014],[106.5104,17.6673],[106.6489,17.4592],[106.8201,17.2928],[107.1175,17.0854],[107.111,17.0198],[107.1452,16.9604],[107.2307,16.8696],[107.3889,16.7432],[107.3187,16.6623],[107.3298,16.6416],[107.3233,16.6532],[107.3072,16.6397],[107.3286,16.6085],[107.2886,16.5766],[107.271,16.5662],[107.2451,16.5872],[107.1839,16.5807],[107.1407,16.5718],[107.1218,16.5513],[107.0614,16.5462],[107.0586,16.5187],[107.1196,16.4868],[107.1359,16.4553],[107.1049,16.4399],[107.0575,16.4471],[107.0551,16.3859],[107.016,16.3612],[107.0209,16.3055],[107.0041,16.3162],[106.9662,16.3039],[106.9656,16.352],[106.9517,16.3597]]],[[[106.4749,17.8805],[106.4652,17.8748],[106.4749,17.8805],[106.4749,17.8805]]],[[[106.4971,17.9099],[106.4971,17.9099],[106.4971,17.9099]]],[[[106.5332,17.936],[106.5332,17.936],[106.5332,17.936]]],[[[106.5223,17.9401],[106.5223,17.9401],[106.5223,17.9401]]],[[[107.343,17.1497],[107.343,17.1497],[107.343,17.1497]]],[[[107.3314,17.1575],[107.3314,17.1575],[107.3314,17.1575]]],[[[107.3455,17.1621],[107.3334,17.1532],[107.3455,17.1621],[107.3455,17.1621]]],[[[107.3314,17.1604],[107.3314,17.1604],[107.3314,17.1604]]],[[[107.3311,17.1624],[107.3311,17.1624],[107.3311,17.1624]]],[[[107.3312,17.1627],[107.3312,17.1627],[107.3312,17.1627]]]]}},{"type":"Feature","properties":{"name":"Sơn La"},"geometry":{"type":"MultiPolygon","coordinates":[[[[103.5938,20.7449],[103.5075,20.7554],[103.4655,20.828],[103.438,20.7943],[103.3995,20.7838],[103.3646,20.8079],[103.304,20.8204],[103.2906,20.8384],[103.2592,20.8244],[103.2276,20.8432],[103.2352,20.8737],[103.2131,20.891],[103.2897,20.908],[103.2773,20.9379],[103.3024,20.9455],[103.2796,21.0041],[103.292,21.0246],[103.2738,21.0526],[103.2818,21.066],[103.3019,21.0622],[103.2865,21.0933],[103.3339,21.0918],[103.3715,21.0623],[103.4251,21.0689],[103.3953,21.1482],[103.4338,21.1691],[103.4412,21.2824],[103.4327,21.3107],[103.3697,21.3315],[103.3884,21.3676],[103.3626,21.3718],[103.3308,21.4137],[103.3444,21.4294],[103.4494,21.4383],[103.4595,21.5179],[103.5171,21.5328],[103.5192,21.565],[103.5341,21.5686],[103.5305,21.5867],[103.5599,21.6266],[103.5416,21.6456],[103.5698,21.6791],[103.5986,21.6817],[103.5411,21.7774],[103.5477,21.7988],[103.5223,21.8615],[103.4948,21.8752],[103.4795,21.9087],[103.4845,21.9383],[103.5055,21.9552],[103.4968,21.9698],[103.5106,22.0103],[103.5454,22.0308],[103.6517,21.9929],[103.6656,21.9507],[103.6887,21.9407],[103.6833,21.9207],[103.7039,21.9064],[103.7051,21.8843],[103.723,21.8788],[103.6965,21.8255],[103.7242,21.8063],[103.7597,21.8082],[103.7549,21.7789],[103.7791,21.7786],[103.8074,21.737],[103.8332,21.7438],[103.8534,21.6894],[103.8809,21.6875],[103.8827,21.7088],[103.9313,21.6956],[103.9373,21.6698],[104.0276,21.6722],[104.0897,21.6427],[104.1965,21.648],[104.2119,21.6713],[104.232,21.6731],[104.3389,21.6531],[104.2876,21.5992],[104.2978,21.5713],[104.277,21.5512],[104.2951,21.5104],[104.282,21.4721],[104.332,21.4081],[104.3464,21.4186],[104.3891,21.401],[104.4298,21.3545],[104.4771,21.3533],[104.5325,21.4144],[104.5791,21.4088],[104.5906,21.4226],[104.6783,21.3754],[104.6901,21.4008],[104.7345,21.4057],[104.7685,21.3302],[104.8136,21.3335],[104.8429,21.3106],[104.8554,21.2339],[104.8441,21.2263],[104.8643,21.2103],[104.8527,21.1529],[104.9132,21.1125],[104.853,21.0765],[104.8588,21.0529],[104.9395,20.9322],[104.9757,20.9091],[105.0069,20.8444],[104.9974,20.815],[105.0253,20.8023],[104.9911,20.7552],[105.0134,20.7252],[104.9856,20.7225],[104.8822,20.7676],[104.8383,20.748],[104.8466,20.6521],[104.807,20.6308],[104.8007,20.5849],[104.775,20.5753],[104.7409,20.5751],[104.7159,20.6062],[104.6841,20.5969],[104.6359,20.6729],[104.5921,20.6756],[104.5639,20.7181],[104.5204,20.7009],[104.4963,20.7151],[104.4837,20.7683],[104.3279,20.8574],[104.333,20.8819],[104.292,20.9248],[104.2525,20.9006],[104.236,20.9203],[104.2422,20.9342],[104.1891,20.9583],[104.1313,20.9493],[104.1044,20.9791],[104.0519,20.9517],[104.0499,20.9159],[104.0313,20.9038],[103.8993,20.906],[103.8523,20.8615],[103.8124,20.8657],[103.8002,20.8494],[103.8077,20.823],[103.7796,20.8034],[103.7911,20.7502],[103.7304,20.7295],[103.7456,20.6797],[103.7358,20.6688],[103.6818,20.6623],[103.667,20.7007],[103.5938,20.7449]]]]}},{"type":"Feature","properties":{"name":"Tây Ninh"},"geometry":{"type":"MultiPolygon","coordinates":[[[[105.9398,10.5367],[105.91,10.5386],[105.8345,10.6385],[105.7806,10.6587],[105.5959,10.8306],[105.6127,10.832],[105.5826,10.8919],[105.5163,10.9224],[105.4993,10.953],[105.6621,10.9858],[105.7231,11.0233],[105.7779,11.0321],[105.8645,10.8999],[105.8497,10.8639],[105.9354,10.8386],[105.9305,10.8643],[105.9564,10.8838],[105.9442,10.917],[106.0703,10.8128],[106.1635,10.8119],[106.1891,10.7901],[106.1869,10.8381],[106.14,10.9147],[106.1529,10.9414],[106.1441,10.9756],[106.2043,10.9775],[106.1872,11.0505],[106.154,11.1015],[106.1013,11.0727],[106.0886,11.0997],[106.0212,11.143],[106.0139,11.1906],[105.9407,11.2059],[105.9109,11.2395],[105.9083,11.2835],[105.8642,11.2842],[105.8829,11.3587],[105.8707,11.4043],[105.9034,11.4465],[105.8745,11.4609],[105.8807,11.5461],[105.8618,11.5665],[105.8182,11.5683],[105.8084,11.6003],[105.8367,11.6477],[105.8818,11.6765],[105.9532,11.6392],[106.0143,11.7245],[106.015,11.7667],[106.0425,11.779],[106.1149,11.743],[106.1541,11.7364],[106.1887,11.7532],[106.2078,11.7307],[106.2654,11.7208],[106.299,11.6754],[106.3707,11.6965],[106.4517,11.6712],[106.4904,11.5702],[106.4804,11.5468],[106.428,11.5349],[106.423,11.4912],[106.37,11.4477],[106.3311,11.3532],[106.3447,11.3222],[106.3355,11.2954],[106.3554,11.2881],[106.3506,11.2627],[106.3645,11.2607],[106.3513,11.2486],[106.3835,11.2286],[106.3877,11.1858],[106.4318,11.1734],[106.4299,11.1486],[106.4484,11.1309],[106.426,11.0916],[106.4128,11.0089],[106.3565,10.9915],[106.3729,10.9697],[106.4117,10.9738],[106.5318,10.9025],[106.5046,10.7889],[106.4637,10.7565],[106.4916,10.7243],[106.5302,10.7173],[106.5579,10.6485],[106.6054,10.6588],[106.6348,10.6254],[106.6853,10.6567],[106.7226,10.6459],[106.7328,10.6098],[106.7202,10.5963],[106.7453,10.5757],[106.7484,10.5186],[106.6821,10.4398],[106.6629,10.4435],[106.6586,10.4771],[106.6445,10.4832],[106.6281,10.4523],[106.5853,10.4358],[106.5892,10.4184],[106.5589,10.4131],[106.5293,10.4335],[106.4562,10.3946],[106.4519,10.4134],[106.4278,10.4098],[106.4149,10.4297],[106.4538,10.451],[106.4419,10.4664],[106.4036,10.4933],[106.3796,10.4801],[106.3483,10.5448],[106.2861,10.587],[106.1012,10.5758],[106.1024,10.5228],[105.9398,10.5367]]]]}},{"type":"Feature","properties":{"name":"Thái Nguyên"},"geometry":{"type":"MultiPolygon","coordinates":[[[[105.6173,21.5023],[105.497,21.6178],[105.4793,21.6738],[105.4777,21.6976],[105.5258,21.7678],[105.4945,21.7748],[105.4938,21.8282],[105.5282,21.8353],[105.5184,21.8765],[105.5529,21.9085],[105.5557,21.9575],[105.505,21.9925],[105.463,22.0744],[105.4749,22.0974],[105.463,22.1153],[105.4933,22.1576],[105.4694,22.1608],[105.4311,22.2163],[105.4357,22.2589],[105.492,22.2936],[105.4787,22.3076],[105.5141,22.3487],[105.5184,22.4006],[105.5634,22.4052],[105.5712,22.4193],[105.5528,22.4121],[105.5486,22.4375],[105.5983,22.489],[105.5907,22.5446],[105.5633,22.5602],[105.5289,22.6192],[105.5417,22.6508],[105.6028,22.6673],[105.6002,22.6867],[105.6485,22.6985],[105.6654,22.7242],[105.7005,22.719],[105.7396,22.7415],[105.7585,22.7253],[105.7569,22.7009],[105.7769,22.692],[105.7269,22.6362],[105.7534,22.6087],[105.7511,22.5862],[105.7778,22.577],[105.7718,22.5498],[105.7874,22.5505],[105.8043,22.5238],[105.8662,22.5203],[105.9058,22.4952],[105.9318,22.5279],[105.9573,22.5239],[106.0476,22.578],[106.0808,22.5739],[106.0733,22.5549],[106.1193,22.5106],[106.1196,22.4718],[106.0941,22.4456],[106.1041,22.402],[106.1396,22.3944],[106.1679,22.4091],[106.2183,22.3557],[106.1995,22.313],[106.2451,22.2672],[106.2214,22.2073],[106.2339,22.1784],[106.1914,22.1437],[106.1572,22.0817],[106.1229,22.0854],[106.0988,22.068],[106.1154,21.9777],[106.0979,21.9382],[106.1319,21.917],[106.1134,21.8907],[106.1175,21.8435],[106.0949,21.8202],[106.1118,21.7816],[106.1371,21.785],[106.1494,21.7611],[106.238,21.7175],[106.2255,21.679],[106.191,21.6451],[106.1976,21.6203],[106.1852,21.6043],[106.1595,21.6263],[106.094,21.6247],[106.0569,21.603],[106.0303,21.5625],[106.0561,21.549],[106.0378,21.4908],[106.0519,21.4616],[106.0254,21.4313],[106.0293,21.3941],[105.9612,21.4363],[105.9433,21.377],[105.9093,21.3746],[105.8955,21.352],[105.9073,21.3486],[105.8808,21.3381],[105.8918,21.3255],[105.8576,21.3393],[105.8567,21.3764],[105.8012,21.3852],[105.7752,21.3607],[105.7556,21.4104],[105.7296,21.4089],[105.7246,21.4321],[105.6526,21.4573],[105.6173,21.5023]]]]}},{"type":"Feature","properties":{"name":"Thanh Hóa"},"geometry":{"type":"MultiPolygon","coordinates":[[[[105.8239,19.324],[105.8275,19.3043],[105.8239,19.324],[105.8239,19.324]]],[[[105.8983,19.3245],[105.8983,19.3245],[105.8983,19.3245]]],[[[105.8994,19.3255],[105.8994,19.3255],[105.8994,19.3255]]],[[[105.8914,19.3351],[105.8914,19.3351],[105.8914,19.3351]]],[[[105.8909,19.3361],[105.8909,19.3361],[105.8909,19.3361]]],[[[105.8985,19.3452],[105.8985,19.3452],[105.8985,19.3452]]],[[[105.8786,19.354],[105.8786,19.354],[105.8786,19.354]]],[[[105.8764,19.3566],[105.8764,19.3566],[105.8764,19.3566]]],[[[105.8746,19.3579],[105.8746,19.3579],[105.8746,19.3579]]],[[[105.8775,19.3569],[105.8775,19.3569],[105.8775,19.3569]]],[[[105.2674,19.6153],[105.2461,19.6566],[105.2238,19.6483],[105.1634,19.6855],[105.1626,19.7225],[105.1335,19.7431],[105.1325,19.8268],[105.1503,19.8555],[105.1885,19.8624],[105.1681,19.915],[105.093,19.9383],[105.0467,19.9299],[104.9652,19.9749],[104.9584,19.9926],[104.9126,19.9968],[104.9932,20.0936],[104.9345,20.1262],[104.9274,20.1582],[104.8598,20.1429],[104.7731,20.1987],[104.7193,20.2015],[104.6127,20.245],[104.6184,20.3631],[104.6845,20.4044],[104.7196,20.4079],[104.6652,20.4536],[104.6711,20.4688],[104.6254,20.4616],[104.5973,20.417],[104.5283,20.4142],[104.5216,20.391],[104.4685,20.3689],[104.4101,20.3842],[104.415,20.4265],[104.3767,20.4426],[104.3872,20.488],[104.4188,20.4908],[104.5238,20.5479],[104.542,20.5981],[104.6028,20.6059],[104.6386,20.6549],[104.6841,20.5969],[104.7159,20.6062],[104.7409,20.5751],[104.775,20.5753],[104.8007,20.5849],[104.7962,20.6175],[104.8097,20.6334],[104.853,20.6636],[104.8998,20.6702],[104.9505,20.6418],[104.9818,20.5736],[105.0458,20.5566],[105.0633,20.5743],[105.1059,20.5734],[105.1701,20.5151],[105.2312,20.5032],[105.2672,20.455],[105.2584,20.4342],[105.3456,20.3907],[105.4062,20.3726],[105.4367,20.3844],[105.5038,20.3604],[105.539,20.3692],[105.5629,20.3174],[105.5998,20.3119],[105.7408,20.1852],[105.8946,20.1184],[105.9597,20.0665],[106.0759,20.0628],[106.0535,20.0056],[106.026,19.9907],[106.0258,19.9599],[105.9537,19.9203],[105.9493,19.8905],[105.9654,19.8904],[105.9364,19.8427],[105.9337,19.7798],[105.8967,19.7216],[105.8674,19.7218],[105.8379,19.6647],[105.8082,19.5264],[105.8144,19.4295],[105.7847,19.3993],[105.8202,19.3146],[105.8054,19.2867],[105.8011,19.302],[105.7654,19.2929],[105.7418,19.3235],[105.7112,19.3021],[105.6893,19.3006],[105.6763,19.3225],[105.6644,19.3139],[105.6679,19.3402],[105.6274,19.3813],[105.5902,19.3708],[105.5251,19.4641],[105.4461,19.4408],[105.4152,19.4597],[105.3906,19.4549],[105.3525,19.5432],[105.2939,19.4759],[105.2716,19.5078],[105.2821,19.6034],[105.2674,19.6153]]],[[[105.9091,19.3198],[105.9091,19.3198],[105.9091,19.3198]]],[[[105.912,19.3197],[105.912,19.3197],[105.912,19.3197]]],[[[105.9077,19.3389],[105.9077,19.3389],[105.9077,19.3389]]],[[[105.9359,19.3518],[105.9359,19.3518],[105.9359,19.3518]]],[[[105.9297,19.3576],[105.9297,19.3576],[105.9297,19.3576]]],[[[105.9102,19.3664],[105.9102,19.3664],[105.9102,19.3664]]],[[[105.9126,19.3669],[105.9126,19.3669],[105.9126,19.3669]]],[[[105.9074,19.3707],[105.9074,19.3707],[105.9074,19.3707]]],[[[105.9347,19.3795],[105.9296,19.359],[105.9141,19.3689],[105.9152,19.3827],[105.9347,19.3795]]],[[[106.0045,19.9126],[106.0045,19.9126],[106.0045,19.9126]]]]}},{"type":"Feature","properties":{"name":"TP. Hồ Chí Minh"},"geometry":{"type":"MultiPolygon","coordinates":[[[[107.0888,10.3237],[107.0888,10.3237],[107.0888,10.3237]]],[[[107.0983,10.3958],[107.1047,10.414],[107.0983,10.3958],[107.0983,10.3958]]],[[[107.0907,10.3328],[107.0838,10.3203],[107.0738,10.3304],[107.0555,10.3811],[107.1012,10.3933],[107.1134,10.4359],[107.0763,10.4317],[107.0415,10.4656],[106.9661,10.4465],[106.9853,10.4182],[106.9705,10.3948],[106.8346,10.3542],[106.7454,10.4884],[106.7453,10.5757],[106.7202,10.5963],[106.7328,10.6098],[106.7226,10.6459],[106.6853,10.6567],[106.6348,10.6254],[106.6054,10.6588],[106.5579,10.6485],[106.5302,10.7173],[106.4916,10.7243],[106.4637,10.7565],[106.5046,10.7889],[106.5329,10.9006],[106.4117,10.9738],[106.3729,10.9697],[106.3565,10.9915],[106.4128,11.0089],[106.426,11.0916],[106.4484,11.1309],[106.4299,11.1486],[106.4318,11.1734],[106.3877,11.1858],[106.3835,11.2286],[106.3513,11.2486],[106.3645,11.2607],[106.3506,11.2627],[106.3554,11.2881],[106.3355,11.2954],[106.3447,11.3222],[106.3311,11.3483],[106.37,11.4477],[106.4236,11.4952],[106.4889,11.4996],[106.5401,11.4676],[106.5564,11.4849],[106.5731,11.4551],[106.5416,11.4266],[106.5385,11.3874],[106.5621,11.3698],[106.6132,11.3874],[106.6173,11.3624],[106.6713,11.3537],[106.6743,11.4011],[106.7091,11.3995],[106.7564,11.4507],[106.7537,11.4764],[106.7966,11.4914],[106.806,11.4518],[106.7696,11.4261],[106.7852,11.38],[106.8568,11.3751],[106.857,11.3149],[106.8751,11.3074],[106.8716,11.326],[106.9081,11.3536],[106.9511,11.3375],[106.9246,11.271],[106.9317,11.2449],[106.9107,11.2412],[106.9182,11.2203],[106.9014,11.2089],[106.9658,11.1485],[106.948,11.0598],[106.9227,11.0564],[106.9083,11.0222],[106.8742,11.0198],[106.8276,11.0645],[106.8019,11.0596],[106.8127,11.031],[106.7745,11.0053],[106.7963,10.9722],[106.762,10.9633],[106.7882,10.9221],[106.8383,10.9033],[106.8494,10.8566],[106.8813,10.8142],[106.8648,10.7874],[106.8726,10.7663],[106.8457,10.7751],[106.8254,10.7593],[106.8164,10.7799],[106.752,10.7211],[106.7575,10.6938],[106.8239,10.629],[106.8822,10.6479],[106.9111,10.6084],[106.9839,10.5794],[107.0079,10.6133],[106.9992,10.6347],[107.0448,10.6576],[107.0965,10.652],[107.1338,10.6851],[107.1463,10.7299],[107.1368,10.7444],[107.205,10.7748],[107.2109,10.7526],[107.231,10.7643],[107.3005,10.755],[107.2997,10.6837],[107.3178,10.6686],[107.3442,10.6747],[107.3609,10.7281],[107.4446,10.8045],[107.4845,10.7693],[107.505,10.7714],[107.5056,10.747],[107.5443,10.706],[107.5382,10.6784],[107.5683,10.619],[107.5707,10.5684],[107.5156,10.503],[107.4709,10.4984],[107.4425,10.4677],[107.3362,10.4555],[107.2547,10.3794],[107.2102,10.4053],[107.1661,10.3998],[107.0907,10.3328]]]]}},{"type":"Feature","properties":{"name":"Tuyên Quang"},"geometry":{"type":"MultiPolygon","coordinates":[[[[105.1489,21.7002],[105.0769,21.722],[105.0563,21.7476],[105.1001,21.8131],[105.0458,21.8639],[105.037,21.8913],[105.0145,21.898],[105.0192,21.9357],[104.9865,21.9364],[104.9977,22.0429],[104.9624,22.029],[104.9347,22.0586],[104.8741,22.0798],[104.849,22.1851],[104.7632,22.1696],[104.7243,22.1997],[104.7223,22.2575],[104.6134,22.2915],[104.5855,22.251],[104.5515,22.2422],[104.5426,22.2764],[104.5792,22.3039],[104.5648,22.3313],[104.5803,22.3495],[104.5542,22.3541],[104.5502,22.3803],[104.4662,22.425],[104.4486,22.459],[104.4739,22.4836],[104.4145,22.5289],[104.4245,22.5732],[104.4663,22.5746],[104.4623,22.6131],[104.4155,22.6346],[104.3984,22.6805],[104.3601,22.6731],[104.3343,22.6907],[104.3419,22.7114],[104.3706,22.6883],[104.3992,22.702],[104.4221,22.737],[104.4715,22.7579],[104.5466,22.8405],[104.5775,22.8537],[104.5992,22.8453],[104.6003,22.8162],[104.6209,22.8221],[104.6234,22.8473],[104.6717,22.8172],[104.7332,22.8231],[104.7244,22.8498],[104.7566,22.8589],[104.7777,22.9052],[104.8391,22.9214],[104.8647,22.9468],[104.8608,22.9786],[104.8294,22.9982],[104.8021,23.1167],[104.826,23.1078],[104.8753,23.1253],[104.8964,23.1794],[104.9476,23.1508],[104.9626,23.2009],[104.9974,23.203],[105.0794,23.2662],[105.1112,23.2463],[105.1719,23.2893],[105.2345,23.2615],[105.2582,23.3156],[105.2529,23.3372],[105.2839,23.3423],[105.3232,23.3927],[105.3716,23.3185],[105.4162,23.2855],[105.4414,23.2998],[105.493,23.2323],[105.4982,23.203],[105.5432,23.1937],[105.5741,23.16],[105.5646,23.1192],[105.5274,23.1084],[105.4875,23.0092],[105.3749,22.9902],[105.3615,22.9795],[105.3621,22.9401],[105.3072,22.912],[105.3044,22.8765],[105.2674,22.8814],[105.2663,22.8665],[105.4715,22.755],[105.4767,22.7177],[105.502,22.6984],[105.4875,22.6737],[105.4988,22.6337],[105.5316,22.6332],[105.5518,22.576],[105.5987,22.5222],[105.5983,22.489],[105.5486,22.4375],[105.5528,22.4121],[105.5712,22.4193],[105.5643,22.4066],[105.5184,22.4006],[105.5141,22.3487],[105.4787,22.3076],[105.492,22.2936],[105.4357,22.2589],[105.4311,22.2163],[105.4694,22.1608],[105.4933,22.1576],[105.463,22.1153],[105.4749,22.0974],[105.463,22.0744],[105.505,21.9925],[105.5557,21.9575],[105.5529,21.9085],[105.5184,21.8765],[105.5282,21.8353],[105.4938,21.8282],[105.4945,21.7748],[105.5252,21.7656],[105.4775,21.6971],[105.4966,21.6184],[105.5425,21.5738],[105.5214,21.535],[105.4235,21.4976],[105.3719,21.5245],[105.3439,21.5182],[105.3405,21.5035],[105.3023,21.5086],[105.2961,21.5347],[105.2679,21.5456],[105.2742,21.5606],[105.2485,21.5854],[105.247,21.616],[105.2249,21.629],[105.235,21.6585],[105.1775,21.6873],[105.1558,21.6814],[105.1489,21.7002]]]]}},{"type":"Feature","properties":{"name":"Vĩnh Long"},"geometry":{"type":"MultiPolygon","coordinates":[[[[106.1717,9.6855],[105.9616,9.9011],[105.8597,9.9665],[105.781,10.0701],[105.6823,10.1345],[105.7278,10.2047],[105.7658,10.1793],[105.7748,10.189],[105.8011,10.1555],[105.8705,10.1545],[105.8762,10.1892],[105.9132,10.1924],[105.9197,10.2113],[105.8773,10.2643],[105.9269,10.2837],[105.9748,10.3289],[106.0887,10.2762],[106.2145,10.3163],[106.288,10.3306],[106.3047,10.3192],[106.3773,10.3405],[106.4772,10.3066],[106.5419,10.2656],[106.6912,10.2309],[106.7777,10.1687],[106.7899,10.1485],[106.7838,10.0974],[106.6505,9.9789],[106.6493,9.9358],[106.6865,9.8773],[106.5639,9.7424],[106.5807,9.6658],[106.5165,9.5692],[106.4485,9.5364],[106.3741,9.5301],[106.3414,9.5748],[106.2504,9.6153],[106.1717,9.6855]]]]}}]}