{"type":"FeatureCollection","features":[{"type":"Feature","geometry":{"type":"Point","coordinates":[105.836,21.04]},"properties":{"name":"Ba Đình","level":"ward","province":"Hà Nội"}},{"type":"Feature","geometry":{"type":"Point","coordinates":[105.817,21.039]},"properties":{"name":"Ngọc Hà","level":"ward","province":"Hà Nội"}},{"type":"Feature","geometry":{"type":"Point","coordinates":[105.817,21.027]},"properties":{"name":"Giảng Võ","level":"ward","province":"Hà Nội"}},{"type":"Feature","geometry":{"type":"Point","coordinates":[105.851,21.032]},"properties":{"name":"Hoàn Kiếm","level":"ward","province":"Hà Nội"}},{"type":"Feature","geometry":{"type":"Point","coordinates":[105.851,21.023]},"properties":{"name":"Cửa Nam","level":"ward","province":"Hà Nội"}},{"type":"Feature","geometry":{"type":"Point","coordinates":[105.802,21.084]},"properties":{"name":"Phú Thượng","level":"ward","province":"Hà Nội"}},{"type":"Feature","geometry":{"type":"Point","coordinates":[105.852,21.049]},"properties":{"name":"Hồng Hà","level":"ward","province":"Hà Nội"}},{"type":"Feature","geometry":{"type":"Point","coordinates":[105.818,21.063]},"properties":{"name":"Tây Hồ","level":"ward","province":"Hà Nội"}},{"type":"Feature","geometry":{"type":"Point","coordinates":[105.866,21.057]},"properties":{"name":"Bồ Đề","level":"ward","province":"Hà Nội"}},{"type":"Feature","geometry":{"type":"Point","coordinates":[105.906,21.064]},"properties":{"name":"Việt Hưng","level":"ward","province":"Hà Nội"}},{"type":"Feature","geometry":{"type":"Point","coordinates":[105.919,21.041]},"properties":{"name":"Phúc Lợi","level":"ward","province":"Hà Nội"}},{"type":"Feature","geometry":{"type":"Point","coordinates":[105.898,21.023]},"properties":{"name":"Long Biên","level":"ward","province":"Hà Nội"}},{"type":"Feature","geometry":{"type":"Point","coordinates":[105.794,21.043]},"properties":{"name":"Nghĩa Đô","level":"ward","province":"Hà Nội"}},{"type":"Feature","geometry":{"type":"Point","coordinates":[105.803,21.029]},"properties":{"name":"Cầu Giấy","level":"ward","province":"Hà Nội"}},{"type":"Feature","geometry":{"type":"Point","coordinates":[105.796,21.014]},"properties":{"name":"Yên Hòa","level":"ward","province":"Hà Nội"}},{"type":"Feature","geometry":{"type":"Point","coordinates":[105.826,21.023]},"properties":{"name":"Ô Chợ Dừa","level":"ward","province":"Hà Nội"}},{"type":"Feature","geometry":{"type":"Point","coordinates":[105.816,21.006]},"properties":{"name":"Láng","level":"ward","province":"Hà Nội"}},{"type":"Feature","geometry":{"type":"Point","coordinates":[105.836,21.029]},"properties":{"name":"Văn Miếu - Quốc Tử Giám","level":"ward","province":"Hà Nội"}},{"type":"Feature","geometry":{"type":"Point","coordinates":[105.831,21.006]},"properties":{"name":"Kim Liên","level":"ward","province":"Hà Nội"}},{"type":"Feature","geometry":{"type":"Point","coordinates":[105.818,21.011]},"properties":{"name":"Đống Đa","level":"ward","province":"Hà Nội"}},{"type":"Feature","geometry":{"type":"Point","coordinates":[105.852,21.015]},"properties":{"name":"Hai Bà Trưng","level":"ward","province":"Hà Nội"}},{"type":"Feature","geometry":{"type":"Point","coordinates":[105.868,20.998]},"properties":{"name":"Vĩnh Tuy","level":"ward","province":"Hà Nội"}},{"type":"Feature","geometry":{"type":"Point","coordinates":[105.851,21.003]},"properties":{"name":"Bạch Mai","level":"ward","province":"Hà Nội"}},{"type":"Feature","geometry":{"type":"Point","coordinates":[105.883,20.991]},"properties":{"name":"Vĩnh Hưng","level":"ward","province":"Hà Nội"}},{"type":"Feature","geometry":{"type":"Point","coordinates":[105.824,20.978]},"properties":{"name":"Định Công","level":"ward","province":"Hà Nội"}},{"type":"Feature","geometry":{"type":"Point","coordinates":[105.853,20.99]},"properties":{"name":"Tương Mai","level":"ward","province":"Hà Nội"}},{"type":"Feature","geometry":{"type":"Point","coordinates":[105.896,20.976]},"properties":{"name":"Lĩnh Nam","level":"ward","province":"Hà Nội"}},{"type":"Feature","geometry":{"type":"Point","coordinates":[105.862,20.974]},"properties":{"name":"Hoàng Mai","level":"ward","province":"Hà Nội"}},{"type":"Feature","geometry":{"type":"Point","coordinates":[105.827,20.961]},"properties":{"name":"Hoàng Liệt","level":"ward","province":"Hà Nội"}},{"type":"Feature","geometry":{"type":"Point","coordinates":[105.857,20.956]},"properties":{"name":"Yên Sở","level":"ward","province":"Hà Nội"}},{"type":"Feature","geometry":{"type":"Point","coordinates":[105.832,20.994]},"properties":{"name":"Phương Liệt","level":"ward","province":"Hà Nội"}},{"type":"Feature","geometry":{"type":"Point","coordinates":[105.813,20.991]},"properties":{"name":"Khương Đình","level":"ward","province":"Hà Nội"}},{"type":"Feature","geometry":{"type":"Point","coordinates":[105.804,20.998]},"properties":{"name":"Thanh Xuân","level":"ward","province":"Hà Nội"}},{"type":"Feature","geometry":{"type":"Point","coordinates":[105.767,21.022]},"properties":{"name":"Từ Liêm","level":"ward","province":"Hà Nội"}},{"type":"Feature","geometry":{"type":"Point","coordinates":[105.749,21.086]},"properties":{"name":"Thượng Cát","level":"ward","province":"Hà Nội"}},{"type":"Feature","geometry":{"type":"Point","coordinates":[105.779,21.076]},"properties":{"name":"Đông Ngạc","level":"ward","province":"Hà Nội"}},{"type":"Feature","geometry":{"type":"Point","coordinates":[105.796,21.067]},"properties":{"name":"Xuân Đỉnh","level":"ward","province":"Hà Nội"}},{"type":"Feature","geometry":{"type":"Point","coordinates":[105.739,21.065]},"properties":{"name":"Tây Tựu","level":"ward","province":"Hà Nội"}},{"type":"Feature","geometry":{"type":"Point","coordinates":[105.763,21.049]},"properties":{"name":"Phú Diễn","level":"ward","province":"Hà Nội"}},{"type":"Feature","geometry":{"type":"Point","coordinates":[105.734,21.052]},"properties":{"name":"Xuân Phương","level":"ward","province":"Hà Nội"}},{"type":"Feature","geometry":{"type":"Point","coordinates":[105.748,21]},"properties":{"name":"Tây Mỗ","level":"ward","province":"Hà Nội"}},{"type":"Feature","geometry":{"type":"Point","coordinates":[105.777,20.993]},"properties":{"name":"Đại Mỗ","level":"ward","province":"Hà Nội"}},{"type":"Feature","geometry":{"type":"Point","coordinates":[105.802,20.97]},"properties":{"name":"Thanh Liệt","level":"ward","province":"Hà Nội"}},{"type":"Feature","geometry":{"type":"Point","coordinates":[105.775,20.954]},"properties":{"name":"Kiến Hưng","level":"ward","province":"Hà Nội"}},{"type":"Feature","geometry":{"type":"Point","coordinates":[105.775,20.97]},"properties":{"name":"Hà Đông","level":"ward","province":"Hà Nội"}},{"type":"Feature","geometry":{"type":"Point","coordinates":[105.748,20.95]},"properties":{"name":"Yên Nghĩa","level":"ward","province":"Hà Nội"}},{"type":"Feature","geometry":{"type":"Point","coordinates":[105.767,20.939]},"properties":{"name":"Phú Lương","level":"ward","province":"Hà Nội"}},{"type":"Feature","geometry":{"type":"Point","coordinates":[105.505,21.139]},"properties":{"name":"Sơn Tây","level":"ward","province":"Hà Nội"}},{"type":"Feature","geometry":{"type":"Point","coordinates":[105.459,21.122]},"properties":{"name":"Tùng Thiện","level":"ward","province":"Hà Nội"}},{"type":"Feature","geometry":{"type":"Point","coordinates":[105.751,20.975]},"properties":{"name":"Dương Nội","level":"ward","province":"Hà Nội"}},{"type":"Feature","geometry":{"type":"Point","coordinates":[105.704,20.923]},"properties":{"name":"Chương Mỹ","level":"ward","province":"Hà Nội"}},{"type":"Feature","geometry":{"type":"Point","coordinates":[105.851,21.26]},"properties":{"name":"Sóc Sơn","level":"ward","province":"Hà Nội"}},{"type":"Feature","geometry":{"type":"Point","coordinates":[105.774,21.295]},"properties":{"name":"Kim Anh","level":"ward","province":"Hà Nội"}},{"type":"Feature","geometry":{"type":"Point","coordinates":[105.867,21.313]},"properties":{"name":"Trung Giã","level":"ward","province":"Hà Nội"}},{"type":"Feature","geometry":{"type":"Point","coordinates":[105.861,21.233]},"properties":{"name":"Đa Phúc","level":"ward","province":"Hà Nội"}},{"type":"Feature","geometry":{"type":"Point","coordinates":[105.786,21.205]},"properties":{"name":"Nội Bài","level":"ward","province":"Hà Nội"}},{"type":"Feature","geometry":{"type":"Point","coordinates":[105.852,21.154]},"properties":{"name":"Đông Anh","level":"ward","province":"Hà Nội"}},{"type":"Feature","geometry":{"type":"Point","coordinates":[105.809,21.159]},"properties":{"name":"Phúc Thịnh","level":"ward","province":"Hà Nội"}},{"type":"Feature","geometry":{"type":"Point","coordinates":[105.884,21.163]},"properties":{"name":"Thư Lâm","level":"ward","province":"Hà Nội"}},{"type":"Feature","geometry":{"type":"Point","coordinates":[105.761,21.126]},"properties":{"name":"Thiên Lộc","level":"ward","province":"Hà Nội"}},{"type":"Feature","geometry":{"type":"Point","coordinates":[105.818,21.103]},"properties":{"name":"Vĩnh Thanh","level":"ward","province":"Hà Nội"}},{"type":"Feature","geometry":{"type":"Point","coordinates":[105.96,21.056]},"properties":{"name":"Phù Đổng","level":"ward","province":"Hà Nội"}},{"type":"Feature","geometry":{"type":"Point","coordinates":[105.372,21.236]},"properties":{"name":"Thuận An","level":"ward","province":"Hà Nội"}},{"type":"Feature","geometry":{"type":"Point","coordinates":[105.879,21.052]},"properties":{"name":"Gia Lâm","level":"ward","province":"Hà Nội"}},{"type":"Feature","geometry":{"type":"Point","coordinates":[105.915,20.98]},"properties":{"name":"Bát Tràng","level":"ward","province":"Hà Nội"}},{"type":"Feature","geometry":{"type":"Point","coordinates":[105.836,20.942]},"properties":{"name":"Thanh Trì","level":"ward","province":"Hà Nội"}},{"type":"Feature","geometry":{"type":"Point","coordinates":[105.819,20.934]},"properties":{"name":"Đại Thanh","level":"ward","province":"Hà Nội"}},{"type":"Feature","geometry":{"type":"Point","coordinates":[105.843,20.923]},"properties":{"name":"Ngọc Hồi","level":"ward","province":"Hà Nội"}},{"type":"Feature","geometry":{"type":"Point","coordinates":[105.852,21.023]},"properties":{"name":"Nam Phù","level":"ward","province":"Hà Nội"}},{"type":"Feature","geometry":{"type":"Point","coordinates":[105.479,20.974]},"properties":{"name":"Yên Xuân","level":"ward","province":"Hà Nội"}},{"type":"Feature","geometry":{"type":"Point","coordinates":[105.85,21.027]},"properties":{"name":"Quang Minh","level":"ward","province":"Hà Nội"}},{"type":"Feature","geometry":{"type":"Point","coordinates":[105.805,21.019]},"properties":{"name":"Yên Lãng","level":"ward","province":"Hà Nội"}},{"type":"Feature","geometry":{"type":"Point","coordinates":[105.667,21.233]},"properties":{"name":"Tiến Thắng","level":"ward","province":"Hà Nội"}},{"type":"Feature","geometry":{"type":"Point","coordinates":[105.733,21.157]},"properties":{"name":"Mê Linh","level":"ward","province":"Hà Nội"}},{"type":"Feature","geometry":{"type":"Point","coordinates":[105.8,21.039]},"properties":{"name":"Đoài Phương","level":"ward","province":"Hà Nội"}},{"type":"Feature","geometry":{"type":"Point","coordinates":[105.425,21.198]},"properties":{"name":"Quảng Oai","level":"ward","province":"Hà Nội"}},{"type":"Feature","geometry":{"type":"Point","coordinates":[105.374,21.284]},"properties":{"name":"Cổ Đô","level":"ward","province":"Hà Nội"}},{"type":"Feature","geometry":{"type":"Point","coordinates":[105.459,21.201]},"properties":{"name":"Minh Châu","level":"ward","province":"Hà Nội"}},{"type":"Feature","geometry":{"type":"Point","coordinates":[105.394,21.196]},"properties":{"name":"Vật Lại","level":"ward","province":"Hà Nội"}},{"type":"Feature","geometry":{"type":"Point","coordinates":[105.908,20.969]},"properties":{"name":"Bất Bạt","level":"ward","province":"Hà Nội"}},{"type":"Feature","geometry":{"type":"Point","coordinates":[105.391,21.125]},"properties":{"name":"Suối Hai","level":"ward","province":"Hà Nội"}},{"type":"Feature","geometry":{"type":"Point","coordinates":[105.393,21.018]},"properties":{"name":"Ba Vì","level":"ward","province":"Hà Nội"}},{"type":"Feature","geometry":{"type":"Point","coordinates":[105.432,21.044]},"properties":{"name":"Yên Bài","level":"ward","province":"Hà Nội"}},{"type":"Feature","geometry":{"type":"Point","coordinates":[105.54,21.11]},"properties":{"name":"Phúc Thọ","level":"ward","province":"Hà Nội"}},{"type":"Feature","geometry":{"type":"Point","coordinates":[105.572,21.149]},"properties":{"name":"Phúc Lộc","level":"ward","province":"Hà Nội"}},{"type":"Feature","geometry":{"type":"Point","coordinates":[105.617,21.128]},"properties":{"name":"Hát Môn","level":"ward","province":"Hà Nội"}},{"type":"Feature","geometry":{"type":"Point","coordinates":[105.665,21.09]},"properties":{"name":"Đan Phượng","level":"ward","province":"Hà Nội"}},{"type":"Feature","geometry":{"type":"Point","coordinates":[105.412,21.159]},"properties":{"name":"Liên Minh","level":"ward","province":"Hà Nội"}},{"type":"Feature","geometry":{"type":"Point","coordinates":[105.698,21.093]},"properties":{"name":"Ô Diên","level":"ward","province":"Hà Nội"}},{"type":"Feature","geometry":{"type":"Point","coordinates":[105.704,21.023]},"properties":{"name":"Hoài Đức","level":"ward","province":"Hà Nội"}},{"type":"Feature","geometry":{"type":"Point","coordinates":[105.828,21.071]},"properties":{"name":"Dương Hòa","level":"ward","province":"Hà Nội"}},{"type":"Feature","geometry":{"type":"Point","coordinates":[105.701,21.044]},"properties":{"name":"Sơn Đồng","level":"ward","province":"Hà Nội"}},{"type":"Feature","geometry":{"type":"Point","coordinates":[105.718,21.002]},"properties":{"name":"An Khánh","level":"ward","province":"Hà Nội"}},{"type":"Feature","geometry":{"type":"Point","coordinates":[105.64,20.992]},"properties":{"name":"Quốc Oai","level":"ward","province":"Hà Nội"}},{"type":"Feature","geometry":{"type":"Point","coordinates":[105.602,20.973]},"properties":{"name":"Kiều Phú","level":"ward","province":"Hà Nội"}},{"type":"Feature","geometry":{"type":"Point","coordinates":[105.426,21.201]},"properties":{"name":"Hưng Đạo","level":"ward","province":"Hà Nội"}},{"type":"Feature","geometry":{"type":"Point","coordinates":[105.557,20.949]},"properties":{"name":"Phú Cát","level":"ward","province":"Hà Nội"}},{"type":"Feature","geometry":{"type":"Point","coordinates":[105.562,21.067]},"properties":{"name":"Thạch Thất","level":"ward","province":"Hà Nội"}},{"type":"Feature","geometry":{"type":"Point","coordinates":[105.557,21.01]},"properties":{"name":"Hạ Bằng","level":"ward","province":"Hà Nội"}},{"type":"Feature","geometry":{"type":"Point","coordinates":[105.527,20.99]},"properties":{"name":"Hòa Lạc","level":"ward","province":"Hà Nội"}},{"type":"Feature","geometry":{"type":"Point","coordinates":[105.585,21.026]},"properties":{"name":"Tây Phương","level":"ward","province":"Hà Nội"}},{"type":"Feature","geometry":{"type":"Point","coordinates":[105.657,20.93]},"properties":{"name":"Phú Nghĩa","level":"ward","province":"Hà Nội"}},{"type":"Feature","geometry":{"type":"Point","coordinates":[105.557,20.884]},"properties":{"name":"Xuân Mai","level":"ward","province":"Hà Nội"}},{"type":"Feature","geometry":{"type":"Point","coordinates":[105.7,20.863]},"properties":{"name":"Quảng Bị","level":"ward","province":"Hà Nội"}},{"type":"Feature","geometry":{"type":"Point","coordinates":[105.671,20.833]},"properties":{"name":"Trần Phú","level":"ward","province":"Hà Nội"}},{"type":"Feature","geometry":{"type":"Point","coordinates":[105.721,20.81]},"properties":{"name":"Hòa Phú","level":"ward","province":"Hà Nội"}},{"type":"Feature","geometry":{"type":"Point","coordinates":[105.768,20.844]},"properties":{"name":"Thanh Oai","level":"ward","province":"Hà Nội"}},{"type":"Feature","geometry":{"type":"Point","coordinates":[105.942,21.021]},"properties":{"name":"Bình Minh","level":"ward","province":"Hà Nội"}},{"type":"Feature","geometry":{"type":"Point","coordinates":[105.793,20.879]},"properties":{"name":"Tam Hưng","level":"ward","province":"Hà Nội"}},{"type":"Feature","geometry":{"type":"Point","coordinates":[105.844,21.022]},"properties":{"name":"Dân Hòa","level":"ward","province":"Hà Nội"}},{"type":"Feature","geometry":{"type":"Point","coordinates":[105.864,20.872]},"properties":{"name":"Thường Tín","level":"ward","province":"Hà Nội"}},{"type":"Feature","geometry":{"type":"Point","coordinates":[105.911,20.876]},"properties":{"name":"Hồng Vân","level":"ward","province":"Hà Nội"}},{"type":"Feature","geometry":{"type":"Point","coordinates":[105.714,20.837]},"properties":{"name":"Thượng Phúc","level":"ward","province":"Hà Nội"}},{"type":"Feature","geometry":{"type":"Point","coordinates":[105.86,21.038]},"properties":{"name":"Chương Dương","level":"ward","province":"Hà Nội"}},{"type":"Feature","geometry":{"type":"Point","coordinates":[105.913,20.737]},"properties":{"name":"Phú Xuyên","level":"ward","province":"Hà Nội"}},{"type":"Feature","geometry":{"type":"Point","coordinates":[105.845,20.795]},"properties":{"name":"Phượng Dực","level":"ward","province":"Hà Nội"}},{"type":"Feature","geometry":{"type":"Point","coordinates":[105.866,20.739]},"properties":{"name":"Chuyên Mỹ","level":"ward","province":"Hà Nội"}},{"type":"Feature","geometry":{"type":"Point","coordinates":[105.915,20.697]},"properties":{"name":"Đại Xuyên","level":"ward","province":"Hà Nội"}},{"type":"Feature","geometry":{"type":"Point","coordinates":[105.77,20.732]},"properties":{"name":"Vân Đình","level":"ward","province":"Hà Nội"}},{"type":"Feature","geometry":{"type":"Point","coordinates":[105.771,20.773]},"properties":{"name":"Ứng Thiên","level":"ward","province":"Hà Nội"}},{"type":"Feature","geometry":{"type":"Point","coordinates":[105.84,20.692]},"properties":{"name":"Ứng Hòa","level":"ward","province":"Hà Nội"}},{"type":"Feature","geometry":{"type":"Point","coordinates":[105.532,21.011]},"properties":{"name":"Hòa Xá","level":"ward","province":"Hà Nội"}},{"type":"Feature","geometry":{"type":"Point","coordinates":[105.838,21.017]},"properties":{"name":"Mỹ Đức","level":"ward","province":"Hà Nội"}},{"type":"Feature","geometry":{"type":"Point","coordinates":[105.684,20.781]},"properties":{"name":"Phúc Sơn","level":"ward","province":"Hà Nội"}},{"type":"Feature","geometry":{"type":"Point","coordinates":[105.711,20.726]},"properties":{"name":"Hồng Sơn","level":"ward","province":"Hà Nội"}},{"type":"Feature","geometry":{"type":"Point","coordinates":[105.752,20.62]},"properties":{"name":"Hương Sơn","level":"ward","province":"Hà Nội"}},{"type":"Feature","geometry":{"type":"Point","coordinates":[106.202,22.676]},"properties":{"name":"Thục Phán","level":"ward","province":"Cao Bằng"}},{"type":"Feature","geometry":{"type":"Point","coordinates":[106.249,22.688]},"properties":{"name":"Nùng Trí Cao","level":"ward","province":"Cao Bằng"}},{"type":"Feature","geometry":{"type":"Point","coordinates":[106.268,22.622]},"properties":{"name":"Tân Giang","level":"ward","province":"Cao Bằng"}},{"type":"Feature","geometry":{"type":"Point","coordinates":[105.547,22.832]},"properties":{"name":"Bảo Lâm","level":"ward","province":"Cao Bằng"}},{"type":"Feature","geometry":{"type":"Point","coordinates":[105.55,22.938]},"properties":{"name":"Lý Bôn","level":"ward","province":"Cao Bằng"}},{"type":"Feature","geometry":{"type":"Point","coordinates":[105.429,22.92]},"properties":{"name":"Nam Quang","level":"ward","province":"Cao Bằng"}},{"type":"Feature","geometry":{"type":"Point","coordinates":[105.381,22.856]},"properties":{"name":"Quảng Lâm","level":"ward","province":"Cao Bằng"}},{"type":"Feature","geometry":{"type":"Point","coordinates":[105.545,22.733]},"properties":{"name":"Yên Thổ","level":"ward","province":"Cao Bằng"}},{"type":"Feature","geometry":{"type":"Point","coordinates":[105.681,22.951]},"properties":{"name":"Bảo Lạc","level":"ward","province":"Cao Bằng"}},{"type":"Feature","geometry":{"type":"Point","coordinates":[105.581,23.043]},"properties":{"name":"Cốc Pàng","level":"ward","province":"Cao Bằng"}},{"type":"Feature","geometry":{"type":"Point","coordinates":[105.715,23]},"properties":{"name":"Cô Ba","level":"ward","province":"Cao Bằng"}},{"type":"Feature","geometry":{"type":"Point","coordinates":[105.757,22.933]},"properties":{"name":"Khánh Xuân","level":"ward","province":"Cao Bằng"}},{"type":"Feature","geometry":{"type":"Point","coordinates":[105.804,22.91]},"properties":{"name":"Xuân Trường","level":"ward","province":"Cao Bằng"}},{"type":"Feature","geometry":{"type":"Point","coordinates":[105.676,22.839]},"properties":{"name":"Hưng Đạo","level":"ward","province":"Cao Bằng"}},{"type":"Feature","geometry":{"type":"Point","coordinates":[105.78,22.796]},"properties":{"name":"Huy Giáp","level":"ward","province":"Cao Bằng"}},{"type":"Feature","geometry":{"type":"Point","coordinates":[105.657,22.741]},"properties":{"name":"Sơn Lộ","level":"ward","province":"Cao Bằng"}},{"type":"Feature","geometry":{"type":"Point","coordinates":[105.982,22.782]},"properties":{"name":"Thông Nông","level":"ward","province":"Cao Bằng"}},{"type":"Feature","geometry":{"type":"Point","coordinates":[105.923,22.884]},"properties":{"name":"Cần Yên","level":"ward","province":"Cao Bằng"}},{"type":"Feature","geometry":{"type":"Point","coordinates":[105.943,22.762]},"properties":{"name":"Thanh Long","level":"ward","province":"Cao Bằng"}},{"type":"Feature","geometry":{"type":"Point","coordinates":[106.028,22.904]},"properties":{"name":"Trường Hà","level":"ward","province":"Cao Bằng"}},{"type":"Feature","geometry":{"type":"Point","coordinates":[106.096,22.935]},"properties":{"name":"Lũng Nặm","level":"ward","province":"Cao Bằng"}},{"type":"Feature","geometry":{"type":"Point","coordinates":[106.185,22.944]},"properties":{"name":"Tổng Cọt","level":"ward","province":"Cao Bằng"}},{"type":"Feature","geometry":{"type":"Point","coordinates":[106.169,22.856]},"properties":{"name":"Hà Quảng","level":"ward","province":"Cao Bằng"}},{"type":"Feature","geometry":{"type":"Point","coordinates":[106.324,22.829]},"properties":{"name":"Trà Lĩnh","level":"ward","province":"Cao Bằng"}},{"type":"Feature","geometry":{"type":"Point","coordinates":[106.264,22.83]},"properties":{"name":"Quang Hán","level":"ward","province":"Cao Bằng"}},{"type":"Feature","geometry":{"type":"Point","coordinates":[106.391,22.839]},"properties":{"name":"Quang Trung","level":"ward","province":"Cao Bằng"}},{"type":"Feature","geometry":{"type":"Point","coordinates":[106.526,22.837]},"properties":{"name":"Trùng Khánh","level":"ward","province":"Cao Bằng"}},{"type":"Feature","geometry":{"type":"Point","coordinates":[106.568,22.897]},"properties":{"name":"Đình Phong","level":"ward","province":"Cao Bằng"}},{"type":"Feature","geometry":{"type":"Point","coordinates":[106.651,22.834]},"properties":{"name":"Đàm Thủy","level":"ward","province":"Cao Bằng"}},{"type":"Feature","geometry":{"type":"Point","coordinates":[106.512,22.761]},"properties":{"name":"Đoài Dương","level":"ward","province":"Cao Bằng"}},{"type":"Feature","geometry":{"type":"Point","coordinates":[106.758,22.794]},"properties":{"name":"Lý Quốc","level":"ward","province":"Cao Bằng"}},{"type":"Feature","geometry":{"type":"Point","coordinates":[106.693,22.735]},"properties":{"name":"Quang Long","level":"ward","province":"Cao Bằng"}},{"type":"Feature","geometry":{"type":"Point","coordinates":[106.713,22.65]},"properties":{"name":"Hạ Lang","level":"ward","province":"Cao Bằng"}},{"type":"Feature","geometry":{"type":"Point","coordinates":[106.621,22.681]},"properties":{"name":"Vinh Quý","level":"ward","province":"Cao Bằng"}},{"type":"Feature","geometry":{"type":"Point","coordinates":[106.443,22.693]},"properties":{"name":"Quảng Uyên","level":"ward","province":"Cao Bằng"}},{"type":"Feature","geometry":{"type":"Point","coordinates":[106.498,22.711]},"properties":{"name":"Độc Lập","level":"ward","province":"Cao Bằng"}},{"type":"Feature","geometry":{"type":"Point","coordinates":[106.42,22.625]},"properties":{"name":"Hạnh Phúc","level":"ward","province":"Cao Bằng"}},{"type":"Feature","geometry":{"type":"Point","coordinates":[106.549,22.607]},"properties":{"name":"Bế Văn Đàn","level":"ward","province":"Cao Bằng"}},{"type":"Feature","geometry":{"type":"Point","coordinates":[106.538,22.53]},"properties":{"name":"Phục Hòa","level":"ward","province":"Cao Bằng"}},{"type":"Feature","geometry":{"type":"Point","coordinates":[106.187,22.746]},"properties":{"name":"Hòa An","level":"ward","province":"Cao Bằng"}},{"type":"Feature","geometry":{"type":"Point","coordinates":[106.112,22.784]},"properties":{"name":"Nam Tuấn","level":"ward","province":"Cao Bằng"}},{"type":"Feature","geometry":{"type":"Point","coordinates":[106.299,22.7]},"properties":{"name":"Nguyễn Huệ","level":"ward","province":"Cao Bằng"}},{"type":"Feature","geometry":{"type":"Point","coordinates":[106.164,22.597]},"properties":{"name":"Bạch Đằng","level":"ward","province":"Cao Bằng"}},{"type":"Feature","geometry":{"type":"Point","coordinates":[105.96,22.65]},"properties":{"name":"Nguyên Bình","level":"ward","province":"Cao Bằng"}},{"type":"Feature","geometry":{"type":"Point","coordinates":[105.889,22.649]},"properties":{"name":"Tĩnh Túc","level":"ward","province":"Cao Bằng"}},{"type":"Feature","geometry":{"type":"Point","coordinates":[105.834,22.726]},"properties":{"name":"Ca Thành","level":"ward","province":"Cao Bằng"}},{"type":"Feature","geometry":{"type":"Point","coordinates":[106.085,22.699]},"properties":{"name":"Minh Tâm","level":"ward","province":"Cao Bằng"}},{"type":"Feature","geometry":{"type":"Point","coordinates":[105.839,22.616]},"properties":{"name":"Phan Thanh","level":"ward","province":"Cao Bằng"}},{"type":"Feature","geometry":{"type":"Point","coordinates":[106.018,22.606]},"properties":{"name":"Tam Kim","level":"ward","province":"Cao Bằng"}},{"type":"Feature","geometry":{"type":"Point","coordinates":[105.871,22.54]},"properties":{"name":"Thành Công","level":"ward","province":"Cao Bằng"}},{"type":"Feature","geometry":{"type":"Point","coordinates":[106.432,22.43]},"properties":{"name":"Đông Khê","level":"ward","province":"Cao Bằng"}},{"type":"Feature","geometry":{"type":"Point","coordinates":[106.271,22.515]},"properties":{"name":"Canh Tân","level":"ward","province":"Cao Bằng"}},{"type":"Feature","geometry":{"type":"Point","coordinates":[106.344,22.541]},"properties":{"name":"Kim Đồng","level":"ward","province":"Cao Bằng"}},{"type":"Feature","geometry":{"type":"Point","coordinates":[106.174,22.473]},"properties":{"name":"Minh Khai","level":"ward","province":"Cao Bằng"}},{"type":"Feature","geometry":{"type":"Point","coordinates":[106.421,22.507]},"properties":{"name":"Thạch An","level":"ward","province":"Cao Bằng"}},{"type":"Feature","geometry":{"type":"Point","coordinates":[106.505,22.444]},"properties":{"name":"Đức Long","level":"ward","province":"Cao Bằng"}},{"type":"Feature","geometry":{"type":"Point","coordinates":[104.987,22.83]},"properties":{"name":"Hà Giang 2","level":"ward","province":"Tuyên Quang"}},{"type":"Feature","geometry":{"type":"Point","coordinates":[104.98,22.817]},"properties":{"name":"Hà Giang 1","level":"ward","province":"Tuyên Quang"}},{"type":"Feature","geometry":{"type":"Point","coordinates":[105.227,21.814]},"properties":{"name":"Nông Tiến","level":"ward","province":"Tuyên Quang"}},{"type":"Feature","geometry":{"type":"Point","coordinates":[105.213,21.829]},"properties":{"name":"Minh Xuân","level":"ward","province":"Tuyên Quang"}},{"type":"Feature","geometry":{"type":"Point","coordinates":[105.135,21.77]},"properties":{"name":"Mỹ Lâm","level":"ward","province":"Tuyên Quang"}},{"type":"Feature","geometry":{"type":"Point","coordinates":[105.222,21.784]},"properties":{"name":"An Tường","level":"ward","province":"Tuyên Quang"}},{"type":"Feature","geometry":{"type":"Point","coordinates":[105.228,21.711]},"properties":{"name":"Bình Thuận","level":"ward","province":"Tuyên Quang"}},{"type":"Feature","geometry":{"type":"Point","coordinates":[105.016,22.844]},"properties":{"name":"Ngọc Đường","level":"ward","province":"Tuyên Quang"}},{"type":"Feature","geometry":{"type":"Point","coordinates":[105.02,22.752]},"properties":{"name":"Phú Linh","level":"ward","province":"Tuyên Quang"}},{"type":"Feature","geometry":{"type":"Point","coordinates":[105.318,23.361]},"properties":{"name":"Lũng Cú","level":"ward","province":"Tuyên Quang"}},{"type":"Feature","geometry":{"type":"Point","coordinates":[105.262,23.241]},"properties":{"name":"Đồng Văn","level":"ward","province":"Tuyên Quang"}},{"type":"Feature","geometry":{"type":"Point","coordinates":[105.265,23.252]},"properties":{"name":"Sà Phìn","level":"ward","province":"Tuyên Quang"}},{"type":"Feature","geometry":{"type":"Point","coordinates":[105.185,23.253]},"properties":{"name":"Phó Bảng","level":"ward","province":"Tuyên Quang"}},{"type":"Feature","geometry":{"type":"Point","coordinates":[105.279,23.135]},"properties":{"name":"Lũng Phìn","level":"ward","province":"Tuyên Quang"}},{"type":"Feature","geometry":{"type":"Point","coordinates":[105.41,23.163]},"properties":{"name":"Mèo Vạc","level":"ward","province":"Tuyên Quang"}},{"type":"Feature","geometry":{"type":"Point","coordinates":[105.47,23.247]},"properties":{"name":"Sơn Vĩ","level":"ward","province":"Tuyên Quang"}},{"type":"Feature","geometry":{"type":"Point","coordinates":[105.319,23.165]},"properties":{"name":"Sủng Máng","level":"ward","province":"Tuyên Quang"}},{"type":"Feature","geometry":{"type":"Point","coordinates":[105.481,23.114]},"properties":{"name":"Khâu Vai","level":"ward","province":"Tuyên Quang"}},{"type":"Feature","geometry":{"type":"Point","coordinates":[105.366,23.087]},"properties":{"name":"Tát Ngà","level":"ward","province":"Tuyên Quang"}},{"type":"Feature","geometry":{"type":"Point","coordinates":[105.421,23.037]},"properties":{"name":"Niêm Sơn","level":"ward","province":"Tuyên Quang"}},{"type":"Feature","geometry":{"type":"Point","coordinates":[105.211,23.071]},"properties":{"name":"Yên Minh","level":"ward","province":"Tuyên Quang"}},{"type":"Feature","geometry":{"type":"Point","coordinates":[105.084,23.25]},"properties":{"name":"Thắng Mố","level":"ward","province":"Tuyên Quang"}},{"type":"Feature","geometry":{"type":"Point","coordinates":[105.054,23.171]},"properties":{"name":"Bạch Đích","level":"ward","province":"Tuyên Quang"}},{"type":"Feature","geometry":{"type":"Point","coordinates":[105.238,23.066]},"properties":{"name":"Mậu Duệ","level":"ward","province":"Tuyên Quang"}},{"type":"Feature","geometry":{"type":"Point","coordinates":[105.313,22.982]},"properties":{"name":"Ngọc Long","level":"ward","province":"Tuyên Quang"}},{"type":"Feature","geometry":{"type":"Point","coordinates":[105.239,22.986]},"properties":{"name":"Đường Thượng","level":"ward","province":"Tuyên Quang"}},{"type":"Feature","geometry":{"type":"Point","coordinates":[105.223,22.931]},"properties":{"name":"Du Già","level":"ward","province":"Tuyên Quang"}},{"type":"Feature","geometry":{"type":"Point","coordinates":[104.955,23.067]},"properties":{"name":"Quản Bạ","level":"ward","province":"Tuyên Quang"}},{"type":"Feature","geometry":{"type":"Point","coordinates":[105.016,23.127]},"properties":{"name":"Cán Tỷ","level":"ward","province":"Tuyên Quang"}},{"type":"Feature","geometry":{"type":"Point","coordinates":[104.949,23.128]},"properties":{"name":"Nghĩa Thuận","level":"ward","province":"Tuyên Quang"}},{"type":"Feature","geometry":{"type":"Point","coordinates":[104.917,23.066]},"properties":{"name":"Tùng Vài","level":"ward","province":"Tuyên Quang"}},{"type":"Feature","geometry":{"type":"Point","coordinates":[105.044,23.049]},"properties":{"name":"Lùng Tám","level":"ward","province":"Tuyên Quang"}},{"type":"Feature","geometry":{"type":"Point","coordinates":[105.044,22.762]},"properties":{"name":"Vị Xuyên","level":"ward","province":"Tuyên Quang"}},{"type":"Feature","geometry":{"type":"Point","coordinates":[104.948,22.96]},"properties":{"name":"Minh Tân","level":"ward","province":"Tuyên Quang"}},{"type":"Feature","geometry":{"type":"Point","coordinates":[105.006,22.906]},"properties":{"name":"Thuận Hòa","level":"ward","province":"Tuyên Quang"}},{"type":"Feature","geometry":{"type":"Point","coordinates":[105.08,22.876]},"properties":{"name":"Tùng Bá","level":"ward","province":"Tuyên Quang"}},{"type":"Feature","geometry":{"type":"Point","coordinates":[104.904,22.874]},"properties":{"name":"Thanh Thủy","level":"ward","province":"Tuyên Quang"}},{"type":"Feature","geometry":{"type":"Point","coordinates":[104.768,22.837]},"properties":{"name":"Lao Chải","level":"ward","province":"Tuyên Quang"}},{"type":"Feature","geometry":{"type":"Point","coordinates":[104.869,22.756]},"properties":{"name":"Cao Bồ","level":"ward","province":"Tuyên Quang"}},{"type":"Feature","geometry":{"type":"Point","coordinates":[104.857,22.655]},"properties":{"name":"Thượng Sơn","level":"ward","province":"Tuyên Quang"}},{"type":"Feature","geometry":{"type":"Point","coordinates":[104.942,22.624]},"properties":{"name":"Việt Lâm","level":"ward","province":"Tuyên Quang"}},{"type":"Feature","geometry":{"type":"Point","coordinates":[105.059,22.7]},"properties":{"name":"Linh Hồ","level":"ward","province":"Tuyên Quang"}},{"type":"Feature","geometry":{"type":"Point","coordinates":[105.049,22.588]},"properties":{"name":"Bạch Ngọc","level":"ward","province":"Tuyên Quang"}},{"type":"Feature","geometry":{"type":"Point","coordinates":[105.201,22.824]},"properties":{"name":"Minh Sơn","level":"ward","province":"Tuyên Quang"}},{"type":"Feature","geometry":{"type":"Point","coordinates":[105.307,22.769]},"properties":{"name":"Giáp Trung","level":"ward","province":"Tuyên Quang"}},{"type":"Feature","geometry":{"type":"Point","coordinates":[105.282,22.763]},"properties":{"name":"Bắc Mê","level":"ward","province":"Tuyên Quang"}},{"type":"Feature","geometry":{"type":"Point","coordinates":[105.168,22.773]},"properties":{"name":"Minh Ngọc","level":"ward","province":"Tuyên Quang"}},{"type":"Feature","geometry":{"type":"Point","coordinates":[105.378,22.685]},"properties":{"name":"Yên Cường","level":"ward","province":"Tuyên Quang"}},{"type":"Feature","geometry":{"type":"Point","coordinates":[105.424,22.644]},"properties":{"name":"Đường Hồng","level":"ward","province":"Tuyên Quang"}},{"type":"Feature","geometry":{"type":"Point","coordinates":[104.691,22.694]},"properties":{"name":"Hoàng Su Phì","level":"ward","province":"Tuyên Quang"}},{"type":"Feature","geometry":{"type":"Point","coordinates":[104.583,22.783]},"properties":{"name":"Bản Máy","level":"ward","province":"Tuyên Quang"}},{"type":"Feature","geometry":{"type":"Point","coordinates":[104.682,22.765]},"properties":{"name":"Thàng Tín","level":"ward","province":"Tuyên Quang"}},{"type":"Feature","geometry":{"type":"Point","coordinates":[104.765,22.744]},"properties":{"name":"Tân Tiến","level":"ward","province":"Tuyên Quang"}},{"type":"Feature","geometry":{"type":"Point","coordinates":[104.625,22.705]},"properties":{"name":"Pờ Ly Ngài","level":"ward","province":"Tuyên Quang"}},{"type":"Feature","geometry":{"type":"Point","coordinates":[104.705,22.658]},"properties":{"name":"Nậm Dịch","level":"ward","province":"Tuyên Quang"}},{"type":"Feature","geometry":{"type":"Point","coordinates":[104.687,22.562]},"properties":{"name":"Hồ Thầu","level":"ward","province":"Tuyên Quang"}},{"type":"Feature","geometry":{"type":"Point","coordinates":[104.738,22.521]},"properties":{"name":"Thông Nguyên","level":"ward","province":"Tuyên Quang"}},{"type":"Feature","geometry":{"type":"Point","coordinates":[104.427,22.663]},"properties":{"name":"Pà Vầy Sủ","level":"ward","province":"Tuyên Quang"}},{"type":"Feature","geometry":{"type":"Point","coordinates":[104.505,22.634]},"properties":{"name":"Xín Mần","level":"ward","province":"Tuyên Quang"}},{"type":"Feature","geometry":{"type":"Point","coordinates":[104.558,22.702]},"properties":{"name":"Trung Thịnh","level":"ward","province":"Tuyên Quang"}},{"type":"Feature","geometry":{"type":"Point","coordinates":[104.485,22.613]},"properties":{"name":"Nấm Dẩn","level":"ward","province":"Tuyên Quang"}},{"type":"Feature","geometry":{"type":"Point","coordinates":[104.577,22.57]},"properties":{"name":"Quảng Nguyên","level":"ward","province":"Tuyên Quang"}},{"type":"Feature","geometry":{"type":"Point","coordinates":[104.506,22.518]},"properties":{"name":"Khuôn Lùng","level":"ward","province":"Tuyên Quang"}},{"type":"Feature","geometry":{"type":"Point","coordinates":[104.928,22.393]},"properties":{"name":"Bắc Quang","level":"ward","province":"Tuyên Quang"}},{"type":"Feature","geometry":{"type":"Point","coordinates":[104.892,22.276]},"properties":{"name":"Vĩnh Tuy","level":"ward","province":"Tuyên Quang"}},{"type":"Feature","geometry":{"type":"Point","coordinates":[104.946,22.496]},"properties":{"name":"Đồng Tâm","level":"ward","province":"Tuyên Quang"}},{"type":"Feature","geometry":{"type":"Point","coordinates":[104.874,22.497]},"properties":{"name":"Tân Quang","level":"ward","province":"Tuyên Quang"}},{"type":"Feature","geometry":{"type":"Point","coordinates":[104.99,22.433]},"properties":{"name":"Bằng Hành","level":"ward","province":"Tuyên Quang"}},{"type":"Feature","geometry":{"type":"Point","coordinates":[105.034,22.392]},"properties":{"name":"Liên Hiệp","level":"ward","province":"Tuyên Quang"}},{"type":"Feature","geometry":{"type":"Point","coordinates":[104.874,22.341]},"properties":{"name":"Hùng An","level":"ward","province":"Tuyên Quang"}},{"type":"Feature","geometry":{"type":"Point","coordinates":[104.775,22.198]},"properties":{"name":"Đồng Yên","level":"ward","province":"Tuyên Quang"}},{"type":"Feature","geometry":{"type":"Point","coordinates":[104.684,22.507]},"properties":{"name":"Tiên Nguyên","level":"ward","province":"Tuyên Quang"}},{"type":"Feature","geometry":{"type":"Point","coordinates":[104.549,22.413]},"properties":{"name":"Yên Thành","level":"ward","province":"Tuyên Quang"}},{"type":"Feature","geometry":{"type":"Point","coordinates":[104.654,22.385]},"properties":{"name":"Quang Bình","level":"ward","province":"Tuyên Quang"}},{"type":"Feature","geometry":{"type":"Point","coordinates":[104.715,22.411]},"properties":{"name":"Tân Trịnh","level":"ward","province":"Tuyên Quang"}},{"type":"Feature","geometry":{"type":"Point","coordinates":[104.636,22.364]},"properties":{"name":"Bằng Lang","level":"ward","province":"Tuyên Quang"}},{"type":"Feature","geometry":{"type":"Point","coordinates":[104.669,22.321]},"properties":{"name":"Xuân Giang","level":"ward","province":"Tuyên Quang"}},{"type":"Feature","geometry":{"type":"Point","coordinates":[104.708,22.28]},"properties":{"name":"Tiên Yên","level":"ward","province":"Tuyên Quang"}},{"type":"Feature","geometry":{"type":"Point","coordinates":[105.384,22.351]},"properties":{"name":"Nà Hang","level":"ward","province":"Tuyên Quang"}},{"type":"Feature","geometry":{"type":"Point","coordinates":[105.504,22.61]},"properties":{"name":"Thượng Nông","level":"ward","province":"Tuyên Quang"}},{"type":"Feature","geometry":{"type":"Point","coordinates":[105.441,22.528]},"properties":{"name":"Côn Lôn","level":"ward","province":"Tuyên Quang"}},{"type":"Feature","geometry":{"type":"Point","coordinates":[105.48,22.511]},"properties":{"name":"Yên Hoa","level":"ward","province":"Tuyên Quang"}},{"type":"Feature","geometry":{"type":"Point","coordinates":[105.505,22.42]},"properties":{"name":"Hồng Thái","level":"ward","province":"Tuyên Quang"}},{"type":"Feature","geometry":{"type":"Point","coordinates":[105.25,22.477]},"properties":{"name":"Lâm Bình","level":"ward","province":"Tuyên Quang"}},{"type":"Feature","geometry":{"type":"Point","coordinates":[105.299,22.478]},"properties":{"name":"Thượng Lâm","level":"ward","province":"Tuyên Quang"}},{"type":"Feature","geometry":{"type":"Point","coordinates":[105.306,22.149]},"properties":{"name":"Chiêm Hóa","level":"ward","province":"Tuyên Quang"}},{"type":"Feature","geometry":{"type":"Point","coordinates":[105.187,22.368]},"properties":{"name":"Bình An","level":"ward","province":"Tuyên Quang"}},{"type":"Feature","geometry":{"type":"Point","coordinates":[105.188,22.325]},"properties":{"name":"Minh Quang","level":"ward","province":"Tuyên Quang"}},{"type":"Feature","geometry":{"type":"Point","coordinates":[105.107,22.299]},"properties":{"name":"Trung Hà","level":"ward","province":"Tuyên Quang"}},{"type":"Feature","geometry":{"type":"Point","coordinates":[105.199,22.257]},"properties":{"name":"Tân Mỹ","level":"ward","province":"Tuyên Quang"}},{"type":"Feature","geometry":{"type":"Point","coordinates":[105.347,22.218]},"properties":{"name":"Yên Lập","level":"ward","province":"Tuyên Quang"}},{"type":"Feature","geometry":{"type":"Point","coordinates":[105.209,22.193]},"properties":{"name":"Tân An","level":"ward","province":"Tuyên Quang"}},{"type":"Feature","geometry":{"type":"Point","coordinates":[105.346,22.176]},"properties":{"name":"Kiên Đài","level":"ward","province":"Tuyên Quang"}},{"type":"Feature","geometry":{"type":"Point","coordinates":[105.311,22.094]},"properties":{"name":"Kim Bình","level":"ward","province":"Tuyên Quang"}},{"type":"Feature","geometry":{"type":"Point","coordinates":[105.243,22.094]},"properties":{"name":"Hòa An","level":"ward","province":"Tuyên Quang"}},{"type":"Feature","geometry":{"type":"Point","coordinates":[105.41,22.021]},"properties":{"name":"Tri Phú","level":"ward","province":"Tuyên Quang"}},{"type":"Feature","geometry":{"type":"Point","coordinates":[105.174,22.068]},"properties":{"name":"Yên Nguyên","level":"ward","province":"Tuyên Quang"}},{"type":"Feature","geometry":{"type":"Point","coordinates":[105.011,22.095]},"properties":{"name":"Hàm Yên","level":"ward","province":"Tuyên Quang"}},{"type":"Feature","geometry":{"type":"Point","coordinates":[104.97,22.225]},"properties":{"name":"Bạch Xa","level":"ward","province":"Tuyên Quang"}},{"type":"Feature","geometry":{"type":"Point","coordinates":[105.016,22.166]},"properties":{"name":"Phù Lưu","level":"ward","province":"Tuyên Quang"}},{"type":"Feature","geometry":{"type":"Point","coordinates":[104.988,22.125]},"properties":{"name":"Yên Phú","level":"ward","province":"Tuyên Quang"}},{"type":"Feature","geometry":{"type":"Point","coordinates":[105.119,22.054]},"properties":{"name":"Bình Xa","level":"ward","province":"Tuyên Quang"}},{"type":"Feature","geometry":{"type":"Point","coordinates":[105.069,21.992]},"properties":{"name":"Thái Sơn","level":"ward","province":"Tuyên Quang"}},{"type":"Feature","geometry":{"type":"Point","coordinates":[105.097,21.969]},"properties":{"name":"Thái Hòa","level":"ward","province":"Tuyên Quang"}},{"type":"Feature","geometry":{"type":"Point","coordinates":[105.1,21.914]},"properties":{"name":"Hùng Đức","level":"ward","province":"Tuyên Quang"}},{"type":"Feature","geometry":{"type":"Point","coordinates":[105.21,22.01]},"properties":{"name":"Lực Hành","level":"ward","province":"Tuyên Quang"}},{"type":"Feature","geometry":{"type":"Point","coordinates":[105.32,22.002]},"properties":{"name":"Kiến Thiết","level":"ward","province":"Tuyên Quang"}},{"type":"Feature","geometry":{"type":"Point","coordinates":[105.227,21.945]},"properties":{"name":"Xuân Vân","level":"ward","province":"Tuyên Quang"}},{"type":"Feature","geometry":{"type":"Point","coordinates":[105.468,21.895]},"properties":{"name":"Hùng Lợi","level":"ward","province":"Tuyên Quang"}},{"type":"Feature","geometry":{"type":"Point","coordinates":[105.43,21.877]},"properties":{"name":"Trung Sơn","level":"ward","province":"Tuyên Quang"}},{"type":"Feature","geometry":{"type":"Point","coordinates":[105.227,21.873]},"properties":{"name":"Tân Long","level":"ward","province":"Tuyên Quang"}},{"type":"Feature","geometry":{"type":"Point","coordinates":[105.371,21.864]},"properties":{"name":"Yên Sơn","level":"ward","province":"Tuyên Quang"}},{"type":"Feature","geometry":{"type":"Point","coordinates":[105.26,21.797]},"properties":{"name":"Thái Bình","level":"ward","province":"Tuyên Quang"}},{"type":"Feature","geometry":{"type":"Point","coordinates":[105.176,21.7]},"properties":{"name":"Nhữ Khê","level":"ward","province":"Tuyên Quang"}},{"type":"Feature","geometry":{"type":"Point","coordinates":[105.392,21.698]},"properties":{"name":"Sơn Dương","level":"ward","province":"Tuyên Quang"}},{"type":"Feature","geometry":{"type":"Point","coordinates":[105.444,21.775]},"properties":{"name":"Tân Trào","level":"ward","province":"Tuyên Quang"}},{"type":"Feature","geometry":{"type":"Point","coordinates":[105.283,21.737]},"properties":{"name":"Bình Ca","level":"ward","province":"Tuyên Quang"}},{"type":"Feature","geometry":{"type":"Point","coordinates":[105.426,21.753]},"properties":{"name":"Minh Thanh","level":"ward","province":"Tuyên Quang"}},{"type":"Feature","geometry":{"type":"Point","coordinates":[105.278,21.652]},"properties":{"name":"Đông Thọ","level":"ward","province":"Tuyên Quang"}},{"type":"Feature","geometry":{"type":"Point","coordinates":[105.41,21.626]},"properties":{"name":"Tân Thanh","level":"ward","province":"Tuyên Quang"}},{"type":"Feature","geometry":{"type":"Point","coordinates":[105.291,21.593]},"properties":{"name":"Hồng Sơn","level":"ward","province":"Tuyên Quang"}},{"type":"Feature","geometry":{"type":"Point","coordinates":[105.432,21.542]},"properties":{"name":"Phú Lương","level":"ward","province":"Tuyên Quang"}},{"type":"Feature","geometry":{"type":"Point","coordinates":[105.467,21.57]},"properties":{"name":"Sơn Thủy","level":"ward","province":"Tuyên Quang"}},{"type":"Feature","geometry":{"type":"Point","coordinates":[105.316,21.55]},"properties":{"name":"Trường Sinh","level":"ward","province":"Tuyên Quang"}},{"type":"Feature","geometry":{"type":"Point","coordinates":[103.105,21.49]},"properties":{"name":"Điện Biên Phủ","level":"ward","province":"Điện Biên"}},{"type":"Feature","geometry":{"type":"Point","coordinates":[103.127,22.031]},"properties":{"name":"Mường Lay","level":"ward","province":"Điện Biên"}},{"type":"Feature","geometry":{"type":"Point","coordinates":[103.017,21.387]},"properties":{"name":"Mường Thanh","level":"ward","province":"Điện Biên"}},{"type":"Feature","geometry":{"type":"Point","coordinates":[102.254,22.376]},"properties":{"name":"Sín Thầu","level":"ward","province":"Điện Biên"}},{"type":"Feature","geometry":{"type":"Point","coordinates":[102.373,22.264]},"properties":{"name":"Mường Nhé","level":"ward","province":"Điện Biên"}},{"type":"Feature","geometry":{"type":"Point","coordinates":[102.514,22.062]},"properties":{"name":"Nậm Kè","level":"ward","province":"Điện Biên"}},{"type":"Feature","geometry":{"type":"Point","coordinates":[102.572,22.157]},"properties":{"name":"Mường Toong","level":"ward","province":"Điện Biên"}},{"type":"Feature","geometry":{"type":"Point","coordinates":[102.603,21.986]},"properties":{"name":"Quảng Lâm","level":"ward","province":"Điện Biên"}},{"type":"Feature","geometry":{"type":"Point","coordinates":[103.143,21.827]},"properties":{"name":"Mường Chà","level":"ward","province":"Điện Biên"}},{"type":"Feature","geometry":{"type":"Point","coordinates":[102.733,21.833]},"properties":{"name":"Nà Hỳ","level":"ward","province":"Điện Biên"}},{"type":"Feature","geometry":{"type":"Point","coordinates":[103.09,21.759]},"properties":{"name":"Na Sang","level":"ward","province":"Điện Biên"}},{"type":"Feature","geometry":{"type":"Point","coordinates":[102.938,21.99]},"properties":{"name":"Chà Tở","level":"ward","province":"Điện Biên"}},{"type":"Feature","geometry":{"type":"Point","coordinates":[102.716,21.726]},"properties":{"name":"Nà Bủng","level":"ward","province":"Điện Biên"}},{"type":"Feature","geometry":{"type":"Point","coordinates":[103.093,21.952]},"properties":{"name":"Mường Tùng","level":"ward","province":"Điện Biên"}},{"type":"Feature","geometry":{"type":"Point","coordinates":[103.238,21.931]},"properties":{"name":"Pa Ham","level":"ward","province":"Điện Biên"}},{"type":"Feature","geometry":{"type":"Point","coordinates":[103.226,21.804]},"properties":{"name":"Nậm Nèn","level":"ward","province":"Điện Biên"}},{"type":"Feature","geometry":{"type":"Point","coordinates":[102.92,21.81]},"properties":{"name":"Si Pa Phìn","level":"ward","province":"Điện Biên"}},{"type":"Feature","geometry":{"type":"Point","coordinates":[103.03,21.587]},"properties":{"name":"Mường Pồn","level":"ward","province":"Điện Biên"}},{"type":"Feature","geometry":{"type":"Point","coordinates":[103.22,21.297]},"properties":{"name":"Na Son","level":"ward","province":"Điện Biên"}},{"type":"Feature","geometry":{"type":"Point","coordinates":[103.3,21.318]},"properties":{"name":"Xa Dung","level":"ward","province":"Điện Biên"}},{"type":"Feature","geometry":{"type":"Point","coordinates":[103.38,21.247]},"properties":{"name":"Mường Luân","level":"ward","province":"Điện Biên"}},{"type":"Feature","geometry":{"type":"Point","coordinates":[103.377,21.971]},"properties":{"name":"Tủa Chùa","level":"ward","province":"Điện Biên"}},{"type":"Feature","geometry":{"type":"Point","coordinates":[103.439,22.032]},"properties":{"name":"Tủa Thàng","level":"ward","province":"Điện Biên"}},{"type":"Feature","geometry":{"type":"Point","coordinates":[103.348,22.054]},"properties":{"name":"Sín Chải","level":"ward","province":"Điện Biên"}},{"type":"Feature","geometry":{"type":"Point","coordinates":[103.327,21.944]},"properties":{"name":"Sính Phình","level":"ward","province":"Điện Biên"}},{"type":"Feature","geometry":{"type":"Point","coordinates":[103.459,21.847]},"properties":{"name":"Sáng Nhè","level":"ward","province":"Điện Biên"}},{"type":"Feature","geometry":{"type":"Point","coordinates":[103.371,21.646]},"properties":{"name":"Tuần Giáo","level":"ward","province":"Điện Biên"}},{"type":"Feature","geometry":{"type":"Point","coordinates":[103.259,21.527]},"properties":{"name":"Mường Ảng","level":"ward","province":"Điện Biên"}},{"type":"Feature","geometry":{"type":"Point","coordinates":[103.49,21.723]},"properties":{"name":"Pú Nhung","level":"ward","province":"Điện Biên"}},{"type":"Feature","geometry":{"type":"Point","coordinates":[103.318,21.725]},"properties":{"name":"Mường Mùn","level":"ward","province":"Điện Biên"}},{"type":"Feature","geometry":{"type":"Point","coordinates":[103.336,21.61]},"properties":{"name":"Chiềng Sinh","level":"ward","province":"Điện Biên"}},{"type":"Feature","geometry":{"type":"Point","coordinates":[103.457,21.542]},"properties":{"name":"Quài Tở","level":"ward","province":"Điện Biên"}},{"type":"Feature","geometry":{"type":"Point","coordinates":[103.289,21.546]},"properties":{"name":"Búng Lao","level":"ward","province":"Điện Biên"}},{"type":"Feature","geometry":{"type":"Point","coordinates":[103.318,21.451]},"properties":{"name":"Mường Lạn","level":"ward","province":"Điện Biên"}},{"type":"Feature","geometry":{"type":"Point","coordinates":[103.144,21.562]},"properties":{"name":"Nà Tấu","level":"ward","province":"Điện Biên"}},{"type":"Feature","geometry":{"type":"Point","coordinates":[103.135,21.449]},"properties":{"name":"Mường Phăng","level":"ward","province":"Điện Biên"}},{"type":"Feature","geometry":{"type":"Point","coordinates":[103.006,21.42]},"properties":{"name":"Thanh Nưa","level":"ward","province":"Điện Biên"}},{"type":"Feature","geometry":{"type":"Point","coordinates":[102.947,21.306]},"properties":{"name":"Thanh Yên","level":"ward","province":"Điện Biên"}},{"type":"Feature","geometry":{"type":"Point","coordinates":[103.046,21.302]},"properties":{"name":"Thanh An","level":"ward","province":"Điện Biên"}},{"type":"Feature","geometry":{"type":"Point","coordinates":[102.949,21.207]},"properties":{"name":"Sam Mứn","level":"ward","province":"Điện Biên"}},{"type":"Feature","geometry":{"type":"Point","coordinates":[103.053,21.179]},"properties":{"name":"Núa Ngam","level":"ward","province":"Điện Biên"}},{"type":"Feature","geometry":{"type":"Point","coordinates":[103.1,21.127]},"properties":{"name":"Mường Nhà","level":"ward","province":"Điện Biên"}},{"type":"Feature","geometry":{"type":"Point","coordinates":[103.134,21.346]},"properties":{"name":"Pu Nhi","level":"ward","province":"Điện Biên"}},{"type":"Feature","geometry":{"type":"Point","coordinates":[103.224,21.125]},"properties":{"name":"Phình Giàng","level":"ward","province":"Điện Biên"}},{"type":"Feature","geometry":{"type":"Point","coordinates":[103.338,21.141]},"properties":{"name":"Tìa Dình","level":"ward","province":"Điện Biên"}},{"type":"Feature","geometry":{"type":"Point","coordinates":[103.456,22.398]},"properties":{"name":"Đoàn Kết","level":"ward","province":"Lai Châu"}},{"type":"Feature","geometry":{"type":"Point","coordinates":[103.466,22.389]},"properties":{"name":"Tân Phong","level":"ward","province":"Lai Châu"}},{"type":"Feature","geometry":{"type":"Point","coordinates":[103.643,22.318]},"properties":{"name":"Bình Lư","level":"ward","province":"Lai Châu"}},{"type":"Feature","geometry":{"type":"Point","coordinates":[103.495,22.52]},"properties":{"name":"Sin Suối Hồ","level":"ward","province":"Lai Châu"}},{"type":"Feature","geometry":{"type":"Point","coordinates":[103.561,22.402]},"properties":{"name":"Tả Lèng","level":"ward","province":"Lai Châu"}},{"type":"Feature","geometry":{"type":"Point","coordinates":[102.623,22.486]},"properties":{"name":"Bản Bo","level":"ward","province":"Lai Châu"}},{"type":"Feature","geometry":{"type":"Point","coordinates":[103.572,22.262]},"properties":{"name":"Khun Há","level":"ward","province":"Lai Châu"}},{"type":"Feature","geometry":{"type":"Point","coordinates":[102.735,22.415]},"properties":{"name":"Bum Tở","level":"ward","province":"Lai Châu"}},{"type":"Feature","geometry":{"type":"Point","coordinates":[103.049,22.146]},"properties":{"name":"Nậm Hàng","level":"ward","province":"Lai Châu"}},{"type":"Feature","geometry":{"type":"Point","coordinates":[102.459,22.703]},"properties":{"name":"Thu Lũm","level":"ward","province":"Lai Châu"}},{"type":"Feature","geometry":{"type":"Point","coordinates":[102.653,22.585]},"properties":{"name":"Pa Ủ","level":"ward","province":"Lai Châu"}},{"type":"Feature","geometry":{"type":"Point","coordinates":[102.809,22.379]},"properties":{"name":"Mường Tè","level":"ward","province":"Lai Châu"}},{"type":"Feature","geometry":{"type":"Point","coordinates":[102.47,22.51]},"properties":{"name":"Mù Cả","level":"ward","province":"Lai Châu"}},{"type":"Feature","geometry":{"type":"Point","coordinates":[102.972,22.394]},"properties":{"name":"Hua Bum","level":"ward","province":"Lai Châu"}},{"type":"Feature","geometry":{"type":"Point","coordinates":[102.655,22.377]},"properties":{"name":"Tà Tổng","level":"ward","province":"Lai Châu"}},{"type":"Feature","geometry":{"type":"Point","coordinates":[102.847,22.374]},"properties":{"name":"Bum Nưa","level":"ward","province":"Lai Châu"}},{"type":"Feature","geometry":{"type":"Point","coordinates":[102.939,22.226]},"properties":{"name":"Mường Mô","level":"ward","province":"Lai Châu"}},{"type":"Feature","geometry":{"type":"Point","coordinates":[103.353,22.251]},"properties":{"name":"Sìn Hồ","level":"ward","province":"Lai Châu"}},{"type":"Feature","geometry":{"type":"Point","coordinates":[103.156,22.092]},"properties":{"name":"Lê Lợi","level":"ward","province":"Lai Châu"}},{"type":"Feature","geometry":{"type":"Point","coordinates":[103.198,22.464]},"properties":{"name":"Pa Tần","level":"ward","province":"Lai Châu"}},{"type":"Feature","geometry":{"type":"Point","coordinates":[103.281,22.434]},"properties":{"name":"Hồng Thu","level":"ward","province":"Lai Châu"}},{"type":"Feature","geometry":{"type":"Point","coordinates":[103.399,22.28]},"properties":{"name":"Nậm Tăm","level":"ward","province":"Lai Châu"}},{"type":"Feature","geometry":{"type":"Point","coordinates":[103.275,22.19]},"properties":{"name":"Tủa Sín Chải","level":"ward","province":"Lai Châu"}},{"type":"Feature","geometry":{"type":"Point","coordinates":[103.496,22.229]},"properties":{"name":"Pu Sam Cáp","level":"ward","province":"Lai Châu"}},{"type":"Feature","geometry":{"type":"Point","coordinates":[103.378,22.304]},"properties":{"name":"Nậm Mạ","level":"ward","province":"Lai Châu"}},{"type":"Feature","geometry":{"type":"Point","coordinates":[103.478,22.075]},"properties":{"name":"Nậm Cuổi","level":"ward","province":"Lai Châu"}},{"type":"Feature","geometry":{"type":"Point","coordinates":[103.333,22.614]},"properties":{"name":"Phong Thổ","level":"ward","province":"Lai Châu"}},{"type":"Feature","geometry":{"type":"Point","coordinates":[103.328,22.763]},"properties":{"name":"Sì Lở Lầu","level":"ward","province":"Lai Châu"}},{"type":"Feature","geometry":{"type":"Point","coordinates":[103.361,22.672]},"properties":{"name":"Dào San","level":"ward","province":"Lai Châu"}},{"type":"Feature","geometry":{"type":"Point","coordinates":[103.35,22.543]},"properties":{"name":"Khổng Lào","level":"ward","province":"Lai Châu"}},{"type":"Feature","geometry":{"type":"Point","coordinates":[103.802,21.884]},"properties":{"name":"Than Uyên","level":"ward","province":"Lai Châu"}},{"type":"Feature","geometry":{"type":"Point","coordinates":[103.745,22.126]},"properties":{"name":"Tân Uyên","level":"ward","province":"Lai Châu"}},{"type":"Feature","geometry":{"type":"Point","coordinates":[103.717,22.222]},"properties":{"name":"Mường Khoa","level":"ward","province":"Lai Châu"}},{"type":"Feature","geometry":{"type":"Point","coordinates":[103.345,22.522]},"properties":{"name":"Nậm Sỏ","level":"ward","province":"Lai Châu"}},{"type":"Feature","geometry":{"type":"Point","coordinates":[103.857,22.108]},"properties":{"name":"Pắc Ta","level":"ward","province":"Lai Châu"}},{"type":"Feature","geometry":{"type":"Point","coordinates":[103.862,22.023]},"properties":{"name":"Mường Than","level":"ward","province":"Lai Châu"}},{"type":"Feature","geometry":{"type":"Point","coordinates":[103.802,21.882]},"properties":{"name":"Mường Kim","level":"ward","province":"Lai Châu"}},{"type":"Feature","geometry":{"type":"Point","coordinates":[103.849,21.771]},"properties":{"name":"Khoen On","level":"ward","province":"Lai Châu"}},{"type":"Feature","geometry":{"type":"Point","coordinates":[103.909,21.344]},"properties":{"name":"Tô Hiệu","level":"ward","province":"Sơn La"}},{"type":"Feature","geometry":{"type":"Point","coordinates":[103.91,21.378]},"properties":{"name":"Chiềng An","level":"ward","province":"Sơn La"}},{"type":"Feature","geometry":{"type":"Point","coordinates":[103.914,21.319]},"properties":{"name":"Chiềng Cơi","level":"ward","province":"Sơn La"}},{"type":"Feature","geometry":{"type":"Point","coordinates":[103.965,21.288]},"properties":{"name":"Chiềng Sinh","level":"ward","province":"Sơn La"}},{"type":"Feature","geometry":{"type":"Point","coordinates":[104.643,20.843]},"properties":{"name":"Mộc Sơn","level":"ward","province":"Sơn La"}},{"type":"Feature","geometry":{"type":"Point","coordinates":[104.629,20.871]},"properties":{"name":"Mộc Châu","level":"ward","province":"Sơn La"}},{"type":"Feature","geometry":{"type":"Point","coordinates":[104.679,20.838]},"properties":{"name":"Thảo Nguyên","level":"ward","province":"Sơn La"}},{"type":"Feature","geometry":{"type":"Point","coordinates":[104.748,20.824]},"properties":{"name":"Vân Sơn","level":"ward","province":"Sơn La"}},{"type":"Feature","geometry":{"type":"Point","coordinates":[103.586,21.919]},"properties":{"name":"Mường Chiên","level":"ward","province":"Sơn La"}},{"type":"Feature","geometry":{"type":"Point","coordinates":[103.681,21.749]},"properties":{"name":"Mường Giôn","level":"ward","province":"Sơn La"}},{"type":"Feature","geometry":{"type":"Point","coordinates":[103.66,21.777]},"properties":{"name":"Quỳnh Nhai","level":"ward","province":"Sơn La"}},{"type":"Feature","geometry":{"type":"Point","coordinates":[103.735,21.598]},"properties":{"name":"Mường Sại","level":"ward","province":"Sơn La"}},{"type":"Feature","geometry":{"type":"Point","coordinates":[103.693,21.435]},"properties":{"name":"Thuận Châu","level":"ward","province":"Sơn La"}},{"type":"Feature","geometry":{"type":"Point","coordinates":[103.595,21.555]},"properties":{"name":"Bình Thuận","level":"ward","province":"Sơn La"}},{"type":"Feature","geometry":{"type":"Point","coordinates":[103.557,21.499]},"properties":{"name":"Mường É","level":"ward","province":"Sơn La"}},{"type":"Feature","geometry":{"type":"Point","coordinates":[103.765,21.467]},"properties":{"name":"Chiềng La","level":"ward","province":"Sơn La"}},{"type":"Feature","geometry":{"type":"Point","coordinates":[103.89,21.49]},"properties":{"name":"Mường Khiêng","level":"ward","province":"Sơn La"}},{"type":"Feature","geometry":{"type":"Point","coordinates":[103.388,21.376]},"properties":{"name":"Mường Bám","level":"ward","province":"Sơn La"}},{"type":"Feature","geometry":{"type":"Point","coordinates":[103.506,21.447]},"properties":{"name":"Long Hẹ","level":"ward","province":"Sơn La"}},{"type":"Feature","geometry":{"type":"Point","coordinates":[103.511,21.383]},"properties":{"name":"Co Mạ","level":"ward","province":"Sơn La"}},{"type":"Feature","geometry":{"type":"Point","coordinates":[103.737,21.325]},"properties":{"name":"Nậm Lầu","level":"ward","province":"Sơn La"}},{"type":"Feature","geometry":{"type":"Point","coordinates":[103.796,21.3]},"properties":{"name":"Muổi Nọi","level":"ward","province":"Sơn La"}},{"type":"Feature","geometry":{"type":"Point","coordinates":[104.112,21.527]},"properties":{"name":"Mường La","level":"ward","province":"Sơn La"}},{"type":"Feature","geometry":{"type":"Point","coordinates":[103.946,21.642]},"properties":{"name":"Chiềng Lao","level":"ward","province":"Sơn La"}},{"type":"Feature","geometry":{"type":"Point","coordinates":[104.202,21.611]},"properties":{"name":"Ngọc Chiến","level":"ward","province":"Sơn La"}},{"type":"Feature","geometry":{"type":"Point","coordinates":[104.037,21.402]},"properties":{"name":"Mường Bú","level":"ward","province":"Sơn La"}},{"type":"Feature","geometry":{"type":"Point","coordinates":[104.203,21.464]},"properties":{"name":"Chiềng Hoa","level":"ward","province":"Sơn La"}},{"type":"Feature","geometry":{"type":"Point","coordinates":[104.387,21.222]},"properties":{"name":"Bắc Yên","level":"ward","province":"Sơn La"}},{"type":"Feature","geometry":{"type":"Point","coordinates":[104.326,21.356]},"properties":{"name":"Xím Vàng","level":"ward","province":"Sơn La"}},{"type":"Feature","geometry":{"type":"Point","coordinates":[104.433,21.28]},"properties":{"name":"Tà Xùa","level":"ward","province":"Sơn La"}},{"type":"Feature","geometry":{"type":"Point","coordinates":[104.23,21.3]},"properties":{"name":"Pắc Ngà","level":"ward","province":"Sơn La"}},{"type":"Feature","geometry":{"type":"Point","coordinates":[104.331,21.164]},"properties":{"name":"Tạ Khoa","level":"ward","province":"Sơn La"}},{"type":"Feature","geometry":{"type":"Point","coordinates":[104.459,21.071]},"properties":{"name":"Chiềng Sại","level":"ward","province":"Sơn La"}},{"type":"Feature","geometry":{"type":"Point","coordinates":[104.599,21.322]},"properties":{"name":"Suối Tọ","level":"ward","province":"Sơn La"}},{"type":"Feature","geometry":{"type":"Point","coordinates":[104.764,21.306]},"properties":{"name":"Mường Cơi","level":"ward","province":"Sơn La"}},{"type":"Feature","geometry":{"type":"Point","coordinates":[104.67,21.225]},"properties":{"name":"Phù Yên","level":"ward","province":"Sơn La"}},{"type":"Feature","geometry":{"type":"Point","coordinates":[104.557,21.179]},"properties":{"name":"Gia Phù","level":"ward","province":"Sơn La"}},{"type":"Feature","geometry":{"type":"Point","coordinates":[104.792,21.167]},"properties":{"name":"Mường Bang","level":"ward","province":"Sơn La"}},{"type":"Feature","geometry":{"type":"Point","coordinates":[104.673,21.141]},"properties":{"name":"Tường Hạ","level":"ward","province":"Sơn La"}},{"type":"Feature","geometry":{"type":"Point","coordinates":[104.584,21.11]},"properties":{"name":"Kim Bon","level":"ward","province":"Sơn La"}},{"type":"Feature","geometry":{"type":"Point","coordinates":[104.74,21.077]},"properties":{"name":"Tân Phong","level":"ward","province":"Sơn La"}},{"type":"Feature","geometry":{"type":"Point","coordinates":[104.664,20.741]},"properties":{"name":"Chiềng Sơn","level":"ward","province":"Sơn La"}},{"type":"Feature","geometry":{"type":"Point","coordinates":[104.589,20.979]},"properties":{"name":"Tân Yên","level":"ward","province":"Sơn La"}},{"type":"Feature","geometry":{"type":"Point","coordinates":[104.724,20.966]},"properties":{"name":"Đoàn Kết","level":"ward","province":"Sơn La"}},{"type":"Feature","geometry":{"type":"Point","coordinates":[104.899,20.922]},"properties":{"name":"Song Khủa","level":"ward","province":"Sơn La"}},{"type":"Feature","geometry":{"type":"Point","coordinates":[104.816,20.925]},"properties":{"name":"Tô Múa","level":"ward","province":"Sơn La"}},{"type":"Feature","geometry":{"type":"Point","coordinates":[104.508,20.792]},"properties":{"name":"Lóng Sập","level":"ward","province":"Sơn La"}},{"type":"Feature","geometry":{"type":"Point","coordinates":[104.873,20.81]},"properties":{"name":"Vân Hồ","level":"ward","province":"Sơn La"}},{"type":"Feature","geometry":{"type":"Point","coordinates":[104.739,20.667]},"properties":{"name":"Xuân Nha","level":"ward","province":"Sơn La"}},{"type":"Feature","geometry":{"type":"Point","coordinates":[104.332,20.992]},"properties":{"name":"Yên Châu","level":"ward","province":"Sơn La"}},{"type":"Feature","geometry":{"type":"Point","coordinates":[104.425,20.979]},"properties":{"name":"Chiềng Hặc","level":"ward","province":"Sơn La"}},{"type":"Feature","geometry":{"type":"Point","coordinates":[104.186,21.009]},"properties":{"name":"Yên Sơn","level":"ward","province":"Sơn La"}},{"type":"Feature","geometry":{"type":"Point","coordinates":[104.387,20.883]},"properties":{"name":"Lóng Phiêng","level":"ward","province":"Sơn La"}},{"type":"Feature","geometry":{"type":"Point","coordinates":[104.293,20.957]},"properties":{"name":"Phiêng Khoài","level":"ward","province":"Sơn La"}},{"type":"Feature","geometry":{"type":"Point","coordinates":[103.971,21.169]},"properties":{"name":"Mai Sơn","level":"ward","province":"Sơn La"}},{"type":"Feature","geometry":{"type":"Point","coordinates":[104.131,21.309]},"properties":{"name":"Chiềng Sung","level":"ward","province":"Sơn La"}},{"type":"Feature","geometry":{"type":"Point","coordinates":[103.875,21.22]},"properties":{"name":"Mường Chanh","level":"ward","province":"Sơn La"}},{"type":"Feature","geometry":{"type":"Point","coordinates":[104.047,21.278]},"properties":{"name":"Chiềng Mung","level":"ward","province":"Sơn La"}},{"type":"Feature","geometry":{"type":"Point","coordinates":[103.981,21.19]},"properties":{"name":"Chiềng Mai","level":"ward","province":"Sơn La"}},{"type":"Feature","geometry":{"type":"Point","coordinates":[104.218,21.245]},"properties":{"name":"Tà Hộc","level":"ward","province":"Sơn La"}},{"type":"Feature","geometry":{"type":"Point","coordinates":[103.835,21.152]},"properties":{"name":"Phiêng Cằm","level":"ward","province":"Sơn La"}},{"type":"Feature","geometry":{"type":"Point","coordinates":[104.042,21.054]},"properties":{"name":"Phiêng Pằn","level":"ward","province":"Sơn La"}},{"type":"Feature","geometry":{"type":"Point","coordinates":[103.749,21.052]},"properties":{"name":"Sông Mã","level":"ward","province":"Sơn La"}},{"type":"Feature","geometry":{"type":"Point","coordinates":[103.469,21.259]},"properties":{"name":"Bó Sinh","level":"ward","province":"Sơn La"}},{"type":"Feature","geometry":{"type":"Point","coordinates":[103.465,21.14]},"properties":{"name":"Mường Lầm","level":"ward","province":"Sơn La"}},{"type":"Feature","geometry":{"type":"Point","coordinates":[103.661,21.223]},"properties":{"name":"Nậm Ty","level":"ward","province":"Sơn La"}},{"type":"Feature","geometry":{"type":"Point","coordinates":[103.603,21.132]},"properties":{"name":"Chiềng Sơ","level":"ward","province":"Sơn La"}},{"type":"Feature","geometry":{"type":"Point","coordinates":[103.754,20.964]},"properties":{"name":"Chiềng Khoong","level":"ward","province":"Sơn La"}},{"type":"Feature","geometry":{"type":"Point","coordinates":[103.646,21.033]},"properties":{"name":"Huổi Một","level":"ward","province":"Sơn La"}},{"type":"Feature","geometry":{"type":"Point","coordinates":[103.876,20.961]},"properties":{"name":"Mường Hung","level":"ward","province":"Sơn La"}},{"type":"Feature","geometry":{"type":"Point","coordinates":[104.003,20.962]},"properties":{"name":"Chiềng Khương","level":"ward","province":"Sơn La"}},{"type":"Feature","geometry":{"type":"Point","coordinates":[103.472,21.004]},"properties":{"name":"Púng Bánh","level":"ward","province":"Sơn La"}},{"type":"Feature","geometry":{"type":"Point","coordinates":[103.597,20.939]},"properties":{"name":"Sốp Cộp","level":"ward","province":"Sơn La"}},{"type":"Feature","geometry":{"type":"Point","coordinates":[103.358,20.899]},"properties":{"name":"Mường Lèo","level":"ward","province":"Sơn La"}},{"type":"Feature","geometry":{"type":"Point","coordinates":[103.708,20.768]},"properties":{"name":"Mường Lạn","level":"ward","province":"Sơn La"}},{"type":"Feature","geometry":{"type":"Point","coordinates":[103.999,22.419]},"properties":{"name":"Lào Cai","level":"ward","province":"Lào Cai"}},{"type":"Feature","geometry":{"type":"Point","coordinates":[104.027,22.446]},"properties":{"name":"Cam Đường","level":"ward","province":"Lào Cai"}},{"type":"Feature","geometry":{"type":"Point","coordinates":[103.84,22.315]},"properties":{"name":"Sa Pa","level":"ward","province":"Lào Cai"}},{"type":"Feature","geometry":{"type":"Point","coordinates":[104.518,21.809]},"properties":{"name":"Yên Bái","level":"ward","province":"Lào Cai"}},{"type":"Feature","geometry":{"type":"Point","coordinates":[104.873,21.721]},"properties":{"name":"Nam Cường","level":"ward","province":"Lào Cai"}},{"type":"Feature","geometry":{"type":"Point","coordinates":[104.919,21.687]},"properties":{"name":"Văn Phú","level":"ward","province":"Lào Cai"}},{"type":"Feature","geometry":{"type":"Point","coordinates":[104.506,21.585]},"properties":{"name":"Nghĩa Lộ","level":"ward","province":"Lào Cai"}},{"type":"Feature","geometry":{"type":"Point","coordinates":[104.892,21.698]},"properties":{"name":"Âu Lâu","level":"ward","province":"Lào Cai"}},{"type":"Feature","geometry":{"type":"Point","coordinates":[104.534,21.598]},"properties":{"name":"Trung Tâm","level":"ward","province":"Lào Cai"}},{"type":"Feature","geometry":{"type":"Point","coordinates":[104.519,21.59]},"properties":{"name":"Cầu Thia","level":"ward","province":"Lào Cai"}},{"type":"Feature","geometry":{"type":"Point","coordinates":[104.013,22.371]},"properties":{"name":"Hợp Thành","level":"ward","province":"Lào Cai"}},{"type":"Feature","geometry":{"type":"Point","coordinates":[103.688,22.597]},"properties":{"name":"Bát Xát","level":"ward","province":"Lào Cai"}},{"type":"Feature","geometry":{"type":"Point","coordinates":[103.662,22.734]},"properties":{"name":"A Mú Sung","level":"ward","province":"Lào Cai"}},{"type":"Feature","geometry":{"type":"Point","coordinates":[103.744,22.638]},"properties":{"name":"Trịnh Tường","level":"ward","province":"Lào Cai"}},{"type":"Feature","geometry":{"type":"Point","coordinates":[103.613,22.658]},"properties":{"name":"Y Tý","level":"ward","province":"Lào Cai"}},{"type":"Feature","geometry":{"type":"Point","coordinates":[103.656,22.571]},"properties":{"name":"Dền Sáng","level":"ward","province":"Lào Cai"}},{"type":"Feature","geometry":{"type":"Point","coordinates":[103.767,22.516]},"properties":{"name":"Bản Xèo","level":"ward","province":"Lào Cai"}},{"type":"Feature","geometry":{"type":"Point","coordinates":[103.651,22.47]},"properties":{"name":"Mường Hum","level":"ward","province":"Lào Cai"}},{"type":"Feature","geometry":{"type":"Point","coordinates":[103.936,22.46]},"properties":{"name":"Cốc San","level":"ward","province":"Lào Cai"}},{"type":"Feature","geometry":{"type":"Point","coordinates":[104.216,22.775]},"properties":{"name":"Pha Long","level":"ward","province":"Lào Cai"}},{"type":"Feature","geometry":{"type":"Point","coordinates":[104.103,22.686]},"properties":{"name":"Mường Khương","level":"ward","province":"Lào Cai"}},{"type":"Feature","geometry":{"type":"Point","coordinates":[104.153,22.624]},"properties":{"name":"Cao Sơn","level":"ward","province":"Lào Cai"}},{"type":"Feature","geometry":{"type":"Point","coordinates":[104.062,22.597]},"properties":{"name":"Bản Lầu","level":"ward","province":"Lào Cai"}},{"type":"Feature","geometry":{"type":"Point","coordinates":[104.273,22.662]},"properties":{"name":"Si Ma Cai","level":"ward","province":"Lào Cai"}},{"type":"Feature","geometry":{"type":"Point","coordinates":[104.209,22.661]},"properties":{"name":"Sín Chéng","level":"ward","province":"Lào Cai"}},{"type":"Feature","geometry":{"type":"Point","coordinates":[104.307,22.502]},"properties":{"name":"Bắc Hà","level":"ward","province":"Lào Cai"}},{"type":"Feature","geometry":{"type":"Point","coordinates":[104.394,22.626]},"properties":{"name":"Tả Củ Tỷ","level":"ward","province":"Lào Cai"}},{"type":"Feature","geometry":{"type":"Point","coordinates":[104.323,22.594]},"properties":{"name":"Lùng Phình","level":"ward","province":"Lào Cai"}},{"type":"Feature","geometry":{"type":"Point","coordinates":[104.399,22.518]},"properties":{"name":"Bản Liền","level":"ward","province":"Lào Cai"}},{"type":"Feature","geometry":{"type":"Point","coordinates":[104.218,22.463]},"properties":{"name":"Bảo Nhai","level":"ward","province":"Lào Cai"}},{"type":"Feature","geometry":{"type":"Point","coordinates":[104.353,22.395]},"properties":{"name":"Cốc Lầu","level":"ward","province":"Lào Cai"}},{"type":"Feature","geometry":{"type":"Point","coordinates":[104.131,22.472]},"properties":{"name":"Phong Hải","level":"ward","province":"Lào Cai"}},{"type":"Feature","geometry":{"type":"Point","coordinates":[104.172,22.379]},"properties":{"name":"Bảo Thắng","level":"ward","province":"Lào Cai"}},{"type":"Feature","geometry":{"type":"Point","coordinates":[104.122,22.308]},"properties":{"name":"Tằng Loỏng","level":"ward","province":"Lào Cai"}},{"type":"Feature","geometry":{"type":"Point","coordinates":[104.086,22.342]},"properties":{"name":"Gia Phú","level":"ward","province":"Lào Cai"}},{"type":"Feature","geometry":{"type":"Point","coordinates":[104.232,22.366]},"properties":{"name":"Xuân Quang","level":"ward","province":"Lào Cai"}},{"type":"Feature","geometry":{"type":"Point","coordinates":[104.418,22.294]},"properties":{"name":"Bảo Yên","level":"ward","province":"Lào Cai"}},{"type":"Feature","geometry":{"type":"Point","coordinates":[104.467,22.384]},"properties":{"name":"Nghĩa Đô","level":"ward","province":"Lào Cai"}},{"type":"Feature","geometry":{"type":"Point","coordinates":[104.503,22.292]},"properties":{"name":"Xuân Hòa","level":"ward","province":"Lào Cai"}},{"type":"Feature","geometry":{"type":"Point","coordinates":[104.377,22.291]},"properties":{"name":"Thượng Hà","level":"ward","province":"Lào Cai"}},{"type":"Feature","geometry":{"type":"Point","coordinates":[104.356,22.177]},"properties":{"name":"Bảo Hà","level":"ward","province":"Lào Cai"}},{"type":"Feature","geometry":{"type":"Point","coordinates":[104.551,22.169]},"properties":{"name":"Phúc Khánh","level":"ward","province":"Lào Cai"}},{"type":"Feature","geometry":{"type":"Point","coordinates":[103.785,22.417]},"properties":{"name":"Ngũ Chỉ Sơn","level":"ward","province":"Lào Cai"}},{"type":"Feature","geometry":{"type":"Point","coordinates":[103.843,22.395]},"properties":{"name":"Tả Phìn","level":"ward","province":"Lào Cai"}},{"type":"Feature","geometry":{"type":"Point","coordinates":[103.889,22.303]},"properties":{"name":"Tả Van","level":"ward","province":"Lào Cai"}},{"type":"Feature","geometry":{"type":"Point","coordinates":[103.989,22.256]},"properties":{"name":"Mường Bo","level":"ward","province":"Lào Cai"}},{"type":"Feature","geometry":{"type":"Point","coordinates":[103.968,22.264]},"properties":{"name":"Bản Hồ","level":"ward","province":"Lào Cai"}},{"type":"Feature","geometry":{"type":"Point","coordinates":[104.16,22.175]},"properties":{"name":"Võ Lao","level":"ward","province":"Lào Cai"}},{"type":"Feature","geometry":{"type":"Point","coordinates":[104.096,22.116]},"properties":{"name":"Nậm Chày","level":"ward","province":"Lào Cai"}},{"type":"Feature","geometry":{"type":"Point","coordinates":[104.346,22.155]},"properties":{"name":"Văn Bàn","level":"ward","province":"Lào Cai"}},{"type":"Feature","geometry":{"type":"Point","coordinates":[104.002,22.043]},"properties":{"name":"Nậm Xé","level":"ward","province":"Lào Cai"}},{"type":"Feature","geometry":{"type":"Point","coordinates":[104.384,22.001]},"properties":{"name":"Chiềng Ken","level":"ward","province":"Lào Cai"}},{"type":"Feature","geometry":{"type":"Point","coordinates":[104.251,22.089]},"properties":{"name":"Khánh Yên","level":"ward","province":"Lào Cai"}},{"type":"Feature","geometry":{"type":"Point","coordinates":[104.167,22.024]},"properties":{"name":"Dương Quỳ","level":"ward","province":"Lào Cai"}},{"type":"Feature","geometry":{"type":"Point","coordinates":[104.094,21.978]},"properties":{"name":"Minh Lương","level":"ward","province":"Lào Cai"}},{"type":"Feature","geometry":{"type":"Point","coordinates":[104.721,22.111]},"properties":{"name":"Lục Yên","level":"ward","province":"Lào Cai"}},{"type":"Feature","geometry":{"type":"Point","coordinates":[104.684,22.22]},"properties":{"name":"Lâm Thượng","level":"ward","province":"Lào Cai"}},{"type":"Feature","geometry":{"type":"Point","coordinates":[104.751,22.078]},"properties":{"name":"Tân Lĩnh","level":"ward","province":"Lào Cai"}},{"type":"Feature","geometry":{"type":"Point","coordinates":[104.638,22.111]},"properties":{"name":"Khánh Hòa","level":"ward","province":"Lào Cai"}},{"type":"Feature","geometry":{"type":"Point","coordinates":[104.844,22.059]},"properties":{"name":"Mường Lai","level":"ward","province":"Lào Cai"}},{"type":"Feature","geometry":{"type":"Point","coordinates":[104.707,22.006]},"properties":{"name":"Phúc Lợi","level":"ward","province":"Lào Cai"}},{"type":"Feature","geometry":{"type":"Point","coordinates":[104.689,21.879]},"properties":{"name":"Mậu A","level":"ward","province":"Lào Cai"}},{"type":"Feature","geometry":{"type":"Point","coordinates":[104.534,22.019]},"properties":{"name":"Lâm Giang","level":"ward","province":"Lào Cai"}},{"type":"Feature","geometry":{"type":"Point","coordinates":[104.455,22.035]},"properties":{"name":"Châu Quế","level":"ward","province":"Lào Cai"}},{"type":"Feature","geometry":{"type":"Point","coordinates":[104.602,21.983]},"properties":{"name":"Đông Cuông","level":"ward","province":"Lào Cai"}},{"type":"Feature","geometry":{"type":"Point","coordinates":[104.51,21.896]},"properties":{"name":"Phong Dụ Hạ","level":"ward","province":"Lào Cai"}},{"type":"Feature","geometry":{"type":"Point","coordinates":[104.431,21.824]},"properties":{"name":"Phong Dụ Thượng","level":"ward","province":"Lào Cai"}},{"type":"Feature","geometry":{"type":"Point","coordinates":[104.574,21.825]},"properties":{"name":"Tân Hợp","level":"ward","province":"Lào Cai"}},{"type":"Feature","geometry":{"type":"Point","coordinates":[104.71,21.798]},"properties":{"name":"Xuân Ái","level":"ward","province":"Lào Cai"}},{"type":"Feature","geometry":{"type":"Point","coordinates":[104.625,21.711]},"properties":{"name":"Mỏ Vàng","level":"ward","province":"Lào Cai"}},{"type":"Feature","geometry":{"type":"Point","coordinates":[104.106,21.805]},"properties":{"name":"Mù Cang Chải","level":"ward","province":"Lào Cai"}},{"type":"Feature","geometry":{"type":"Point","coordinates":[104.276,21.859]},"properties":{"name":"Nậm Có","level":"ward","province":"Lào Cai"}},{"type":"Feature","geometry":{"type":"Point","coordinates":[103.975,21.908]},"properties":{"name":"Khao Mang","level":"ward","province":"Lào Cai"}},{"type":"Feature","geometry":{"type":"Point","coordinates":[103.876,22.31]},"properties":{"name":"Lao Chải","level":"ward","province":"Lào Cai"}},{"type":"Feature","geometry":{"type":"Point","coordinates":[104.031,21.707]},"properties":{"name":"Chế Tạo","level":"ward","province":"Lào Cai"}},{"type":"Feature","geometry":{"type":"Point","coordinates":[104.218,21.747]},"properties":{"name":"Púng Luông","level":"ward","province":"Lào Cai"}},{"type":"Feature","geometry":{"type":"Point","coordinates":[104.756,21.705]},"properties":{"name":"Trấn Yên","level":"ward","province":"Lào Cai"}},{"type":"Feature","geometry":{"type":"Point","coordinates":[104.766,21.724]},"properties":{"name":"Quy Mông","level":"ward","province":"Lào Cai"}},{"type":"Feature","geometry":{"type":"Point","coordinates":[104.772,21.643]},"properties":{"name":"Lương Thịnh","level":"ward","province":"Lào Cai"}},{"type":"Feature","geometry":{"type":"Point","coordinates":[104.852,21.601]},"properties":{"name":"Việt Hồng","level":"ward","province":"Lào Cai"}},{"type":"Feature","geometry":{"type":"Point","coordinates":[104.714,21.598]},"properties":{"name":"Hưng Khánh","level":"ward","province":"Lào Cai"}},{"type":"Feature","geometry":{"type":"Point","coordinates":[104.35,21.481]},"properties":{"name":"Hạnh Phúc","level":"ward","province":"Lào Cai"}},{"type":"Feature","geometry":{"type":"Point","coordinates":[104.605,21.47]},"properties":{"name":"Tà Xi Láng","level":"ward","province":"Lào Cai"}},{"type":"Feature","geometry":{"type":"Point","coordinates":[104.378,21.469]},"properties":{"name":"Trạm Tấu","level":"ward","province":"Lào Cai"}},{"type":"Feature","geometry":{"type":"Point","coordinates":[104.539,21.529]},"properties":{"name":"Phình Hồ","level":"ward","province":"Lào Cai"}},{"type":"Feature","geometry":{"type":"Point","coordinates":[104.3,21.79]},"properties":{"name":"Tú Lệ","level":"ward","province":"Lào Cai"}},{"type":"Feature","geometry":{"type":"Point","coordinates":[104.421,21.735]},"properties":{"name":"Gia Hội","level":"ward","province":"Lào Cai"}},{"type":"Feature","geometry":{"type":"Point","coordinates":[104.509,21.704]},"properties":{"name":"Sơn Lương","level":"ward","province":"Lào Cai"}},{"type":"Feature","geometry":{"type":"Point","coordinates":[104.498,21.643]},"properties":{"name":"Liên Sơn","level":"ward","province":"Lào Cai"}},{"type":"Feature","geometry":{"type":"Point","coordinates":[104.618,21.57]},"properties":{"name":"Văn Chấn","level":"ward","province":"Lào Cai"}},{"type":"Feature","geometry":{"type":"Point","coordinates":[104.7,21.464]},"properties":{"name":"Cát Thịnh","level":"ward","province":"Lào Cai"}},{"type":"Feature","geometry":{"type":"Point","coordinates":[104.814,21.504]},"properties":{"name":"Chấn Thịnh","level":"ward","province":"Lào Cai"}},{"type":"Feature","geometry":{"type":"Point","coordinates":[104.766,21.408]},"properties":{"name":"Thượng Bằng La","level":"ward","province":"Lào Cai"}},{"type":"Feature","geometry":{"type":"Point","coordinates":[104.852,21.411]},"properties":{"name":"Nghĩa Tâm","level":"ward","province":"Lào Cai"}},{"type":"Feature","geometry":{"type":"Point","coordinates":[104.937,21.859]},"properties":{"name":"Yên Bình","level":"ward","province":"Lào Cai"}},{"type":"Feature","geometry":{"type":"Point","coordinates":[105.029,21.749]},"properties":{"name":"Thác Bà","level":"ward","province":"Lào Cai"}},{"type":"Feature","geometry":{"type":"Point","coordinates":[104.93,22.004]},"properties":{"name":"Cảm Nhân","level":"ward","province":"Lào Cai"}},{"type":"Feature","geometry":{"type":"Point","coordinates":[104.894,21.722]},"properties":{"name":"Yên Thành","level":"ward","province":"Lào Cai"}},{"type":"Feature","geometry":{"type":"Point","coordinates":[104.855,21.897]},"properties":{"name":"Bảo Ái","level":"ward","province":"Lào Cai"}},{"type":"Feature","geometry":{"type":"Point","coordinates":[105.848,22.17]},"properties":{"name":"Đức Xuân","level":"ward","province":"Thái Nguyên"}},{"type":"Feature","geometry":{"type":"Point","coordinates":[105.856,22.273]},"properties":{"name":"Bắc Kạn","level":"ward","province":"Thái Nguyên"}},{"type":"Feature","geometry":{"type":"Point","coordinates":[105.841,21.587]},"properties":{"name":"Phan Đình Phùng","level":"ward","province":"Thái Nguyên"}},{"type":"Feature","geometry":{"type":"Point","coordinates":[105.799,21.58]},"properties":{"name":"Quyết Thắng","level":"ward","province":"Thái Nguyên"}},{"type":"Feature","geometry":{"type":"Point","coordinates":[105.85,21.579]},"properties":{"name":"Gia Sàng","level":"ward","province":"Thái Nguyên"}},{"type":"Feature","geometry":{"type":"Point","coordinates":[105.808,21.611]},"properties":{"name":"Quan Triều","level":"ward","province":"Thái Nguyên"}},{"type":"Feature","geometry":{"type":"Point","coordinates":[105.848,21.548]},"properties":{"name":"Tích Lương","level":"ward","province":"Thái Nguyên"}},{"type":"Feature","geometry":{"type":"Point","coordinates":[105.821,21.491]},"properties":{"name":"Sông Công","level":"ward","province":"Thái Nguyên"}},{"type":"Feature","geometry":{"type":"Point","coordinates":[105.869,21.505]},"properties":{"name":"Bách Quang","level":"ward","province":"Thái Nguyên"}},{"type":"Feature","geometry":{"type":"Point","coordinates":[105.837,21.49]},"properties":{"name":"Bá Xuyên","level":"ward","province":"Thái Nguyên"}},{"type":"Feature","geometry":{"type":"Point","coordinates":[105.878,21.618]},"properties":{"name":"Linh Sơn","level":"ward","province":"Thái Nguyên"}},{"type":"Feature","geometry":{"type":"Point","coordinates":[105.765,21.459]},"properties":{"name":"Phúc Thuận","level":"ward","province":"Thái Nguyên"}},{"type":"Feature","geometry":{"type":"Point","coordinates":[105.757,21.452]},"properties":{"name":"Phổ Yên","level":"ward","province":"Thái Nguyên"}},{"type":"Feature","geometry":{"type":"Point","coordinates":[105.898,21.41]},"properties":{"name":"Vạn Xuân","level":"ward","province":"Thái Nguyên"}},{"type":"Feature","geometry":{"type":"Point","coordinates":[105.875,21.366]},"properties":{"name":"Trung Thành","level":"ward","province":"Thái Nguyên"}},{"type":"Feature","geometry":{"type":"Point","coordinates":[105.824,22.156]},"properties":{"name":"Phong Quang","level":"ward","province":"Thái Nguyên"}},{"type":"Feature","geometry":{"type":"Point","coordinates":[105.661,22.612]},"properties":{"name":"Bằng Thành","level":"ward","province":"Thái Nguyên"}},{"type":"Feature","geometry":{"type":"Point","coordinates":[105.645,22.516]},"properties":{"name":"Cao Minh","level":"ward","province":"Thái Nguyên"}},{"type":"Feature","geometry":{"type":"Point","coordinates":[105.741,22.498]},"properties":{"name":"Nghiên Loan","level":"ward","province":"Thái Nguyên"}},{"type":"Feature","geometry":{"type":"Point","coordinates":[105.836,22.465]},"properties":{"name":"Phúc Lộc","level":"ward","province":"Thái Nguyên"}},{"type":"Feature","geometry":{"type":"Point","coordinates":[105.723,22.411]},"properties":{"name":"Ba Bể","level":"ward","province":"Thái Nguyên"}},{"type":"Feature","geometry":{"type":"Point","coordinates":[105.723,22.451]},"properties":{"name":"Chợ Rã","level":"ward","province":"Thái Nguyên"}},{"type":"Feature","geometry":{"type":"Point","coordinates":[105.822,22.352]},"properties":{"name":"Thượng Minh","level":"ward","province":"Thái Nguyên"}},{"type":"Feature","geometry":{"type":"Point","coordinates":[105.723,22.32]},"properties":{"name":"Đồng Phúc","level":"ward","province":"Thái Nguyên"}},{"type":"Feature","geometry":{"type":"Point","coordinates":[105.897,22.38]},"properties":{"name":"Nà Phặc","level":"ward","province":"Thái Nguyên"}},{"type":"Feature","geometry":{"type":"Point","coordinates":[106.05,22.474]},"properties":{"name":"Bằng Vân","level":"ward","province":"Thái Nguyên"}},{"type":"Feature","geometry":{"type":"Point","coordinates":[105.986,22.431]},"properties":{"name":"Ngân Sơn","level":"ward","province":"Thái Nguyên"}},{"type":"Feature","geometry":{"type":"Point","coordinates":[106.008,22.37]},"properties":{"name":"Thượng Quan","level":"ward","province":"Thái Nguyên"}},{"type":"Feature","geometry":{"type":"Point","coordinates":[105.954,22.311]},"properties":{"name":"Hiệp Lực","level":"ward","province":"Thái Nguyên"}},{"type":"Feature","geometry":{"type":"Point","coordinates":[105.879,22.273]},"properties":{"name":"Phủ Thông","level":"ward","province":"Thái Nguyên"}},{"type":"Feature","geometry":{"type":"Point","coordinates":[105.995,22.186]},"properties":{"name":"Vĩnh Thông","level":"ward","province":"Thái Nguyên"}},{"type":"Feature","geometry":{"type":"Point","coordinates":[105.878,22.205]},"properties":{"name":"Cẩm Giàng","level":"ward","province":"Thái Nguyên"}},{"type":"Feature","geometry":{"type":"Point","coordinates":[105.936,22.202]},"properties":{"name":"Bạch Thông","level":"ward","province":"Thái Nguyên"}},{"type":"Feature","geometry":{"type":"Point","coordinates":[105.575,22.188]},"properties":{"name":"Chợ Đồn","level":"ward","province":"Thái Nguyên"}},{"type":"Feature","geometry":{"type":"Point","coordinates":[105.574,22.309]},"properties":{"name":"Nam Cường","level":"ward","province":"Thái Nguyên"}},{"type":"Feature","geometry":{"type":"Point","coordinates":[105.582,22.278]},"properties":{"name":"Quảng Bạch","level":"ward","province":"Thái Nguyên"}},{"type":"Feature","geometry":{"type":"Point","coordinates":[105.502,22.238]},"properties":{"name":"Yên Thịnh","level":"ward","province":"Thái Nguyên"}},{"type":"Feature","geometry":{"type":"Point","coordinates":[105.553,22.02]},"properties":{"name":"Nghĩa Tá","level":"ward","province":"Thái Nguyên"}},{"type":"Feature","geometry":{"type":"Point","coordinates":[105.605,22.04]},"properties":{"name":"Yên Phong","level":"ward","province":"Thái Nguyên"}},{"type":"Feature","geometry":{"type":"Point","coordinates":[105.875,21.967]},"properties":{"name":"Chợ Mới","level":"ward","province":"Thái Nguyên"}},{"type":"Feature","geometry":{"type":"Point","coordinates":[105.772,22.038]},"properties":{"name":"Thanh Mai","level":"ward","province":"Thái Nguyên"}},{"type":"Feature","geometry":{"type":"Point","coordinates":[105.833,22.025]},"properties":{"name":"Tân Kỳ","level":"ward","province":"Thái Nguyên"}},{"type":"Feature","geometry":{"type":"Point","coordinates":[105.799,21.925]},"properties":{"name":"Thanh Thịnh","level":"ward","province":"Thái Nguyên"}},{"type":"Feature","geometry":{"type":"Point","coordinates":[105.956,21.936]},"properties":{"name":"Yên Bình","level":"ward","province":"Thái Nguyên"}},{"type":"Feature","geometry":{"type":"Point","coordinates":[106.061,22.283]},"properties":{"name":"Văn Lang","level":"ward","province":"Thái Nguyên"}},{"type":"Feature","geometry":{"type":"Point","coordinates":[106.177,22.293]},"properties":{"name":"Cường Lợi","level":"ward","province":"Thái Nguyên"}},{"type":"Feature","geometry":{"type":"Point","coordinates":[106.112,22.163]},"properties":{"name":"Na Rì","level":"ward","province":"Thái Nguyên"}},{"type":"Feature","geometry":{"type":"Point","coordinates":[106.142,22.17]},"properties":{"name":"Trần Phú","level":"ward","province":"Thái Nguyên"}},{"type":"Feature","geometry":{"type":"Point","coordinates":[106.022,22.127]},"properties":{"name":"Côn Minh","level":"ward","province":"Thái Nguyên"}},{"type":"Feature","geometry":{"type":"Point","coordinates":[106.075,22.029]},"properties":{"name":"Xuân Dương","level":"ward","province":"Thái Nguyên"}},{"type":"Feature","geometry":{"type":"Point","coordinates":[105.64,21.631]},"properties":{"name":"Đại Phúc","level":"ward","province":"Thái Nguyên"}},{"type":"Feature","geometry":{"type":"Point","coordinates":[105.775,21.539]},"properties":{"name":"Tân Cương","level":"ward","province":"Thái Nguyên"}},{"type":"Feature","geometry":{"type":"Point","coordinates":[105.677,22.009]},"properties":{"name":"Lam Vỹ","level":"ward","province":"Thái Nguyên"}},{"type":"Feature","geometry":{"type":"Point","coordinates":[105.657,21.939]},"properties":{"name":"Kim Phượng","level":"ward","province":"Thái Nguyên"}},{"type":"Feature","geometry":{"type":"Point","coordinates":[105.696,21.94]},"properties":{"name":"Phượng Tiến","level":"ward","province":"Thái Nguyên"}},{"type":"Feature","geometry":{"type":"Point","coordinates":[105.628,21.896]},"properties":{"name":"Định Hóa","level":"ward","province":"Thái Nguyên"}},{"type":"Feature","geometry":{"type":"Point","coordinates":[105.621,21.799]},"properties":{"name":"Trung Hội","level":"ward","province":"Thái Nguyên"}},{"type":"Feature","geometry":{"type":"Point","coordinates":[105.588,21.848]},"properties":{"name":"Bình Yên","level":"ward","province":"Thái Nguyên"}},{"type":"Feature","geometry":{"type":"Point","coordinates":[105.552,21.829]},"properties":{"name":"Phú Đình","level":"ward","province":"Thái Nguyên"}},{"type":"Feature","geometry":{"type":"Point","coordinates":[105.58,21.779]},"properties":{"name":"Bình Thành","level":"ward","province":"Thái Nguyên"}},{"type":"Feature","geometry":{"type":"Point","coordinates":[105.714,21.77]},"properties":{"name":"Phú Lương","level":"ward","province":"Thái Nguyên"}},{"type":"Feature","geometry":{"type":"Point","coordinates":[105.709,21.786]},"properties":{"name":"Yên Trạch","level":"ward","province":"Thái Nguyên"}},{"type":"Feature","geometry":{"type":"Point","coordinates":[105.657,21.775]},"properties":{"name":"Hợp Thành","level":"ward","province":"Thái Nguyên"}},{"type":"Feature","geometry":{"type":"Point","coordinates":[105.757,21.647]},"properties":{"name":"Vô Tranh","level":"ward","province":"Thái Nguyên"}},{"type":"Feature","geometry":{"type":"Point","coordinates":[105.949,21.595]},"properties":{"name":"Trại Cau","level":"ward","province":"Thái Nguyên"}},{"type":"Feature","geometry":{"type":"Point","coordinates":[105.829,21.774]},"properties":{"name":"Văn Lăng","level":"ward","province":"Thái Nguyên"}},{"type":"Feature","geometry":{"type":"Point","coordinates":[105.872,21.699]},"properties":{"name":"Quang Sơn","level":"ward","province":"Thái Nguyên"}},{"type":"Feature","geometry":{"type":"Point","coordinates":[105.936,21.669]},"properties":{"name":"Văn Hán","level":"ward","province":"Thái Nguyên"}},{"type":"Feature","geometry":{"type":"Point","coordinates":[105.83,21.66]},"properties":{"name":"Đồng Hỷ","level":"ward","province":"Thái Nguyên"}},{"type":"Feature","geometry":{"type":"Point","coordinates":[105.917,21.612]},"properties":{"name":"Nam Hòa","level":"ward","province":"Thái Nguyên"}},{"type":"Feature","geometry":{"type":"Point","coordinates":[106.071,21.755]},"properties":{"name":"Võ Nhai","level":"ward","province":"Thái Nguyên"}},{"type":"Feature","geometry":{"type":"Point","coordinates":[106.005,21.906]},"properties":{"name":"Sảng Mộc","level":"ward","province":"Thái Nguyên"}},{"type":"Feature","geometry":{"type":"Point","coordinates":[106.065,21.863]},"properties":{"name":"Nghinh Tường","level":"ward","province":"Thái Nguyên"}},{"type":"Feature","geometry":{"type":"Point","coordinates":[105.903,21.798]},"properties":{"name":"Thần Sa","level":"ward","province":"Thái Nguyên"}},{"type":"Feature","geometry":{"type":"Point","coordinates":[105.953,21.753]},"properties":{"name":"La Hiên","level":"ward","province":"Thái Nguyên"}},{"type":"Feature","geometry":{"type":"Point","coordinates":[106.094,21.684]},"properties":{"name":"Tràng Xá","level":"ward","province":"Thái Nguyên"}},{"type":"Feature","geometry":{"type":"Point","coordinates":[106.179,21.657]},"properties":{"name":"Dân Tiến","level":"ward","province":"Thái Nguyên"}},{"type":"Feature","geometry":{"type":"Point","coordinates":[105.516,21.689]},"properties":{"name":"Phú Xuyên","level":"ward","province":"Thái Nguyên"}},{"type":"Feature","geometry":{"type":"Point","coordinates":[105.569,21.743]},"properties":{"name":"Đức Lương","level":"ward","province":"Thái Nguyên"}},{"type":"Feature","geometry":{"type":"Point","coordinates":[105.662,21.668]},"properties":{"name":"Phú Lạc","level":"ward","province":"Thái Nguyên"}},{"type":"Feature","geometry":{"type":"Point","coordinates":[105.566,21.707]},"properties":{"name":"Phú Thịnh","level":"ward","province":"Thái Nguyên"}},{"type":"Feature","geometry":{"type":"Point","coordinates":[105.724,21.636]},"properties":{"name":"An Khánh","level":"ward","province":"Thái Nguyên"}},{"type":"Feature","geometry":{"type":"Point","coordinates":[105.626,21.642]},"properties":{"name":"La Bằng","level":"ward","province":"Thái Nguyên"}},{"type":"Feature","geometry":{"type":"Point","coordinates":[105.612,21.604]},"properties":{"name":"Đại Từ","level":"ward","province":"Thái Nguyên"}},{"type":"Feature","geometry":{"type":"Point","coordinates":[105.647,21.551]},"properties":{"name":"Vạn Phú","level":"ward","province":"Thái Nguyên"}},{"type":"Feature","geometry":{"type":"Point","coordinates":[105.715,21.484]},"properties":{"name":"Quân Chu","level":"ward","province":"Thái Nguyên"}},{"type":"Feature","geometry":{"type":"Point","coordinates":[105.83,21.397]},"properties":{"name":"Thành Công","level":"ward","province":"Thái Nguyên"}},{"type":"Feature","geometry":{"type":"Point","coordinates":[105.955,21.474]},"properties":{"name":"Phú Bình","level":"ward","province":"Thái Nguyên"}},{"type":"Feature","geometry":{"type":"Point","coordinates":[105.959,21.532]},"properties":{"name":"Tân Khánh","level":"ward","province":"Thái Nguyên"}},{"type":"Feature","geometry":{"type":"Point","coordinates":[106.005,21.509]},"properties":{"name":"Tân Thành","level":"ward","province":"Thái Nguyên"}},{"type":"Feature","geometry":{"type":"Point","coordinates":[105.917,21.473]},"properties":{"name":"Điềm Thụy","level":"ward","province":"Thái Nguyên"}},{"type":"Feature","geometry":{"type":"Point","coordinates":[106.003,21.423]},"properties":{"name":"Kha Sơn","level":"ward","province":"Thái Nguyên"}},{"type":"Feature","geometry":{"type":"Point","coordinates":[106.765,21.842]},"properties":{"name":"Đông Kinh","level":"ward","province":"Lạng Sơn"}},{"type":"Feature","geometry":{"type":"Point","coordinates":[106.754,21.847]},"properties":{"name":"Lương Văn Tri","level":"ward","province":"Lạng Sơn"}},{"type":"Feature","geometry":{"type":"Point","coordinates":[106.752,21.857]},"properties":{"name":"Tam Thanh","level":"ward","province":"Lạng Sơn"}},{"type":"Feature","geometry":{"type":"Point","coordinates":[106.768,21.866]},"properties":{"name":"Kỳ Lừa","level":"ward","province":"Lạng Sơn"}},{"type":"Feature","geometry":{"type":"Point","coordinates":[106.264,22.388]},"properties":{"name":"Đoàn Kết","level":"ward","province":"Lạng Sơn"}},{"type":"Feature","geometry":{"type":"Point","coordinates":[106.541,22.366]},"properties":{"name":"Quốc Khánh","level":"ward","province":"Lạng Sơn"}},{"type":"Feature","geometry":{"type":"Point","coordinates":[106.324,22.308]},"properties":{"name":"Tân Tiến","level":"ward","province":"Lạng Sơn"}},{"type":"Feature","geometry":{"type":"Point","coordinates":[106.602,22.266]},"properties":{"name":"Kháng Chiến","level":"ward","province":"Lạng Sơn"}},{"type":"Feature","geometry":{"type":"Point","coordinates":[106.476,22.256]},"properties":{"name":"Thất Khê","level":"ward","province":"Lạng Sơn"}},{"type":"Feature","geometry":{"type":"Point","coordinates":[106.431,22.314]},"properties":{"name":"Tràng Định","level":"ward","province":"Lạng Sơn"}},{"type":"Feature","geometry":{"type":"Point","coordinates":[106.633,22.216]},"properties":{"name":"Quốc Việt","level":"ward","province":"Lạng Sơn"}},{"type":"Feature","geometry":{"type":"Point","coordinates":[106.368,22.18]},"properties":{"name":"Hoa Thám","level":"ward","province":"Lạng Sơn"}},{"type":"Feature","geometry":{"type":"Point","coordinates":[106.276,22.178]},"properties":{"name":"Quý Hòa","level":"ward","province":"Lạng Sơn"}},{"type":"Feature","geometry":{"type":"Point","coordinates":[106.684,21.932]},"properties":{"name":"Hồng Phong","level":"ward","province":"Lạng Sơn"}},{"type":"Feature","geometry":{"type":"Point","coordinates":[106.19,22.081]},"properties":{"name":"Thiện Hòa","level":"ward","province":"Lạng Sơn"}},{"type":"Feature","geometry":{"type":"Point","coordinates":[106.308,22.051]},"properties":{"name":"Thiện Thuật","level":"ward","province":"Lạng Sơn"}},{"type":"Feature","geometry":{"type":"Point","coordinates":[106.193,21.981]},"properties":{"name":"Thiện Long","level":"ward","province":"Lạng Sơn"}},{"type":"Feature","geometry":{"type":"Point","coordinates":[106.279,22.058]},"properties":{"name":"Bình Gia","level":"ward","province":"Lạng Sơn"}},{"type":"Feature","geometry":{"type":"Point","coordinates":[106.476,21.924]},"properties":{"name":"Tân Văn","level":"ward","province":"Lạng Sơn"}},{"type":"Feature","geometry":{"type":"Point","coordinates":[106.616,22.057]},"properties":{"name":"Na Sầm","level":"ward","province":"Lạng Sơn"}},{"type":"Feature","geometry":{"type":"Point","coordinates":[106.724,21.914]},"properties":{"name":"Thụy Hùng","level":"ward","province":"Lạng Sơn"}},{"type":"Feature","geometry":{"type":"Point","coordinates":[106.48,22.046]},"properties":{"name":"Hội Hoan","level":"ward","province":"Lạng Sơn"}},{"type":"Feature","geometry":{"type":"Point","coordinates":[106.6,22.048]},"properties":{"name":"Văn Lãng","level":"ward","province":"Lạng Sơn"}},{"type":"Feature","geometry":{"type":"Point","coordinates":[106.629,21.949]},"properties":{"name":"Hoàng Văn Thụ","level":"ward","province":"Lạng Sơn"}},{"type":"Feature","geometry":{"type":"Point","coordinates":[106.698,21.943]},"properties":{"name":"Đồng Đăng","level":"ward","province":"Lạng Sơn"}},{"type":"Feature","geometry":{"type":"Point","coordinates":[106.97,21.907]},"properties":{"name":"Ba Sơn","level":"ward","province":"Lạng Sơn"}},{"type":"Feature","geometry":{"type":"Point","coordinates":[106.907,21.885]},"properties":{"name":"Cao Lộc","level":"ward","province":"Lạng Sơn"}},{"type":"Feature","geometry":{"type":"Point","coordinates":[106.887,21.88]},"properties":{"name":"Công Sơn","level":"ward","province":"Lạng Sơn"}},{"type":"Feature","geometry":{"type":"Point","coordinates":[106.561,21.85]},"properties":{"name":"Văn Quan","level":"ward","province":"Lạng Sơn"}},{"type":"Feature","geometry":{"type":"Point","coordinates":[106.601,21.892]},"properties":{"name":"Điềm He","level":"ward","province":"Lạng Sơn"}},{"type":"Feature","geometry":{"type":"Point","coordinates":[106.651,21.878]},"properties":{"name":"Khánh Khê","level":"ward","province":"Lạng Sơn"}},{"type":"Feature","geometry":{"type":"Point","coordinates":[106.541,21.787]},"properties":{"name":"Yên Phúc","level":"ward","province":"Lạng Sơn"}},{"type":"Feature","geometry":{"type":"Point","coordinates":[106.464,21.778]},"properties":{"name":"Tri Lễ","level":"ward","province":"Lạng Sơn"}},{"type":"Feature","geometry":{"type":"Point","coordinates":[106.607,21.799]},"properties":{"name":"Tân Đoàn","level":"ward","province":"Lạng Sơn"}},{"type":"Feature","geometry":{"type":"Point","coordinates":[106.251,21.814]},"properties":{"name":"Bắc Sơn","level":"ward","province":"Lạng Sơn"}},{"type":"Feature","geometry":{"type":"Point","coordinates":[106.165,21.876]},"properties":{"name":"Tân Tri","level":"ward","province":"Lạng Sơn"}},{"type":"Feature","geometry":{"type":"Point","coordinates":[106.359,21.855]},"properties":{"name":"Hưng Vũ","level":"ward","province":"Lạng Sơn"}},{"type":"Feature","geometry":{"type":"Point","coordinates":[106.165,21.797]},"properties":{"name":"Vũ Lễ","level":"ward","province":"Lạng Sơn"}},{"type":"Feature","geometry":{"type":"Point","coordinates":[106.275,21.834]},"properties":{"name":"Vũ Lăng","level":"ward","province":"Lạng Sơn"}},{"type":"Feature","geometry":{"type":"Point","coordinates":[106.255,21.763]},"properties":{"name":"Nhất Hòa","level":"ward","province":"Lạng Sơn"}},{"type":"Feature","geometry":{"type":"Point","coordinates":[106.345,21.502]},"properties":{"name":"Hữu Lũng","level":"ward","province":"Lạng Sơn"}},{"type":"Feature","geometry":{"type":"Point","coordinates":[106.265,21.639]},"properties":{"name":"Yên Bình","level":"ward","province":"Lạng Sơn"}},{"type":"Feature","geometry":{"type":"Point","coordinates":[106.374,21.672]},"properties":{"name":"Hữu Liên","level":"ward","province":"Lạng Sơn"}},{"type":"Feature","geometry":{"type":"Point","coordinates":[106.286,21.533]},"properties":{"name":"Vân Nham","level":"ward","province":"Lạng Sơn"}},{"type":"Feature","geometry":{"type":"Point","coordinates":[106.369,21.585]},"properties":{"name":"Cai Kinh","level":"ward","province":"Lạng Sơn"}},{"type":"Feature","geometry":{"type":"Point","coordinates":[106.188,21.57]},"properties":{"name":"Thiện Tân","level":"ward","province":"Lạng Sơn"}},{"type":"Feature","geometry":{"type":"Point","coordinates":[106.678,22.004]},"properties":{"name":"Tân Thành","level":"ward","province":"Lạng Sơn"}},{"type":"Feature","geometry":{"type":"Point","coordinates":[106.349,21.46]},"properties":{"name":"Tuấn Sơn","level":"ward","province":"Lạng Sơn"}},{"type":"Feature","geometry":{"type":"Point","coordinates":[106.594,21.667]},"properties":{"name":"Chi Lăng","level":"ward","province":"Lạng Sơn"}},{"type":"Feature","geometry":{"type":"Point","coordinates":[106.523,21.717]},"properties":{"name":"Bằng Mạc","level":"ward","province":"Lạng Sơn"}},{"type":"Feature","geometry":{"type":"Point","coordinates":[106.21,21.838]},"properties":{"name":"Chiến Thắng","level":"ward","province":"Lạng Sơn"}},{"type":"Feature","geometry":{"type":"Point","coordinates":[106.656,21.697]},"properties":{"name":"Nhân Lý","level":"ward","province":"Lạng Sơn"}},{"type":"Feature","geometry":{"type":"Point","coordinates":[106.484,21.631]},"properties":{"name":"Vạn Linh","level":"ward","province":"Lạng Sơn"}},{"type":"Feature","geometry":{"type":"Point","coordinates":[106.725,21.605]},"properties":{"name":"Quan Sơn","level":"ward","province":"Lạng Sơn"}},{"type":"Feature","geometry":{"type":"Point","coordinates":[106.956,21.703]},"properties":{"name":"Na Dương","level":"ward","province":"Lạng Sơn"}},{"type":"Feature","geometry":{"type":"Point","coordinates":[106.912,21.669]},"properties":{"name":"Lộc Bình","level":"ward","province":"Lạng Sơn"}},{"type":"Feature","geometry":{"type":"Point","coordinates":[106.957,21.839]},"properties":{"name":"Mẫu Sơn","level":"ward","province":"Lạng Sơn"}},{"type":"Feature","geometry":{"type":"Point","coordinates":[107.021,21.742]},"properties":{"name":"Khuất Xá","level":"ward","province":"Lạng Sơn"}},{"type":"Feature","geometry":{"type":"Point","coordinates":[106.816,21.679]},"properties":{"name":"Thống Nhất","level":"ward","province":"Lạng Sơn"}},{"type":"Feature","geometry":{"type":"Point","coordinates":[106.977,21.638]},"properties":{"name":"Lợi Bác","level":"ward","province":"Lạng Sơn"}},{"type":"Feature","geometry":{"type":"Point","coordinates":[106.892,21.587]},"properties":{"name":"Xuân Dương","level":"ward","province":"Lạng Sơn"}},{"type":"Feature","geometry":{"type":"Point","coordinates":[107.097,21.548]},"properties":{"name":"Đình Lập","level":"ward","province":"Lạng Sơn"}},{"type":"Feature","geometry":{"type":"Point","coordinates":[107.02,21.48]},"properties":{"name":"Thái Bình","level":"ward","province":"Lạng Sơn"}},{"type":"Feature","geometry":{"type":"Point","coordinates":[107.226,21.642]},"properties":{"name":"Kiên Mộc","level":"ward","province":"Lạng Sơn"}},{"type":"Feature","geometry":{"type":"Point","coordinates":[107.14,21.464]},"properties":{"name":"Châu Sơn","level":"ward","province":"Lạng Sơn"}},{"type":"Feature","geometry":{"type":"Point","coordinates":[107.159,20.968]},"properties":{"name":"Hà Tu","level":"ward","province":"Quảng Ninh"}},{"type":"Feature","geometry":{"type":"Point","coordinates":[107.081,20.974]},"properties":{"name":"Cao Xanh","level":"ward","province":"Quảng Ninh"}},{"type":"Feature","geometry":{"type":"Point","coordinates":[106.972,20.995]},"properties":{"name":"Việt Hưng","level":"ward","province":"Quảng Ninh"}},{"type":"Feature","geometry":{"type":"Point","coordinates":[107.024,20.955]},"properties":{"name":"Bãi Cháy","level":"ward","province":"Quảng Ninh"}},{"type":"Feature","geometry":{"type":"Point","coordinates":[107.098,20.965]},"properties":{"name":"Hà Lầm","level":"ward","province":"Quảng Ninh"}},{"type":"Feature","geometry":{"type":"Point","coordinates":[107.083,20.956]},"properties":{"name":"Hồng Gai","level":"ward","province":"Quảng Ninh"}},{"type":"Feature","geometry":{"type":"Point","coordinates":[107.116,20.947]},"properties":{"name":"Hạ Long","level":"ward","province":"Quảng Ninh"}},{"type":"Feature","geometry":{"type":"Point","coordinates":[106.932,20.973]},"properties":{"name":"Tuần Châu","level":"ward","province":"Quảng Ninh"}},{"type":"Feature","geometry":{"type":"Point","coordinates":[107.954,21.533]},"properties":{"name":"Móng Cái 2","level":"ward","province":"Quảng Ninh"}},{"type":"Feature","geometry":{"type":"Point","coordinates":[107.966,21.525]},"properties":{"name":"Móng Cái 1","level":"ward","province":"Quảng Ninh"}},{"type":"Feature","geometry":{"type":"Point","coordinates":[107.93,21.532]},"properties":{"name":"Móng Cái 3","level":"ward","province":"Quảng Ninh"}},{"type":"Feature","geometry":{"type":"Point","coordinates":[107.324,21.066]},"properties":{"name":"Mông Dương","level":"ward","province":"Quảng Ninh"}},{"type":"Feature","geometry":{"type":"Point","coordinates":[107.218,21.003]},"properties":{"name":"Quang Hanh","level":"ward","province":"Quảng Ninh"}},{"type":"Feature","geometry":{"type":"Point","coordinates":[107.309,21.005]},"properties":{"name":"Cửa Ông","level":"ward","province":"Quảng Ninh"}},{"type":"Feature","geometry":{"type":"Point","coordinates":[107.273,21.01]},"properties":{"name":"Cẩm Phả","level":"ward","province":"Quảng Ninh"}},{"type":"Feature","geometry":{"type":"Point","coordinates":[106.765,21.036]},"properties":{"name":"Uông Bí","level":"ward","province":"Quảng Ninh"}},{"type":"Feature","geometry":{"type":"Point","coordinates":[106.789,21.034]},"properties":{"name":"Vàng Danh","level":"ward","province":"Quảng Ninh"}},{"type":"Feature","geometry":{"type":"Point","coordinates":[106.711,21.044]},"properties":{"name":"Yên Tử","level":"ward","province":"Quảng Ninh"}},{"type":"Feature","geometry":{"type":"Point","coordinates":[106.992,21.026]},"properties":{"name":"Hoành Bồ","level":"ward","province":"Quảng Ninh"}},{"type":"Feature","geometry":{"type":"Point","coordinates":[106.599,21.058]},"properties":{"name":"Mạo Khê","level":"ward","province":"Quảng Ninh"}},{"type":"Feature","geometry":{"type":"Point","coordinates":[106.584,21.107]},"properties":{"name":"Bình Khê","level":"ward","province":"Quảng Ninh"}},{"type":"Feature","geometry":{"type":"Point","coordinates":[106.502,21.131]},"properties":{"name":"An Sinh","level":"ward","province":"Quảng Ninh"}},{"type":"Feature","geometry":{"type":"Point","coordinates":[106.514,21.084]},"properties":{"name":"Đông Triều","level":"ward","province":"Quảng Ninh"}},{"type":"Feature","geometry":{"type":"Point","coordinates":[106.642,21.055]},"properties":{"name":"Hoàng Quế","level":"ward","province":"Quảng Ninh"}},{"type":"Feature","geometry":{"type":"Point","coordinates":[106.803,20.942]},"properties":{"name":"Quảng Yên","level":"ward","province":"Quảng Ninh"}},{"type":"Feature","geometry":{"type":"Point","coordinates":[106.847,21.004]},"properties":{"name":"Đông Mai","level":"ward","province":"Quảng Ninh"}},{"type":"Feature","geometry":{"type":"Point","coordinates":[106.801,20.956]},"properties":{"name":"Hiệp Hòa","level":"ward","province":"Quảng Ninh"}},{"type":"Feature","geometry":{"type":"Point","coordinates":[106.879,20.919]},"properties":{"name":"Hà An","level":"ward","province":"Quảng Ninh"}},{"type":"Feature","geometry":{"type":"Point","coordinates":[106.84,20.887]},"properties":{"name":"Liên Hòa","level":"ward","province":"Quảng Ninh"}},{"type":"Feature","geometry":{"type":"Point","coordinates":[106.81,20.892]},"properties":{"name":"Phong Cốc","level":"ward","province":"Quảng Ninh"}},{"type":"Feature","geometry":{"type":"Point","coordinates":[107.764,21.642]},"properties":{"name":"Hải Sơn","level":"ward","province":"Quảng Ninh"}},{"type":"Feature","geometry":{"type":"Point","coordinates":[107.814,21.528]},"properties":{"name":"Hải Ninh","level":"ward","province":"Quảng Ninh"}},{"type":"Feature","geometry":{"type":"Point","coordinates":[107.951,21.373]},"properties":{"name":"Vĩnh Thực","level":"ward","province":"Quảng Ninh"}},{"type":"Feature","geometry":{"type":"Point","coordinates":[107.352,21.146]},"properties":{"name":"Hải Hòa","level":"ward","province":"Quảng Ninh"}},{"type":"Feature","geometry":{"type":"Point","coordinates":[107.401,21.526]},"properties":{"name":"Bình Liêu","level":"ward","province":"Quảng Ninh"}},{"type":"Feature","geometry":{"type":"Point","coordinates":[107.489,21.596]},"properties":{"name":"Hoành Mô","level":"ward","province":"Quảng Ninh"}},{"type":"Feature","geometry":{"type":"Point","coordinates":[107.436,21.558]},"properties":{"name":"Lục Hồn","level":"ward","province":"Quảng Ninh"}},{"type":"Feature","geometry":{"type":"Point","coordinates":[107.405,21.331]},"properties":{"name":"Tiên Yên","level":"ward","province":"Quảng Ninh"}},{"type":"Feature","geometry":{"type":"Point","coordinates":[107.305,21.372]},"properties":{"name":"Điền Xá","level":"ward","province":"Quảng Ninh"}},{"type":"Feature","geometry":{"type":"Point","coordinates":[107.484,21.336]},"properties":{"name":"Đông Ngũ","level":"ward","province":"Quảng Ninh"}},{"type":"Feature","geometry":{"type":"Point","coordinates":[107.357,21.319]},"properties":{"name":"Hải Lạng","level":"ward","province":"Quảng Ninh"}},{"type":"Feature","geometry":{"type":"Point","coordinates":[107.589,21.353]},"properties":{"name":"Đầm Hà","level":"ward","province":"Quảng Ninh"}},{"type":"Feature","geometry":{"type":"Point","coordinates":[107.583,21.361]},"properties":{"name":"Quảng Tân","level":"ward","province":"Quảng Ninh"}},{"type":"Feature","geometry":{"type":"Point","coordinates":[107.758,21.451]},"properties":{"name":"Quảng Hà","level":"ward","province":"Quảng Ninh"}},{"type":"Feature","geometry":{"type":"Point","coordinates":[107.75,21.482]},"properties":{"name":"Quảng Đức","level":"ward","province":"Quảng Ninh"}},{"type":"Feature","geometry":{"type":"Point","coordinates":[107.707,21.454]},"properties":{"name":"Đường Hoa","level":"ward","province":"Quảng Ninh"}},{"type":"Feature","geometry":{"type":"Point","coordinates":[107.769,21.324]},"properties":{"name":"Cái Chiên","level":"ward","province":"Quảng Ninh"}},{"type":"Feature","geometry":{"type":"Point","coordinates":[107.281,21.273]},"properties":{"name":"Ba Chẽ","level":"ward","province":"Quảng Ninh"}},{"type":"Feature","geometry":{"type":"Point","coordinates":[107.119,21.195]},"properties":{"name":"Kỳ Thượng","level":"ward","province":"Quảng Ninh"}},{"type":"Feature","geometry":{"type":"Point","coordinates":[107.019,21.254]},"properties":{"name":"Lương Minh","level":"ward","province":"Quảng Ninh"}},{"type":"Feature","geometry":{"type":"Point","coordinates":[106.884,21.09]},"properties":{"name":"Quảng La","level":"ward","province":"Quảng Ninh"}},{"type":"Feature","geometry":{"type":"Point","coordinates":[107.107,21.02]},"properties":{"name":"Thống Nhất","level":"ward","province":"Quảng Ninh"}},{"type":"Feature","geometry":{"type":"Point","coordinates":[107.511,21.018]},"properties":{"name":"Vân Đồn","level":"ward","province":"Quảng Ninh"}},{"type":"Feature","geometry":{"type":"Point","coordinates":[107.098,20.99]},"properties":{"name":"Cô Tô","level":"ward","province":"Quảng Ninh"}},{"type":"Feature","geometry":{"type":"Point","coordinates":[106.215,21.35]},"properties":{"name":"Mỹ Thái","level":"ward","province":"Bắc Ninh"}},{"type":"Feature","geometry":{"type":"Point","coordinates":[106.466,21.374]},"properties":{"name":"Bắc Giang","level":"ward","province":"Bắc Ninh"}},{"type":"Feature","geometry":{"type":"Point","coordinates":[106.18,21.283]},"properties":{"name":"Đa Mai","level":"ward","province":"Bắc Ninh"}},{"type":"Feature","geometry":{"type":"Point","coordinates":[106.553,21.394]},"properties":{"name":"Chũ","level":"ward","province":"Bắc Ninh"}},{"type":"Feature","geometry":{"type":"Point","coordinates":[106.496,21.345]},"properties":{"name":"Phượng Sơn","level":"ward","province":"Bắc Ninh"}},{"type":"Feature","geometry":{"type":"Point","coordinates":[106.243,21.199]},"properties":{"name":"Yên Dũng","level":"ward","province":"Bắc Ninh"}},{"type":"Feature","geometry":{"type":"Point","coordinates":[106.275,21.259]},"properties":{"name":"Tân An","level":"ward","province":"Bắc Ninh"}},{"type":"Feature","geometry":{"type":"Point","coordinates":[106.186,21.23]},"properties":{"name":"Tiền Phong","level":"ward","province":"Bắc Ninh"}},{"type":"Feature","geometry":{"type":"Point","coordinates":[106.242,21.256]},"properties":{"name":"Tân Tiến","level":"ward","province":"Bắc Ninh"}},{"type":"Feature","geometry":{"type":"Point","coordinates":[106.257,21.192]},"properties":{"name":"Cảnh Thụy","level":"ward","province":"Bắc Ninh"}},{"type":"Feature","geometry":{"type":"Point","coordinates":[106.064,21.293]},"properties":{"name":"Tự Lạn","level":"ward","province":"Bắc Ninh"}},{"type":"Feature","geometry":{"type":"Point","coordinates":[106.086,21.27]},"properties":{"name":"Việt Yên","level":"ward","province":"Bắc Ninh"}},{"type":"Feature","geometry":{"type":"Point","coordinates":[106.127,21.25]},"properties":{"name":"Nếnh","level":"ward","province":"Bắc Ninh"}},{"type":"Feature","geometry":{"type":"Point","coordinates":[106.082,21.243]},"properties":{"name":"Vân Hà","level":"ward","province":"Bắc Ninh"}},{"type":"Feature","geometry":{"type":"Point","coordinates":[106.075,21.189]},"properties":{"name":"Vũ Ninh","level":"ward","province":"Bắc Ninh"}},{"type":"Feature","geometry":{"type":"Point","coordinates":[106.064,21.188]},"properties":{"name":"Kinh Bắc","level":"ward","province":"Bắc Ninh"}},{"type":"Feature","geometry":{"type":"Point","coordinates":[106.051,21.167]},"properties":{"name":"Võ Cường","level":"ward","province":"Bắc Ninh"}},{"type":"Feature","geometry":{"type":"Point","coordinates":[106.2,21.145]},"properties":{"name":"Quế Võ","level":"ward","province":"Bắc Ninh"}},{"type":"Feature","geometry":{"type":"Point","coordinates":[106.127,21.195]},"properties":{"name":"Nhân Hòa","level":"ward","province":"Bắc Ninh"}},{"type":"Feature","geometry":{"type":"Point","coordinates":[106.127,21.157]},"properties":{"name":"Phương Liễu","level":"ward","province":"Bắc Ninh"}},{"type":"Feature","geometry":{"type":"Point","coordinates":[106.11,21.143]},"properties":{"name":"Nam Sơn","level":"ward","province":"Bắc Ninh"}},{"type":"Feature","geometry":{"type":"Point","coordinates":[106.157,21.126]},"properties":{"name":"Bồng Lai","level":"ward","province":"Bắc Ninh"}},{"type":"Feature","geometry":{"type":"Point","coordinates":[106.206,21.114]},"properties":{"name":"Đào Viên","level":"ward","province":"Bắc Ninh"}},{"type":"Feature","geometry":{"type":"Point","coordinates":[106.076,21.13]},"properties":{"name":"Hạp Lĩnh","level":"ward","province":"Bắc Ninh"}},{"type":"Feature","geometry":{"type":"Point","coordinates":[105.956,21.116]},"properties":{"name":"Từ Sơn","level":"ward","province":"Bắc Ninh"}},{"type":"Feature","geometry":{"type":"Point","coordinates":[105.975,21.145]},"properties":{"name":"Tam Sơn","level":"ward","province":"Bắc Ninh"}},{"type":"Feature","geometry":{"type":"Point","coordinates":[105.93,21.152]},"properties":{"name":"Phù Khê","level":"ward","province":"Bắc Ninh"}},{"type":"Feature","geometry":{"type":"Point","coordinates":[105.973,21.125]},"properties":{"name":"Đồng Nguyên","level":"ward","province":"Bắc Ninh"}},{"type":"Feature","geometry":{"type":"Point","coordinates":[106.078,21.038]},"properties":{"name":"Thuận Thành","level":"ward","province":"Bắc Ninh"}},{"type":"Feature","geometry":{"type":"Point","coordinates":[106.122,21.064]},"properties":{"name":"Mão Điền","level":"ward","province":"Bắc Ninh"}},{"type":"Feature","geometry":{"type":"Point","coordinates":[106.047,21.038]},"properties":{"name":"Trí Quả","level":"ward","province":"Bắc Ninh"}},{"type":"Feature","geometry":{"type":"Point","coordinates":[106.106,21.028]},"properties":{"name":"Trạm Lộ","level":"ward","province":"Bắc Ninh"}},{"type":"Feature","geometry":{"type":"Point","coordinates":[106.031,21.014]},"properties":{"name":"Song Liễu","level":"ward","province":"Bắc Ninh"}},{"type":"Feature","geometry":{"type":"Point","coordinates":[106.098,21.017]},"properties":{"name":"Ninh Xá","level":"ward","province":"Bắc Ninh"}},{"type":"Feature","geometry":{"type":"Point","coordinates":[106.102,21.582]},"properties":{"name":"Xuân Lương","level":"ward","province":"Bắc Ninh"}},{"type":"Feature","geometry":{"type":"Point","coordinates":[106.072,21.492]},"properties":{"name":"Tam Tiến","level":"ward","province":"Bắc Ninh"}},{"type":"Feature","geometry":{"type":"Point","coordinates":[106.16,21.496]},"properties":{"name":"Đồng Kỳ","level":"ward","province":"Bắc Ninh"}},{"type":"Feature","geometry":{"type":"Point","coordinates":[106.127,21.479]},"properties":{"name":"Yên Thế","level":"ward","province":"Bắc Ninh"}},{"type":"Feature","geometry":{"type":"Point","coordinates":[106.2,21.464]},"properties":{"name":"Bố Hạ","level":"ward","province":"Bắc Ninh"}},{"type":"Feature","geometry":{"type":"Point","coordinates":[106.098,21.444]},"properties":{"name":"Nhã Nam","level":"ward","province":"Bắc Ninh"}},{"type":"Feature","geometry":{"type":"Point","coordinates":[106.164,21.385]},"properties":{"name":"Phúc Hòa","level":"ward","province":"Bắc Ninh"}},{"type":"Feature","geometry":{"type":"Point","coordinates":[106.052,21.423]},"properties":{"name":"Quang Trung","level":"ward","province":"Bắc Ninh"}},{"type":"Feature","geometry":{"type":"Point","coordinates":[106.093,21.389]},"properties":{"name":"Tân Yên","level":"ward","province":"Bắc Ninh"}},{"type":"Feature","geometry":{"type":"Point","coordinates":[106.058,21.366]},"properties":{"name":"Ngọc Thiện","level":"ward","province":"Bắc Ninh"}},{"type":"Feature","geometry":{"type":"Point","coordinates":[106.263,21.349]},"properties":{"name":"Lạng Giang","level":"ward","province":"Bắc Ninh"}},{"type":"Feature","geometry":{"type":"Point","coordinates":[106.221,21.413]},"properties":{"name":"Tiên Lục","level":"ward","province":"Bắc Ninh"}},{"type":"Feature","geometry":{"type":"Point","coordinates":[106.3,21.415]},"properties":{"name":"Kép","level":"ward","province":"Bắc Ninh"}},{"type":"Feature","geometry":{"type":"Point","coordinates":[106.268,21.296]},"properties":{"name":"Tân Dĩnh","level":"ward","province":"Bắc Ninh"}},{"type":"Feature","geometry":{"type":"Point","coordinates":[106.402,21.304]},"properties":{"name":"Lục Nam","level":"ward","province":"Bắc Ninh"}},{"type":"Feature","geometry":{"type":"Point","coordinates":[106.44,21.366]},"properties":{"name":"Đông Phú","level":"ward","province":"Bắc Ninh"}},{"type":"Feature","geometry":{"type":"Point","coordinates":[106.355,21.351]},"properties":{"name":"Bảo Đài","level":"ward","province":"Bắc Ninh"}},{"type":"Feature","geometry":{"type":"Point","coordinates":[106.455,21.274]},"properties":{"name":"Nghĩa Phương","level":"ward","province":"Bắc Ninh"}},{"type":"Feature","geometry":{"type":"Point","coordinates":[106.545,21.25]},"properties":{"name":"Trường Sơn","level":"ward","province":"Bắc Ninh"}},{"type":"Feature","geometry":{"type":"Point","coordinates":[106.624,21.219]},"properties":{"name":"Lục Sơn","level":"ward","province":"Bắc Ninh"}},{"type":"Feature","geometry":{"type":"Point","coordinates":[106.348,21.259]},"properties":{"name":"Bắc Lũng","level":"ward","province":"Bắc Ninh"}},{"type":"Feature","geometry":{"type":"Point","coordinates":[106.36,21.209]},"properties":{"name":"Cẩm Lý","level":"ward","province":"Bắc Ninh"}},{"type":"Feature","geometry":{"type":"Point","coordinates":[106.616,21.571]},"properties":{"name":"Tân Sơn","level":"ward","province":"Bắc Ninh"}},{"type":"Feature","geometry":{"type":"Point","coordinates":[106.779,21.532]},"properties":{"name":"Sa Lý","level":"ward","province":"Bắc Ninh"}},{"type":"Feature","geometry":{"type":"Point","coordinates":[106.641,21.454]},"properties":{"name":"Biên Sơn","level":"ward","province":"Bắc Ninh"}},{"type":"Feature","geometry":{"type":"Point","coordinates":[106.58,21.511]},"properties":{"name":"Sơn Hải","level":"ward","province":"Bắc Ninh"}},{"type":"Feature","geometry":{"type":"Point","coordinates":[106.524,21.438]},"properties":{"name":"Kiên Lao","level":"ward","province":"Bắc Ninh"}},{"type":"Feature","geometry":{"type":"Point","coordinates":[106.752,21.389]},"properties":{"name":"Biển Động","level":"ward","province":"Bắc Ninh"}},{"type":"Feature","geometry":{"type":"Point","coordinates":[106.683,21.392]},"properties":{"name":"Lục Ngạn","level":"ward","province":"Bắc Ninh"}},{"type":"Feature","geometry":{"type":"Point","coordinates":[106.676,21.302]},"properties":{"name":"Đèo Gia","level":"ward","province":"Bắc Ninh"}},{"type":"Feature","geometry":{"type":"Point","coordinates":[106.586,21.313]},"properties":{"name":"Nam Dương","level":"ward","province":"Bắc Ninh"}},{"type":"Feature","geometry":{"type":"Point","coordinates":[106.849,21.334]},"properties":{"name":"Sơn Động","level":"ward","province":"Bắc Ninh"}},{"type":"Feature","geometry":{"type":"Point","coordinates":[106.765,21.215]},"properties":{"name":"Tây Yên Tử","level":"ward","province":"Bắc Ninh"}},{"type":"Feature","geometry":{"type":"Point","coordinates":[106.939,21.399]},"properties":{"name":"Vân Sơn","level":"ward","province":"Bắc Ninh"}},{"type":"Feature","geometry":{"type":"Point","coordinates":[106.817,21.4]},"properties":{"name":"Đại Sơn","level":"ward","province":"Bắc Ninh"}},{"type":"Feature","geometry":{"type":"Point","coordinates":[106.791,21.344]},"properties":{"name":"Yên Định","level":"ward","province":"Bắc Ninh"}},{"type":"Feature","geometry":{"type":"Point","coordinates":[106.945,21.324]},"properties":{"name":"An Lạc","level":"ward","province":"Bắc Ninh"}},{"type":"Feature","geometry":{"type":"Point","coordinates":[106.768,21.272]},"properties":{"name":"Tuấn Đạo","level":"ward","province":"Bắc Ninh"}},{"type":"Feature","geometry":{"type":"Point","coordinates":[106.905,21.229]},"properties":{"name":"Dương Hưu","level":"ward","province":"Bắc Ninh"}},{"type":"Feature","geometry":{"type":"Point","coordinates":[106.289,21.156]},"properties":{"name":"Đồng Việt","level":"ward","province":"Bắc Ninh"}},{"type":"Feature","geometry":{"type":"Point","coordinates":[105.98,21.39]},"properties":{"name":"Hoàng Vân","level":"ward","province":"Bắc Ninh"}},{"type":"Feature","geometry":{"type":"Point","coordinates":[106.006,21.311]},"properties":{"name":"Hiệp Hòa","level":"ward","province":"Bắc Ninh"}},{"type":"Feature","geometry":{"type":"Point","coordinates":[105.927,21.338]},"properties":{"name":"Hợp Thịnh","level":"ward","province":"Bắc Ninh"}},{"type":"Feature","geometry":{"type":"Point","coordinates":[105.96,21.298]},"properties":{"name":"Xuân Cẩm","level":"ward","province":"Bắc Ninh"}},{"type":"Feature","geometry":{"type":"Point","coordinates":[105.976,21.21]},"properties":{"name":"Yên Phong","level":"ward","province":"Bắc Ninh"}},{"type":"Feature","geometry":{"type":"Point","coordinates":[105.932,21.221]},"properties":{"name":"Tam Giang","level":"ward","province":"Bắc Ninh"}},{"type":"Feature","geometry":{"type":"Point","coordinates":[105.999,21.23]},"properties":{"name":"Yên Trung","level":"ward","province":"Bắc Ninh"}},{"type":"Feature","geometry":{"type":"Point","coordinates":[106.022,21.213]},"properties":{"name":"Tam Đa","level":"ward","province":"Bắc Ninh"}},{"type":"Feature","geometry":{"type":"Point","coordinates":[105.936,21.179]},"properties":{"name":"Văn Môn","level":"ward","province":"Bắc Ninh"}},{"type":"Feature","geometry":{"type":"Point","coordinates":[106.254,21.132]},"properties":{"name":"Phù Lãng","level":"ward","province":"Bắc Ninh"}},{"type":"Feature","geometry":{"type":"Point","coordinates":[106.12,21.103]},"properties":{"name":"Chi Lăng","level":"ward","province":"Bắc Ninh"}},{"type":"Feature","geometry":{"type":"Point","coordinates":[106.029,21.127]},"properties":{"name":"Tiên Du","level":"ward","province":"Bắc Ninh"}},{"type":"Feature","geometry":{"type":"Point","coordinates":[106.037,21.118]},"properties":{"name":"Liên Bão","level":"ward","province":"Bắc Ninh"}},{"type":"Feature","geometry":{"type":"Point","coordinates":[105.998,21.095]},"properties":{"name":"Đại Đồng","level":"ward","province":"Bắc Ninh"}},{"type":"Feature","geometry":{"type":"Point","coordinates":[106.085,21.104]},"properties":{"name":"Tân Chi","level":"ward","province":"Bắc Ninh"}},{"type":"Feature","geometry":{"type":"Point","coordinates":[106.042,21.088]},"properties":{"name":"Phật Tích","level":"ward","province":"Bắc Ninh"}},{"type":"Feature","geometry":{"type":"Point","coordinates":[106.2,21.064]},"properties":{"name":"Gia Bình","level":"ward","province":"Bắc Ninh"}},{"type":"Feature","geometry":{"type":"Point","coordinates":[106.277,21.091]},"properties":{"name":"Cao Đức","level":"ward","province":"Bắc Ninh"}},{"type":"Feature","geometry":{"type":"Point","coordinates":[106.196,21.088]},"properties":{"name":"Đại Lai","level":"ward","province":"Bắc Ninh"}},{"type":"Feature","geometry":{"type":"Point","coordinates":[106.245,21.079]},"properties":{"name":"Nhân Thắng","level":"ward","province":"Bắc Ninh"}},{"type":"Feature","geometry":{"type":"Point","coordinates":[106.154,21.08]},"properties":{"name":"Đông Cứu","level":"ward","province":"Bắc Ninh"}},{"type":"Feature","geometry":{"type":"Point","coordinates":[106.241,21.025]},"properties":{"name":"Lương Tài","level":"ward","province":"Bắc Ninh"}},{"type":"Feature","geometry":{"type":"Point","coordinates":[106.28,21.044]},"properties":{"name":"Trung Kênh","level":"ward","province":"Bắc Ninh"}},{"type":"Feature","geometry":{"type":"Point","coordinates":[106.234,21.012]},"properties":{"name":"Trung Chính","level":"ward","province":"Bắc Ninh"}},{"type":"Feature","geometry":{"type":"Point","coordinates":[106.167,21.005]},"properties":{"name":"Lâm Thao","level":"ward","province":"Bắc Ninh"}},{"type":"Feature","geometry":{"type":"Point","coordinates":[105.514,20.676]},"properties":{"name":"Kim Bôi","level":"ward","province":"Phú Thọ"}},{"type":"Feature","geometry":{"type":"Point","coordinates":[105.318,20.868]},"properties":{"name":"Tân Hòa","level":"ward","province":"Phú Thọ"}},{"type":"Feature","geometry":{"type":"Point","coordinates":[105.258,20.709]},"properties":{"name":"Hòa Bình","level":"ward","province":"Phú Thọ"}},{"type":"Feature","geometry":{"type":"Point","coordinates":[105.337,20.78]},"properties":{"name":"Thống Nhất","level":"ward","province":"Phú Thọ"}},{"type":"Feature","geometry":{"type":"Point","coordinates":[105.352,20.89]},"properties":{"name":"Kỳ Sơn","level":"ward","province":"Phú Thọ"}},{"type":"Feature","geometry":{"type":"Point","coordinates":[105.36,21.327]},"properties":{"name":"Nông Trang","level":"ward","province":"Phú Thọ"}},{"type":"Feature","geometry":{"type":"Point","coordinates":[105.366,21.332]},"properties":{"name":"Việt Trì","level":"ward","province":"Phú Thọ"}},{"type":"Feature","geometry":{"type":"Point","coordinates":[105.431,21.295]},"properties":{"name":"Thanh Miếu","level":"ward","province":"Phú Thọ"}},{"type":"Feature","geometry":{"type":"Point","coordinates":[105.368,21.368]},"properties":{"name":"Vân Phú","level":"ward","province":"Phú Thọ"}},{"type":"Feature","geometry":{"type":"Point","coordinates":[105.229,21.414]},"properties":{"name":"Phú Thọ","level":"ward","province":"Phú Thọ"}},{"type":"Feature","geometry":{"type":"Point","coordinates":[105.208,21.393]},"properties":{"name":"Âu Cơ","level":"ward","province":"Phú Thọ"}},{"type":"Feature","geometry":{"type":"Point","coordinates":[105.314,21.404]},"properties":{"name":"Phong Châu","level":"ward","province":"Phú Thọ"}},{"type":"Feature","geometry":{"type":"Point","coordinates":[105.599,21.306]},"properties":{"name":"Vĩnh Yên","level":"ward","province":"Phú Thọ"}},{"type":"Feature","geometry":{"type":"Point","coordinates":[105.584,21.365]},"properties":{"name":"Vĩnh Phúc","level":"ward","province":"Phú Thọ"}},{"type":"Feature","geometry":{"type":"Point","coordinates":[105.732,21.315]},"properties":{"name":"Phúc Yên","level":"ward","province":"Phú Thọ"}},{"type":"Feature","geometry":{"type":"Point","coordinates":[105.727,21.237]},"properties":{"name":"Xuân Hòa","level":"ward","province":"Phú Thọ"}},{"type":"Feature","geometry":{"type":"Point","coordinates":[105.068,20.932]},"properties":{"name":"Đà Bắc","level":"ward","province":"Phú Thọ"}},{"type":"Feature","geometry":{"type":"Point","coordinates":[104.906,21.039]},"properties":{"name":"Đức Nhàn","level":"ward","province":"Phú Thọ"}},{"type":"Feature","geometry":{"type":"Point","coordinates":[105.065,20.974]},"properties":{"name":"Tân Pheo","level":"ward","province":"Phú Thọ"}},{"type":"Feature","geometry":{"type":"Point","coordinates":[105.059,20.883]},"properties":{"name":"Quy Đức","level":"ward","province":"Phú Thọ"}},{"type":"Feature","geometry":{"type":"Point","coordinates":[105.172,20.866]},"properties":{"name":"Cao Sơn","level":"ward","province":"Phú Thọ"}},{"type":"Feature","geometry":{"type":"Point","coordinates":[105.447,20.531]},"properties":{"name":"Tiền Phong","level":"ward","province":"Phú Thọ"}},{"type":"Feature","geometry":{"type":"Point","coordinates":[105.347,20.846]},"properties":{"name":"Thịnh Minh","level":"ward","province":"Phú Thọ"}},{"type":"Feature","geometry":{"type":"Point","coordinates":[105.603,20.781]},"properties":{"name":"Lương Sơn","level":"ward","province":"Phú Thọ"}},{"type":"Feature","geometry":{"type":"Point","coordinates":[105.504,20.824]},"properties":{"name":"Liên Sơn","level":"ward","province":"Phú Thọ"}},{"type":"Feature","geometry":{"type":"Point","coordinates":[105.575,20.91]},"properties":{"name":"Nật Sơn","level":"ward","province":"Phú Thọ"}},{"type":"Feature","geometry":{"type":"Point","coordinates":[105.445,20.689]},"properties":{"name":"Mường Động","level":"ward","province":"Phú Thọ"}},{"type":"Feature","geometry":{"type":"Point","coordinates":[105.642,20.695]},"properties":{"name":"Cao Dương","level":"ward","province":"Phú Thọ"}},{"type":"Feature","geometry":{"type":"Point","coordinates":[105.586,20.649]},"properties":{"name":"Hợp Kim","level":"ward","province":"Phú Thọ"}},{"type":"Feature","geometry":{"type":"Point","coordinates":[105.566,20.571]},"properties":{"name":"Dũng Tiến","level":"ward","province":"Phú Thọ"}},{"type":"Feature","geometry":{"type":"Point","coordinates":[105.338,20.688]},"properties":{"name":"Cao Phong","level":"ward","province":"Phú Thọ"}},{"type":"Feature","geometry":{"type":"Point","coordinates":[105.267,20.742]},"properties":{"name":"Thung Nai","level":"ward","province":"Phú Thọ"}},{"type":"Feature","geometry":{"type":"Point","coordinates":[105.346,20.654]},"properties":{"name":"Mường Thàng","level":"ward","province":"Phú Thọ"}},{"type":"Feature","geometry":{"type":"Point","coordinates":[105.228,20.609]},"properties":{"name":"Tân Lạc","level":"ward","province":"Phú Thọ"}},{"type":"Feature","geometry":{"type":"Point","coordinates":[105.206,20.711]},"properties":{"name":"Mường Hoa","level":"ward","province":"Phú Thọ"}},{"type":"Feature","geometry":{"type":"Point","coordinates":[105.19,20.542]},"properties":{"name":"Vân Sơn","level":"ward","province":"Phú Thọ"}},{"type":"Feature","geometry":{"type":"Point","coordinates":[105.176,20.651]},"properties":{"name":"Mường Bi","level":"ward","province":"Phú Thọ"}},{"type":"Feature","geometry":{"type":"Point","coordinates":[105.244,20.555]},"properties":{"name":"Toàn Thắng","level":"ward","province":"Phú Thọ"}},{"type":"Feature","geometry":{"type":"Point","coordinates":[104.979,20.716]},"properties":{"name":"Mai Châu","level":"ward","province":"Phú Thọ"}},{"type":"Feature","geometry":{"type":"Point","coordinates":[105.054,20.786]},"properties":{"name":"Tân Mai","level":"ward","province":"Phú Thọ"}},{"type":"Feature","geometry":{"type":"Point","coordinates":[104.89,20.709]},"properties":{"name":"Pà Cò","level":"ward","province":"Phú Thọ"}},{"type":"Feature","geometry":{"type":"Point","coordinates":[104.978,20.673]},"properties":{"name":"Bao La","level":"ward","province":"Phú Thọ"}},{"type":"Feature","geometry":{"type":"Point","coordinates":[105.017,20.617]},"properties":{"name":"Mai Hạ","level":"ward","province":"Phú Thọ"}},{"type":"Feature","geometry":{"type":"Point","coordinates":[105.435,20.498]},"properties":{"name":"Lạc Sơn","level":"ward","province":"Phú Thọ"}},{"type":"Feature","geometry":{"type":"Point","coordinates":[105.461,20.582]},"properties":{"name":"Mường Vang","level":"ward","province":"Phú Thọ"}},{"type":"Feature","geometry":{"type":"Point","coordinates":[105.45,20.524]},"properties":{"name":"Nhân Nghĩa","level":"ward","province":"Phú Thọ"}},{"type":"Feature","geometry":{"type":"Point","coordinates":[105.393,20.542]},"properties":{"name":"Thượng Cốc","level":"ward","province":"Phú Thọ"}},{"type":"Feature","geometry":{"type":"Point","coordinates":[105.492,20.487]},"properties":{"name":"Yên Phú","level":"ward","province":"Phú Thọ"}},{"type":"Feature","geometry":{"type":"Point","coordinates":[105.362,20.474]},"properties":{"name":"Quyết Thắng","level":"ward","province":"Phú Thọ"}},{"type":"Feature","geometry":{"type":"Point","coordinates":[105.361,20.425]},"properties":{"name":"Ngọc Sơn","level":"ward","province":"Phú Thọ"}},{"type":"Feature","geometry":{"type":"Point","coordinates":[105.509,21.268]},"properties":{"name":"Đại Đồng","level":"ward","province":"Phú Thọ"}},{"type":"Feature","geometry":{"type":"Point","coordinates":[105.631,20.427]},"properties":{"name":"Yên Thủy","level":"ward","province":"Phú Thọ"}},{"type":"Feature","geometry":{"type":"Point","coordinates":[105.628,20.479]},"properties":{"name":"Lạc Lương","level":"ward","province":"Phú Thọ"}},{"type":"Feature","geometry":{"type":"Point","coordinates":[105.678,20.357]},"properties":{"name":"Yên Trị","level":"ward","province":"Phú Thọ"}},{"type":"Feature","geometry":{"type":"Point","coordinates":[105.749,20.496]},"properties":{"name":"Lạc Thủy","level":"ward","province":"Phú Thọ"}},{"type":"Feature","geometry":{"type":"Point","coordinates":[105.723,20.567]},"properties":{"name":"An Nghĩa","level":"ward","province":"Phú Thọ"}},{"type":"Feature","geometry":{"type":"Point","coordinates":[104.937,21.859]},"properties":{"name":"An Bình","level":"ward","province":"Phú Thọ"}},{"type":"Feature","geometry":{"type":"Point","coordinates":[105.156,21.615]},"properties":{"name":"Đoan Hùng","level":"ward","province":"Phú Thọ"}},{"type":"Feature","geometry":{"type":"Point","coordinates":[105.049,21.65]},"properties":{"name":"Bằng Luân","level":"ward","province":"Phú Thọ"}},{"type":"Feature","geometry":{"type":"Point","coordinates":[105.166,21.675]},"properties":{"name":"Chí Đám","level":"ward","province":"Phú Thọ"}},{"type":"Feature","geometry":{"type":"Point","coordinates":[105.13,21.626]},"properties":{"name":"Tây Cốc","level":"ward","province":"Phú Thọ"}},{"type":"Feature","geometry":{"type":"Point","coordinates":[105.212,21.557]},"properties":{"name":"Chân Mộng","level":"ward","province":"Phú Thọ"}},{"type":"Feature","geometry":{"type":"Point","coordinates":[104.999,21.588]},"properties":{"name":"Hạ Hòa","level":"ward","province":"Phú Thọ"}},{"type":"Feature","geometry":{"type":"Point","coordinates":[104.972,21.633]},"properties":{"name":"Đan Thượng","level":"ward","province":"Phú Thọ"}},{"type":"Feature","geometry":{"type":"Point","coordinates":[104.946,21.573]},"properties":{"name":"Hiền Lương","level":"ward","province":"Phú Thọ"}},{"type":"Feature","geometry":{"type":"Point","coordinates":[105.091,21.558]},"properties":{"name":"Yên Kỳ","level":"ward","province":"Phú Thọ"}},{"type":"Feature","geometry":{"type":"Point","coordinates":[104.98,21.52]},"properties":{"name":"Văn Lang","level":"ward","province":"Phú Thọ"}},{"type":"Feature","geometry":{"type":"Point","coordinates":[105.046,21.523]},"properties":{"name":"Vĩnh Chân","level":"ward","province":"Phú Thọ"}},{"type":"Feature","geometry":{"type":"Point","coordinates":[105.166,21.451]},"properties":{"name":"Thanh Ba","level":"ward","province":"Phú Thọ"}},{"type":"Feature","geometry":{"type":"Point","coordinates":[105.168,21.516]},"properties":{"name":"Quảng Yên","level":"ward","province":"Phú Thọ"}},{"type":"Feature","geometry":{"type":"Point","coordinates":[105.132,21.468]},"properties":{"name":"Hoàng Cương","level":"ward","province":"Phú Thọ"}},{"type":"Feature","geometry":{"type":"Point","coordinates":[105.196,21.453]},"properties":{"name":"Đông Thành","level":"ward","province":"Phú Thọ"}},{"type":"Feature","geometry":{"type":"Point","coordinates":[105.166,21.422]},"properties":{"name":"Chí Tiên","level":"ward","province":"Phú Thọ"}},{"type":"Feature","geometry":{"type":"Point","coordinates":[105.2,21.359]},"properties":{"name":"Liên Minh","level":"ward","province":"Phú Thọ"}},{"type":"Feature","geometry":{"type":"Point","coordinates":[105.299,21.457]},"properties":{"name":"Phù Ninh","level":"ward","province":"Phú Thọ"}},{"type":"Feature","geometry":{"type":"Point","coordinates":[105.269,21.514]},"properties":{"name":"Phú Mỹ","level":"ward","province":"Phú Thọ"}},{"type":"Feature","geometry":{"type":"Point","coordinates":[105.262,21.482]},"properties":{"name":"Trạm Thản","level":"ward","province":"Phú Thọ"}},{"type":"Feature","geometry":{"type":"Point","coordinates":[105.309,21.473]},"properties":{"name":"Dân Chủ","level":"ward","province":"Phú Thọ"}},{"type":"Feature","geometry":{"type":"Point","coordinates":[105.365,21.415]},"properties":{"name":"Bình Phú","level":"ward","province":"Phú Thọ"}},{"type":"Feature","geometry":{"type":"Point","coordinates":[104.976,21.372]},"properties":{"name":"Yên Lập","level":"ward","province":"Phú Thọ"}},{"type":"Feature","geometry":{"type":"Point","coordinates":[105.575,20.91]},"properties":{"name":"Sơn Lương","level":"ward","province":"Phú Thọ"}},{"type":"Feature","geometry":{"type":"Point","coordinates":[104.984,21.403]},"properties":{"name":"Xuân Viên","level":"ward","province":"Phú Thọ"}},{"type":"Feature","geometry":{"type":"Point","coordinates":[104.947,21.353]},"properties":{"name":"Trung Sơn","level":"ward","province":"Phú Thọ"}},{"type":"Feature","geometry":{"type":"Point","coordinates":[105.012,21.319]},"properties":{"name":"Thượng Long","level":"ward","province":"Phú Thọ"}},{"type":"Feature","geometry":{"type":"Point","coordinates":[105.332,20.75]},"properties":{"name":"Minh Hòa","level":"ward","province":"Phú Thọ"}},{"type":"Feature","geometry":{"type":"Point","coordinates":[105.105,21.385]},"properties":{"name":"Cẩm Khê","level":"ward","province":"Phú Thọ"}},{"type":"Feature","geometry":{"type":"Point","coordinates":[105.027,21.46]},"properties":{"name":"Tiên Lương","level":"ward","province":"Phú Thọ"}},{"type":"Feature","geometry":{"type":"Point","coordinates":[105.041,21.42]},"properties":{"name":"Vân Bán","level":"ward","province":"Phú Thọ"}},{"type":"Feature","geometry":{"type":"Point","coordinates":[105.097,21.387]},"properties":{"name":"Phú Khê","level":"ward","province":"Phú Thọ"}},{"type":"Feature","geometry":{"type":"Point","coordinates":[105.141,21.361]},"properties":{"name":"Hùng Việt","level":"ward","province":"Phú Thọ"}},{"type":"Feature","geometry":{"type":"Point","coordinates":[105.173,21.337]},"properties":{"name":"Đồng Lương","level":"ward","province":"Phú Thọ"}},{"type":"Feature","geometry":{"type":"Point","coordinates":[105.23,21.307]},"properties":{"name":"Tam Nông","level":"ward","province":"Phú Thọ"}},{"type":"Feature","geometry":{"type":"Point","coordinates":[105.236,21.363]},"properties":{"name":"Hiền Quan","level":"ward","province":"Phú Thọ"}},{"type":"Feature","geometry":{"type":"Point","coordinates":[105.227,21.302]},"properties":{"name":"Vạn Xuân","level":"ward","province":"Phú Thọ"}},{"type":"Feature","geometry":{"type":"Point","coordinates":[105.402,21.289]},"properties":{"name":"Thọ Văn","level":"ward","province":"Phú Thọ"}},{"type":"Feature","geometry":{"type":"Point","coordinates":[105.289,21.327]},"properties":{"name":"Lâm Thao","level":"ward","province":"Phú Thọ"}},{"type":"Feature","geometry":{"type":"Point","coordinates":[105.282,21.378]},"properties":{"name":"Xuân Lũng","level":"ward","province":"Phú Thọ"}},{"type":"Feature","geometry":{"type":"Point","coordinates":[105.318,21.349]},"properties":{"name":"Hy Cương","level":"ward","province":"Phú Thọ"}},{"type":"Feature","geometry":{"type":"Point","coordinates":[105.28,21.286]},"properties":{"name":"Phùng Nguyên","level":"ward","province":"Phú Thọ"}},{"type":"Feature","geometry":{"type":"Point","coordinates":[105.343,21.282]},"properties":{"name":"Bản Nguyên","level":"ward","province":"Phú Thọ"}},{"type":"Feature","geometry":{"type":"Point","coordinates":[105.197,21.087]},"properties":{"name":"Thanh Sơn","level":"ward","province":"Phú Thọ"}},{"type":"Feature","geometry":{"type":"Point","coordinates":[104.907,21.277]},"properties":{"name":"Thu Cúc","level":"ward","province":"Phú Thọ"}},{"type":"Feature","geometry":{"type":"Point","coordinates":[104.913,21.212]},"properties":{"name":"Lai Đồng","level":"ward","province":"Phú Thọ"}},{"type":"Feature","geometry":{"type":"Point","coordinates":[104.983,21.19]},"properties":{"name":"Tân Sơn","level":"ward","province":"Phú Thọ"}},{"type":"Feature","geometry":{"type":"Point","coordinates":[105.137,21.162]},"properties":{"name":"Võ Miếu","level":"ward","province":"Phú Thọ"}},{"type":"Feature","geometry":{"type":"Point","coordinates":[104.975,21.108]},"properties":{"name":"Xuân Đài","level":"ward","province":"Phú Thọ"}},{"type":"Feature","geometry":{"type":"Point","coordinates":[105.063,21.182]},"properties":{"name":"Minh Đài","level":"ward","province":"Phú Thọ"}},{"type":"Feature","geometry":{"type":"Point","coordinates":[105.603,21.328]},"properties":{"name":"Văn Miếu","level":"ward","province":"Phú Thọ"}},{"type":"Feature","geometry":{"type":"Point","coordinates":[105.245,21.119]},"properties":{"name":"Cự Đồng","level":"ward","province":"Phú Thọ"}},{"type":"Feature","geometry":{"type":"Point","coordinates":[105.08,21.096]},"properties":{"name":"Long Cốc","level":"ward","province":"Phú Thọ"}},{"type":"Feature","geometry":{"type":"Point","coordinates":[105.257,21.016]},"properties":{"name":"Hương Cần","level":"ward","province":"Phú Thọ"}},{"type":"Feature","geometry":{"type":"Point","coordinates":[105.121,21.007]},"properties":{"name":"Khả Cửu","level":"ward","province":"Phú Thọ"}},{"type":"Feature","geometry":{"type":"Point","coordinates":[105.193,21.7]},"properties":{"name":"Yên Sơn","level":"ward","province":"Phú Thọ"}},{"type":"Feature","geometry":{"type":"Point","coordinates":[105.287,21.211]},"properties":{"name":"Đào Xá","level":"ward","province":"Phú Thọ"}},{"type":"Feature","geometry":{"type":"Point","coordinates":[105.288,21.124]},"properties":{"name":"Thanh Thủy","level":"ward","province":"Phú Thọ"}},{"type":"Feature","geometry":{"type":"Point","coordinates":[105.277,21.066]},"properties":{"name":"Tu Vũ","level":"ward","province":"Phú Thọ"}},{"type":"Feature","geometry":{"type":"Point","coordinates":[105.464,21.413]},"properties":{"name":"Lập Thạch","level":"ward","province":"Phú Thọ"}},{"type":"Feature","geometry":{"type":"Point","coordinates":[105.463,21.494]},"properties":{"name":"Hợp Lý","level":"ward","province":"Phú Thọ"}},{"type":"Feature","geometry":{"type":"Point","coordinates":[105.39,21.493]},"properties":{"name":"Yên Lãng","level":"ward","province":"Phú Thọ"}},{"type":"Feature","geometry":{"type":"Point","coordinates":[105.357,21.463]},"properties":{"name":"Hải Lựu","level":"ward","province":"Phú Thọ"}},{"type":"Feature","geometry":{"type":"Point","coordinates":[105.508,21.455]},"properties":{"name":"Thái Hòa","level":"ward","province":"Phú Thọ"}},{"type":"Feature","geometry":{"type":"Point","coordinates":[105.512,21.415]},"properties":{"name":"Liên Hòa","level":"ward","province":"Phú Thọ"}},{"type":"Feature","geometry":{"type":"Point","coordinates":[105.402,21.418]},"properties":{"name":"Tam Sơn","level":"ward","province":"Phú Thọ"}},{"type":"Feature","geometry":{"type":"Point","coordinates":[105.481,21.369]},"properties":{"name":"Tiên Lữ","level":"ward","province":"Phú Thọ"}},{"type":"Feature","geometry":{"type":"Point","coordinates":[105.42,21.426]},"properties":{"name":"Sông Lô","level":"ward","province":"Phú Thọ"}},{"type":"Feature","geometry":{"type":"Point","coordinates":[105.466,21.329]},"properties":{"name":"Sơn Đông","level":"ward","province":"Phú Thọ"}},{"type":"Feature","geometry":{"type":"Point","coordinates":[105.564,21.36]},"properties":{"name":"Tam Dương","level":"ward","province":"Phú Thọ"}},{"type":"Feature","geometry":{"type":"Point","coordinates":[105.564,21.36]},"properties":{"name":"Tam Dương Bắc","level":"ward","province":"Phú Thọ"}},{"type":"Feature","geometry":{"type":"Point","coordinates":[105.523,21.361]},"properties":{"name":"Hoàng An","level":"ward","province":"Phú Thọ"}},{"type":"Feature","geometry":{"type":"Point","coordinates":[105.546,21.318]},"properties":{"name":"Hội Thịnh","level":"ward","province":"Phú Thọ"}},{"type":"Feature","geometry":{"type":"Point","coordinates":[105.644,21.456]},"properties":{"name":"Tam Đảo","level":"ward","province":"Phú Thọ"}},{"type":"Feature","geometry":{"type":"Point","coordinates":[105.547,21.504]},"properties":{"name":"Đạo Trù","level":"ward","province":"Phú Thọ"}},{"type":"Feature","geometry":{"type":"Point","coordinates":[105.573,21.448]},"properties":{"name":"Đại Đình","level":"ward","province":"Phú Thọ"}},{"type":"Feature","geometry":{"type":"Point","coordinates":[105.656,21.279]},"properties":{"name":"Bình Nguyên","level":"ward","province":"Phú Thọ"}},{"type":"Feature","geometry":{"type":"Point","coordinates":[105.686,21.364]},"properties":{"name":"Bình Tuyền","level":"ward","province":"Phú Thọ"}},{"type":"Feature","geometry":{"type":"Point","coordinates":[105.672,21.281]},"properties":{"name":"Bình Xuyên","level":"ward","province":"Phú Thọ"}},{"type":"Feature","geometry":{"type":"Point","coordinates":[105.644,21.246]},"properties":{"name":"Xuân Lãng","level":"ward","province":"Phú Thọ"}},{"type":"Feature","geometry":{"type":"Point","coordinates":[105.585,21.221]},"properties":{"name":"Yên Lạc","level":"ward","province":"Phú Thọ"}},{"type":"Feature","geometry":{"type":"Point","coordinates":[105.547,21.261]},"properties":{"name":"Tề Lỗ","level":"ward","province":"Phú Thọ"}},{"type":"Feature","geometry":{"type":"Point","coordinates":[105.568,21.223]},"properties":{"name":"Tam Hồng","level":"ward","province":"Phú Thọ"}},{"type":"Feature","geometry":{"type":"Point","coordinates":[105.61,21.203]},"properties":{"name":"Nguyệt Đức","level":"ward","province":"Phú Thọ"}},{"type":"Feature","geometry":{"type":"Point","coordinates":[105.558,21.18]},"properties":{"name":"Liên Châu","level":"ward","province":"Phú Thọ"}},{"type":"Feature","geometry":{"type":"Point","coordinates":[105.492,21.249]},"properties":{"name":"Vĩnh Tường","level":"ward","province":"Phú Thọ"}},{"type":"Feature","geometry":{"type":"Point","coordinates":[105.599,21.306]},"properties":{"name":"Vĩnh An","level":"ward","province":"Phú Thọ"}},{"type":"Feature","geometry":{"type":"Point","coordinates":[105.49,21.283]},"properties":{"name":"Vĩnh Hưng","level":"ward","province":"Phú Thọ"}},{"type":"Feature","geometry":{"type":"Point","coordinates":[105.599,21.306]},"properties":{"name":"Vĩnh Thành","level":"ward","province":"Phú Thọ"}},{"type":"Feature","geometry":{"type":"Point","coordinates":[105.491,21.256]},"properties":{"name":"Thổ Tang","level":"ward","province":"Phú Thọ"}},{"type":"Feature","geometry":{"type":"Point","coordinates":[105.504,21.192]},"properties":{"name":"Vĩnh Phú","level":"ward","province":"Phú Thọ"}},{"type":"Feature","geometry":{"type":"Point","coordinates":[106.315,20.949]},"properties":{"name":"Thành Đông","level":"ward","province":"Hải Phòng"}},{"type":"Feature","geometry":{"type":"Point","coordinates":[106.331,20.933]},"properties":{"name":"Hải Dương","level":"ward","province":"Hải Phòng"}},{"type":"Feature","geometry":{"type":"Point","coordinates":[106.309,20.923]},"properties":{"name":"Lê Thanh Nghị","level":"ward","province":"Hải Phòng"}},{"type":"Feature","geometry":{"type":"Point","coordinates":[106.334,20.917]},"properties":{"name":"Tân Hưng","level":"ward","province":"Hải Phòng"}},{"type":"Feature","geometry":{"type":"Point","coordinates":[106.26,20.949]},"properties":{"name":"Việt Hòa","level":"ward","province":"Hải Phòng"}},{"type":"Feature","geometry":{"type":"Point","coordinates":[106.387,21.107]},"properties":{"name":"Chí Linh","level":"ward","province":"Hải Phòng"}},{"type":"Feature","geometry":{"type":"Point","coordinates":[106.392,21.112]},"properties":{"name":"Chu Văn An","level":"ward","province":"Hải Phòng"}},{"type":"Feature","geometry":{"type":"Point","coordinates":[106.457,21.194]},"properties":{"name":"Nguyễn Trãi","level":"ward","province":"Hải Phòng"}},{"type":"Feature","geometry":{"type":"Point","coordinates":[106.371,21.169]},"properties":{"name":"Trần Hưng Đạo","level":"ward","province":"Hải Phòng"}},{"type":"Feature","geometry":{"type":"Point","coordinates":[106.439,21.132]},"properties":{"name":"Trần Nhân Tông","level":"ward","province":"Hải Phòng"}},{"type":"Feature","geometry":{"type":"Point","coordinates":[106.383,21.046]},"properties":{"name":"Lê Đại Hành","level":"ward","province":"Hải Phòng"}},{"type":"Feature","geometry":{"type":"Point","coordinates":[106.378,20.969]},"properties":{"name":"Ái Quốc","level":"ward","province":"Hải Phòng"}},{"type":"Feature","geometry":{"type":"Point","coordinates":[106.556,20.988]},"properties":{"name":"Kinh Môn","level":"ward","province":"Hải Phòng"}},{"type":"Feature","geometry":{"type":"Point","coordinates":[106.481,21.052]},"properties":{"name":"Bắc An Phụ","level":"ward","province":"Hải Phòng"}},{"type":"Feature","geometry":{"type":"Point","coordinates":[106.557,21.021]},"properties":{"name":"Nhị Chiểu","level":"ward","province":"Hải Phòng"}},{"type":"Feature","geometry":{"type":"Point","coordinates":[106.528,21.011]},"properties":{"name":"Phạm Sư Mạnh","level":"ward","province":"Hải Phòng"}},{"type":"Feature","geometry":{"type":"Point","coordinates":[106.511,20.995]},"properties":{"name":"Trần Liễu","level":"ward","province":"Hải Phòng"}},{"type":"Feature","geometry":{"type":"Point","coordinates":[106.564,20.972]},"properties":{"name":"Nguyễn Đại Năng","level":"ward","province":"Hải Phòng"}},{"type":"Feature","geometry":{"type":"Point","coordinates":[106.372,20.911]},"properties":{"name":"Nam Đồng","level":"ward","province":"Hải Phòng"}},{"type":"Feature","geometry":{"type":"Point","coordinates":[106.248,20.933]},"properties":{"name":"Tứ Minh","level":"ward","province":"Hải Phòng"}},{"type":"Feature","geometry":{"type":"Point","coordinates":[106.312,20.906]},"properties":{"name":"Thạch Khôi","level":"ward","province":"Hải Phòng"}},{"type":"Feature","geometry":{"type":"Point","coordinates":[106.652,20.869]},"properties":{"name":"Hồng Bàng","level":"ward","province":"Hải Phòng"}},{"type":"Feature","geometry":{"type":"Point","coordinates":[106.701,20.867]},"properties":{"name":"Ngô Quyền","level":"ward","province":"Hải Phòng"}},{"type":"Feature","geometry":{"type":"Point","coordinates":[106.704,20.849]},"properties":{"name":"Gia Viên","level":"ward","province":"Hải Phòng"}},{"type":"Feature","geometry":{"type":"Point","coordinates":[106.676,20.845]},"properties":{"name":"Lê Chân","level":"ward","province":"Hải Phòng"}},{"type":"Feature","geometry":{"type":"Point","coordinates":[106.68,20.83]},"properties":{"name":"An Biên","level":"ward","province":"Hải Phòng"}},{"type":"Feature","geometry":{"type":"Point","coordinates":[106.733,20.847]},"properties":{"name":"Đông Hải","level":"ward","province":"Hải Phòng"}},{"type":"Feature","geometry":{"type":"Point","coordinates":[106.722,20.825]},"properties":{"name":"Hải An","level":"ward","province":"Hải Phòng"}},{"type":"Feature","geometry":{"type":"Point","coordinates":[106.625,20.808]},"properties":{"name":"Kiến An","level":"ward","province":"Hải Phòng"}},{"type":"Feature","geometry":{"type":"Point","coordinates":[106.64,20.791]},"properties":{"name":"Phù Liễn","level":"ward","province":"Hải Phòng"}},{"type":"Feature","geometry":{"type":"Point","coordinates":[106.782,20.716]},"properties":{"name":"Đồ Sơn","level":"ward","province":"Hải Phòng"}},{"type":"Feature","geometry":{"type":"Point","coordinates":[106.749,20.956]},"properties":{"name":"Bạch Đằng","level":"ward","province":"Hải Phòng"}},{"type":"Feature","geometry":{"type":"Point","coordinates":[106.674,20.965]},"properties":{"name":"Lưu Kiếm","level":"ward","province":"Hải Phòng"}},{"type":"Feature","geometry":{"type":"Point","coordinates":[106.612,20.969]},"properties":{"name":"Lê Ích Mộc","level":"ward","province":"Hải Phòng"}},{"type":"Feature","geometry":{"type":"Point","coordinates":[106.697,20.939]},"properties":{"name":"Hòa Bình","level":"ward","province":"Hải Phòng"}},{"type":"Feature","geometry":{"type":"Point","coordinates":[106.743,20.926]},"properties":{"name":"Nam Triệu","level":"ward","province":"Hải Phòng"}},{"type":"Feature","geometry":{"type":"Point","coordinates":[106.645,20.923]},"properties":{"name":"Thiên Hương","level":"ward","province":"Hải Phòng"}},{"type":"Feature","geometry":{"type":"Point","coordinates":[106.675,20.918]},"properties":{"name":"Thủy Nguyên","level":"ward","province":"Hải Phòng"}},{"type":"Feature","geometry":{"type":"Point","coordinates":[106.61,20.868]},"properties":{"name":"An Dương","level":"ward","province":"Hải Phòng"}},{"type":"Feature","geometry":{"type":"Point","coordinates":[106.562,20.877]},"properties":{"name":"An Phong","level":"ward","province":"Hải Phòng"}},{"type":"Feature","geometry":{"type":"Point","coordinates":[106.605,20.912]},"properties":{"name":"Hồng An","level":"ward","province":"Hải Phòng"}},{"type":"Feature","geometry":{"type":"Point","coordinates":[106.637,20.861]},"properties":{"name":"An Hải","level":"ward","province":"Hải Phòng"}},{"type":"Feature","geometry":{"type":"Point","coordinates":[106.706,20.795]},"properties":{"name":"Hưng Đạo","level":"ward","province":"Hải Phòng"}},{"type":"Feature","geometry":{"type":"Point","coordinates":[106.729,20.777]},"properties":{"name":"Dương Kinh","level":"ward","province":"Hải Phòng"}},{"type":"Feature","geometry":{"type":"Point","coordinates":[106.754,20.744]},"properties":{"name":"Nam Đồ Sơn","level":"ward","province":"Hải Phòng"}},{"type":"Feature","geometry":{"type":"Point","coordinates":[106.332,20.986]},"properties":{"name":"Nam Sách","level":"ward","province":"Hải Phòng"}},{"type":"Feature","geometry":{"type":"Point","coordinates":[106.337,21.059]},"properties":{"name":"Hợp Tiến","level":"ward","province":"Hải Phòng"}},{"type":"Feature","geometry":{"type":"Point","coordinates":[106.33,21.012]},"properties":{"name":"Trần Phú","level":"ward","province":"Hải Phòng"}},{"type":"Feature","geometry":{"type":"Point","coordinates":[106.291,20.992]},"properties":{"name":"Thái Tân","level":"ward","province":"Hải Phòng"}},{"type":"Feature","geometry":{"type":"Point","coordinates":[106.35,20.997]},"properties":{"name":"An Phú","level":"ward","province":"Hải Phòng"}},{"type":"Feature","geometry":{"type":"Point","coordinates":[106.45,21.005]},"properties":{"name":"Nam An Phụ","level":"ward","province":"Hải Phòng"}},{"type":"Feature","geometry":{"type":"Point","coordinates":[106.505,20.97]},"properties":{"name":"Phú Thái","level":"ward","province":"Hải Phòng"}},{"type":"Feature","geometry":{"type":"Point","coordinates":[106.411,20.979]},"properties":{"name":"Lai Khê","level":"ward","province":"Hải Phòng"}},{"type":"Feature","geometry":{"type":"Point","coordinates":[106.495,20.94]},"properties":{"name":"An Thành","level":"ward","province":"Hải Phòng"}},{"type":"Feature","geometry":{"type":"Point","coordinates":[106.51,20.903]},"properties":{"name":"Kim Thành","level":"ward","province":"Hải Phòng"}},{"type":"Feature","geometry":{"type":"Point","coordinates":[106.427,20.897]},"properties":{"name":"Thanh Hà","level":"ward","province":"Hải Phòng"}},{"type":"Feature","geometry":{"type":"Point","coordinates":[106.431,20.931]},"properties":{"name":"Hà Bắc","level":"ward","province":"Hải Phòng"}},{"type":"Feature","geometry":{"type":"Point","coordinates":[106.445,20.922]},"properties":{"name":"Hà Nam","level":"ward","province":"Hải Phòng"}},{"type":"Feature","geometry":{"type":"Point","coordinates":[106.393,20.892]},"properties":{"name":"Hà Tây","level":"ward","province":"Hải Phòng"}},{"type":"Feature","geometry":{"type":"Point","coordinates":[106.463,20.869]},"properties":{"name":"Hà Đông","level":"ward","province":"Hải Phòng"}},{"type":"Feature","geometry":{"type":"Point","coordinates":[106.171,20.969]},"properties":{"name":"Cẩm Giang","level":"ward","province":"Hải Phòng"}},{"type":"Feature","geometry":{"type":"Point","coordinates":[106.217,20.951]},"properties":{"name":"Cẩm Giàng","level":"ward","province":"Hải Phòng"}},{"type":"Feature","geometry":{"type":"Point","coordinates":[106.249,20.973]},"properties":{"name":"Tuệ Tĩnh","level":"ward","province":"Hải Phòng"}},{"type":"Feature","geometry":{"type":"Point","coordinates":[106.213,20.94]},"properties":{"name":"Mao Điền","level":"ward","province":"Hải Phòng"}},{"type":"Feature","geometry":{"type":"Point","coordinates":[106.147,20.909]},"properties":{"name":"Kẻ Sặt","level":"ward","province":"Hải Phòng"}},{"type":"Feature","geometry":{"type":"Point","coordinates":[106.193,20.876]},"properties":{"name":"Bình Giang","level":"ward","province":"Hải Phòng"}},{"type":"Feature","geometry":{"type":"Point","coordinates":[106.169,20.876]},"properties":{"name":"Đường An","level":"ward","province":"Hải Phòng"}},{"type":"Feature","geometry":{"type":"Point","coordinates":[106.194,20.839]},"properties":{"name":"Thượng Hồng","level":"ward","province":"Hải Phòng"}},{"type":"Feature","geometry":{"type":"Point","coordinates":[106.301,20.844]},"properties":{"name":"Gia Lộc","level":"ward","province":"Hải Phòng"}},{"type":"Feature","geometry":{"type":"Point","coordinates":[106.26,20.872]},"properties":{"name":"Yết Kiêu","level":"ward","province":"Hải Phòng"}},{"type":"Feature","geometry":{"type":"Point","coordinates":[106.286,20.852]},"properties":{"name":"Gia Phúc","level":"ward","province":"Hải Phòng"}},{"type":"Feature","geometry":{"type":"Point","coordinates":[106.249,20.8]},"properties":{"name":"Trường Tân","level":"ward","province":"Hải Phòng"}},{"type":"Feature","geometry":{"type":"Point","coordinates":[106.401,20.824]},"properties":{"name":"Tứ Kỳ","level":"ward","province":"Hải Phòng"}},{"type":"Feature","geometry":{"type":"Point","coordinates":[106.368,20.857]},"properties":{"name":"Đại Sơn","level":"ward","province":"Hải Phòng"}},{"type":"Feature","geometry":{"type":"Point","coordinates":[106.32,20.826]},"properties":{"name":"Tân Kỳ","level":"ward","province":"Hải Phòng"}},{"type":"Feature","geometry":{"type":"Point","coordinates":[106.434,20.796]},"properties":{"name":"Chí Minh","level":"ward","province":"Hải Phòng"}},{"type":"Feature","geometry":{"type":"Point","coordinates":[106.421,20.776]},"properties":{"name":"Lạc Phượng","level":"ward","province":"Hải Phòng"}},{"type":"Feature","geometry":{"type":"Point","coordinates":[106.474,20.755]},"properties":{"name":"Nguyên Giáp","level":"ward","province":"Hải Phòng"}},{"type":"Feature","geometry":{"type":"Point","coordinates":[106.365,20.782]},"properties":{"name":"Vĩnh Lại","level":"ward","province":"Hải Phòng"}},{"type":"Feature","geometry":{"type":"Point","coordinates":[106.311,20.78]},"properties":{"name":"Tân An","level":"ward","province":"Hải Phòng"}},{"type":"Feature","geometry":{"type":"Point","coordinates":[106.403,20.731]},"properties":{"name":"Ninh Giang","level":"ward","province":"Hải Phòng"}},{"type":"Feature","geometry":{"type":"Point","coordinates":[106.271,20.725]},"properties":{"name":"Hồng Châu","level":"ward","province":"Hải Phòng"}},{"type":"Feature","geometry":{"type":"Point","coordinates":[106.342,20.719]},"properties":{"name":"Khúc Thừa Dụ","level":"ward","province":"Hải Phòng"}},{"type":"Feature","geometry":{"type":"Point","coordinates":[106.24,20.787]},"properties":{"name":"Thanh Miện","level":"ward","province":"Hải Phòng"}},{"type":"Feature","geometry":{"type":"Point","coordinates":[106.224,20.825]},"properties":{"name":"Nguyễn Lương Bằng","level":"ward","province":"Hải Phòng"}},{"type":"Feature","geometry":{"type":"Point","coordinates":[106.194,20.81]},"properties":{"name":"Bắc Thanh Miện","level":"ward","province":"Hải Phòng"}},{"type":"Feature","geometry":{"type":"Point","coordinates":[106.16,20.801]},"properties":{"name":"Hải Hưng","level":"ward","province":"Hải Phòng"}},{"type":"Feature","geometry":{"type":"Point","coordinates":[106.231,20.726]},"properties":{"name":"Nam Thanh Miện","level":"ward","province":"Hải Phòng"}},{"type":"Feature","geometry":{"type":"Point","coordinates":[106.601,20.979]},"properties":{"name":"Việt Khê","level":"ward","province":"Hải Phòng"}},{"type":"Feature","geometry":{"type":"Point","coordinates":[106.556,20.822]},"properties":{"name":"An Lão","level":"ward","province":"Hải Phòng"}},{"type":"Feature","geometry":{"type":"Point","coordinates":[106.561,20.845]},"properties":{"name":"An Trường","level":"ward","province":"Hải Phòng"}},{"type":"Feature","geometry":{"type":"Point","coordinates":[106.529,20.804]},"properties":{"name":"An Quang","level":"ward","province":"Hải Phòng"}},{"type":"Feature","geometry":{"type":"Point","coordinates":[106.6,20.763]},"properties":{"name":"An Khánh","level":"ward","province":"Hải Phòng"}},{"type":"Feature","geometry":{"type":"Point","coordinates":[106.605,20.744]},"properties":{"name":"An Hưng","level":"ward","province":"Hải Phòng"}},{"type":"Feature","geometry":{"type":"Point","coordinates":[106.669,20.751]},"properties":{"name":"Kiến Thụy","level":"ward","province":"Hải Phòng"}},{"type":"Feature","geometry":{"type":"Point","coordinates":[106.642,20.735]},"properties":{"name":"Nghi Dương","level":"ward","province":"Hải Phòng"}},{"type":"Feature","geometry":{"type":"Point","coordinates":[106.689,20.753]},"properties":{"name":"Kiến Minh","level":"ward","province":"Hải Phòng"}},{"type":"Feature","geometry":{"type":"Point","coordinates":[106.668,20.721]},"properties":{"name":"Kiến Hưng","level":"ward","province":"Hải Phòng"}},{"type":"Feature","geometry":{"type":"Point","coordinates":[106.728,20.715]},"properties":{"name":"Kiến Hải","level":"ward","province":"Hải Phòng"}},{"type":"Feature","geometry":{"type":"Point","coordinates":[106.561,20.729]},"properties":{"name":"Tiên Lãng","level":"ward","province":"Hải Phòng"}},{"type":"Feature","geometry":{"type":"Point","coordinates":[106.519,20.771]},"properties":{"name":"Quyết Thắng","level":"ward","province":"Hải Phòng"}},{"type":"Feature","geometry":{"type":"Point","coordinates":[106.539,20.703]},"properties":{"name":"Tân Minh","level":"ward","province":"Hải Phòng"}},{"type":"Feature","geometry":{"type":"Point","coordinates":[106.587,20.707]},"properties":{"name":"Tiên Minh","level":"ward","province":"Hải Phòng"}},{"type":"Feature","geometry":{"type":"Point","coordinates":[106.636,20.664]},"properties":{"name":"Chấn Hưng","level":"ward","province":"Hải Phòng"}},{"type":"Feature","geometry":{"type":"Point","coordinates":[106.656,20.676]},"properties":{"name":"Hùng Thắng","level":"ward","province":"Hải Phòng"}},{"type":"Feature","geometry":{"type":"Point","coordinates":[106.481,20.687]},"properties":{"name":"Vĩnh Bảo","level":"ward","province":"Hải Phòng"}},{"type":"Feature","geometry":{"type":"Point","coordinates":[106.463,20.709]},"properties":{"name":"Vĩnh Thịnh","level":"ward","province":"Hải Phòng"}},{"type":"Feature","geometry":{"type":"Point","coordinates":[106.497,20.719]},"properties":{"name":"Vĩnh Thuận","level":"ward","province":"Hải Phòng"}},{"type":"Feature","geometry":{"type":"Point","coordinates":[106.424,20.694]},"properties":{"name":"Vĩnh Hòa","level":"ward","province":"Hải Phòng"}},{"type":"Feature","geometry":{"type":"Point","coordinates":[106.492,20.645]},"properties":{"name":"Vĩnh Hải","level":"ward","province":"Hải Phòng"}},{"type":"Feature","geometry":{"type":"Point","coordinates":[106.543,20.636]},"properties":{"name":"Vĩnh Am","level":"ward","province":"Hải Phòng"}},{"type":"Feature","geometry":{"type":"Point","coordinates":[106.568,20.64]},"properties":{"name":"Nguyễn Bỉnh Khiêm","level":"ward","province":"Hải Phòng"}},{"type":"Feature","geometry":{"type":"Point","coordinates":[107.046,20.732]},"properties":{"name":"Cát Hải","level":"ward","province":"Hải Phòng"}},{"type":"Feature","geometry":{"type":"Point","coordinates":[107.727,20.124]},"properties":{"name":"Bạch Long Vĩ","level":"ward","province":"Hải Phòng"}},{"type":"Feature","geometry":{"type":"Point","coordinates":[106.058,20.663]},"properties":{"name":"Phố Hiến","level":"ward","province":"Hưng Yên"}},{"type":"Feature","geometry":{"type":"Point","coordinates":[106.054,20.632]},"properties":{"name":"Hồng Châu","level":"ward","province":"Hưng Yên"}},{"type":"Feature","geometry":{"type":"Point","coordinates":[106.038,20.684]},"properties":{"name":"Sơn Nam","level":"ward","province":"Hưng Yên"}},{"type":"Feature","geometry":{"type":"Point","coordinates":[106.059,20.941]},"properties":{"name":"Mỹ Hào","level":"ward","province":"Hưng Yên"}},{"type":"Feature","geometry":{"type":"Point","coordinates":[106.127,20.936]},"properties":{"name":"Thượng Hồng","level":"ward","province":"Hưng Yên"}},{"type":"Feature","geometry":{"type":"Point","coordinates":[106.112,20.902]},"properties":{"name":"Đường Hào","level":"ward","province":"Hưng Yên"}},{"type":"Feature","geometry":{"type":"Point","coordinates":[106.323,20.449]},"properties":{"name":"Trần Hưng Đạo","level":"ward","province":"Hưng Yên"}},{"type":"Feature","geometry":{"type":"Point","coordinates":[106.354,20.44]},"properties":{"name":"Trần Lãm","level":"ward","province":"Hưng Yên"}},{"type":"Feature","geometry":{"type":"Point","coordinates":[106.306,20.415]},"properties":{"name":"Vũ Phúc","level":"ward","province":"Hưng Yên"}},{"type":"Feature","geometry":{"type":"Point","coordinates":[106.356,20.48]},"properties":{"name":"Trà Lý","level":"ward","province":"Hưng Yên"}},{"type":"Feature","geometry":{"type":"Point","coordinates":[106.594,20.403]},"properties":{"name":"Thái Bình","level":"ward","province":"Hưng Yên"}},{"type":"Feature","geometry":{"type":"Point","coordinates":[106.098,20.631]},"properties":{"name":"Tân Hưng","level":"ward","province":"Hưng Yên"}},{"type":"Feature","geometry":{"type":"Point","coordinates":[106.034,20.978]},"properties":{"name":"Lạc Đạo","level":"ward","province":"Hưng Yên"}},{"type":"Feature","geometry":{"type":"Point","coordinates":[106.066,20.991]},"properties":{"name":"Đại Đồng","level":"ward","province":"Hưng Yên"}},{"type":"Feature","geometry":{"type":"Point","coordinates":[105.98,20.983]},"properties":{"name":"Như Quỳnh","level":"ward","province":"Hưng Yên"}},{"type":"Feature","geometry":{"type":"Point","coordinates":[105.933,20.929]},"properties":{"name":"Văn Giang","level":"ward","province":"Hưng Yên"}},{"type":"Feature","geometry":{"type":"Point","coordinates":[105.917,20.961]},"properties":{"name":"Phụng Công","level":"ward","province":"Hưng Yên"}},{"type":"Feature","geometry":{"type":"Point","coordinates":[105.98,20.94]},"properties":{"name":"Nghĩa Trụ","level":"ward","province":"Hưng Yên"}},{"type":"Feature","geometry":{"type":"Point","coordinates":[105.919,20.893]},"properties":{"name":"Mễ Sở","level":"ward","province":"Hưng Yên"}},{"type":"Feature","geometry":{"type":"Point","coordinates":[106.054,20.915]},"properties":{"name":"Nguyễn Văn Linh","level":"ward","province":"Hưng Yên"}},{"type":"Feature","geometry":{"type":"Point","coordinates":[105.984,20.903]},"properties":{"name":"Hoàn Long","level":"ward","province":"Hưng Yên"}},{"type":"Feature","geometry":{"type":"Point","coordinates":[106.058,20.878]},"properties":{"name":"Yên Mỹ","level":"ward","province":"Hưng Yên"}},{"type":"Feature","geometry":{"type":"Point","coordinates":[105.99,20.88]},"properties":{"name":"Việt Yên","level":"ward","province":"Hưng Yên"}},{"type":"Feature","geometry":{"type":"Point","coordinates":[106.096,20.813]},"properties":{"name":"Ân Thi","level":"ward","province":"Hưng Yên"}},{"type":"Feature","geometry":{"type":"Point","coordinates":[106.11,20.869]},"properties":{"name":"Phạm Ngũ Lão","level":"ward","province":"Hưng Yên"}},{"type":"Feature","geometry":{"type":"Point","coordinates":[106.059,20.826]},"properties":{"name":"Xuân Trúc","level":"ward","province":"Hưng Yên"}},{"type":"Feature","geometry":{"type":"Point","coordinates":[106.108,20.798]},"properties":{"name":"Nguyễn Trãi","level":"ward","province":"Hưng Yên"}},{"type":"Feature","geometry":{"type":"Point","coordinates":[106.119,20.753]},"properties":{"name":"Hồng Quang","level":"ward","province":"Hưng Yên"}},{"type":"Feature","geometry":{"type":"Point","coordinates":[105.978,20.84]},"properties":{"name":"Khoái Châu","level":"ward","province":"Hưng Yên"}},{"type":"Feature","geometry":{"type":"Point","coordinates":[105.973,20.858]},"properties":{"name":"Triệu Việt Vương","level":"ward","province":"Hưng Yên"}},{"type":"Feature","geometry":{"type":"Point","coordinates":[106.019,20.824]},"properties":{"name":"Việt Tiến","level":"ward","province":"Hưng Yên"}},{"type":"Feature","geometry":{"type":"Point","coordinates":[105.928,20.807]},"properties":{"name":"Châu Ninh","level":"ward","province":"Hưng Yên"}},{"type":"Feature","geometry":{"type":"Point","coordinates":[105.988,20.778]},"properties":{"name":"Chí Minh","level":"ward","province":"Hưng Yên"}},{"type":"Feature","geometry":{"type":"Point","coordinates":[106.081,20.748]},"properties":{"name":"Lương Bằng","level":"ward","province":"Hưng Yên"}},{"type":"Feature","geometry":{"type":"Point","coordinates":[106.034,20.778]},"properties":{"name":"Nghĩa Dân","level":"ward","province":"Hưng Yên"}},{"type":"Feature","geometry":{"type":"Point","coordinates":[105.986,20.729]},"properties":{"name":"Đức Hợp","level":"ward","province":"Hưng Yên"}},{"type":"Feature","geometry":{"type":"Point","coordinates":[106.04,20.726]},"properties":{"name":"Hiệp Cường","level":"ward","province":"Hưng Yên"}},{"type":"Feature","geometry":{"type":"Point","coordinates":[106.109,20.698]},"properties":{"name":"Hoàng Hoa Thám","level":"ward","province":"Hưng Yên"}},{"type":"Feature","geometry":{"type":"Point","coordinates":[106.169,20.681]},"properties":{"name":"Tiên Hoa","level":"ward","province":"Hưng Yên"}},{"type":"Feature","geometry":{"type":"Point","coordinates":[106.142,20.682]},"properties":{"name":"Tiên Lữ","level":"ward","province":"Hưng Yên"}},{"type":"Feature","geometry":{"type":"Point","coordinates":[106.183,20.741]},"properties":{"name":"Quang Hưng","level":"ward","province":"Hưng Yên"}},{"type":"Feature","geometry":{"type":"Point","coordinates":[106.141,20.73]},"properties":{"name":"Đoàn Đào","level":"ward","province":"Hưng Yên"}},{"type":"Feature","geometry":{"type":"Point","coordinates":[106.197,20.697]},"properties":{"name":"Tiên Tiến","level":"ward","province":"Hưng Yên"}},{"type":"Feature","geometry":{"type":"Point","coordinates":[106.229,20.673]},"properties":{"name":"Tống Trân","level":"ward","province":"Hưng Yên"}},{"type":"Feature","geometry":{"type":"Point","coordinates":[106.363,20.648]},"properties":{"name":"Quỳnh Phụ","level":"ward","province":"Hưng Yên"}},{"type":"Feature","geometry":{"type":"Point","coordinates":[106.391,20.697]},"properties":{"name":"A Sào","level":"ward","province":"Hưng Yên"}},{"type":"Feature","geometry":{"type":"Point","coordinates":[106.337,20.686]},"properties":{"name":"Minh Thọ","level":"ward","province":"Hưng Yên"}},{"type":"Feature","geometry":{"type":"Point","coordinates":[106.277,20.679]},"properties":{"name":"Ngọc Lâm","level":"ward","province":"Hưng Yên"}},{"type":"Feature","geometry":{"type":"Point","coordinates":[106.425,20.647]},"properties":{"name":"Phụ Dực","level":"ward","province":"Hưng Yên"}},{"type":"Feature","geometry":{"type":"Point","coordinates":[106.384,20.652]},"properties":{"name":"Đồng Bằng","level":"ward","province":"Hưng Yên"}},{"type":"Feature","geometry":{"type":"Point","coordinates":[106.302,20.647]},"properties":{"name":"Nguyễn Du","level":"ward","province":"Hưng Yên"}},{"type":"Feature","geometry":{"type":"Point","coordinates":[106.352,20.613]},"properties":{"name":"Quỳnh An","level":"ward","province":"Hưng Yên"}},{"type":"Feature","geometry":{"type":"Point","coordinates":[106.435,20.594]},"properties":{"name":"Tân Tiến","level":"ward","province":"Hưng Yên"}},{"type":"Feature","geometry":{"type":"Point","coordinates":[106.218,20.593]},"properties":{"name":"Hưng Hà","level":"ward","province":"Hưng Yên"}},{"type":"Feature","geometry":{"type":"Point","coordinates":[106.182,20.635]},"properties":{"name":"Ngự Thiên","level":"ward","province":"Hưng Yên"}},{"type":"Feature","geometry":{"type":"Point","coordinates":[106.148,20.617]},"properties":{"name":"Long Hưng","level":"ward","province":"Hưng Yên"}},{"type":"Feature","geometry":{"type":"Point","coordinates":[106.255,20.642]},"properties":{"name":"Diên Hà","level":"ward","province":"Hưng Yên"}},{"type":"Feature","geometry":{"type":"Point","coordinates":[106.288,20.596]},"properties":{"name":"Thần Khê","level":"ward","province":"Hưng Yên"}},{"type":"Feature","geometry":{"type":"Point","coordinates":[106.211,20.607]},"properties":{"name":"Tiên La","level":"ward","province":"Hưng Yên"}},{"type":"Feature","geometry":{"type":"Point","coordinates":[106.175,20.56]},"properties":{"name":"Lê Quý Đôn","level":"ward","province":"Hưng Yên"}},{"type":"Feature","geometry":{"type":"Point","coordinates":[106.214,20.536]},"properties":{"name":"Hồng Minh","level":"ward","province":"Hưng Yên"}},{"type":"Feature","geometry":{"type":"Point","coordinates":[106.34,20.549]},"properties":{"name":"Đông Hưng","level":"ward","province":"Hưng Yên"}},{"type":"Feature","geometry":{"type":"Point","coordinates":[106.408,20.578]},"properties":{"name":"Bắc Đông Hưng","level":"ward","province":"Hưng Yên"}},{"type":"Feature","geometry":{"type":"Point","coordinates":[106.318,20.581]},"properties":{"name":"Bắc Tiên Hưng","level":"ward","province":"Hưng Yên"}},{"type":"Feature","geometry":{"type":"Point","coordinates":[106.319,20.549]},"properties":{"name":"Đông Tiên Hưng","level":"ward","province":"Hưng Yên"}},{"type":"Feature","geometry":{"type":"Point","coordinates":[106.394,20.539]},"properties":{"name":"Bắc Đông Quan","level":"ward","province":"Hưng Yên"}},{"type":"Feature","geometry":{"type":"Point","coordinates":[106.264,20.54]},"properties":{"name":"Tiên Hưng","level":"ward","province":"Hưng Yên"}},{"type":"Feature","geometry":{"type":"Point","coordinates":[106.303,20.517]},"properties":{"name":"Nam Tiên Hưng","level":"ward","province":"Hưng Yên"}},{"type":"Feature","geometry":{"type":"Point","coordinates":[106.37,20.51]},"properties":{"name":"Nam Đông Hưng","level":"ward","province":"Hưng Yên"}},{"type":"Feature","geometry":{"type":"Point","coordinates":[106.417,20.512]},"properties":{"name":"Đông Quan","level":"ward","province":"Hưng Yên"}},{"type":"Feature","geometry":{"type":"Point","coordinates":[106.511,20.541]},"properties":{"name":"Thái Thụy","level":"ward","province":"Hưng Yên"}},{"type":"Feature","geometry":{"type":"Point","coordinates":[106.469,20.587]},"properties":{"name":"Tây Thụy Anh","level":"ward","province":"Hưng Yên"}},{"type":"Feature","geometry":{"type":"Point","coordinates":[106.544,20.597]},"properties":{"name":"Bắc Thụy Anh","level":"ward","province":"Hưng Yên"}},{"type":"Feature","geometry":{"type":"Point","coordinates":[106.609,20.596]},"properties":{"name":"Đông Thụy Anh","level":"ward","province":"Hưng Yên"}},{"type":"Feature","geometry":{"type":"Point","coordinates":[106.503,20.571]},"properties":{"name":"Thụy Anh","level":"ward","province":"Hưng Yên"}},{"type":"Feature","geometry":{"type":"Point","coordinates":[106.469,20.55]},"properties":{"name":"Nam Thụy Anh","level":"ward","province":"Hưng Yên"}},{"type":"Feature","geometry":{"type":"Point","coordinates":[106.496,20.52]},"properties":{"name":"Bắc Thái Ninh","level":"ward","province":"Hưng Yên"}},{"type":"Feature","geometry":{"type":"Point","coordinates":[106.453,20.509]},"properties":{"name":"Tây Thái Ninh","level":"ward","province":"Hưng Yên"}},{"type":"Feature","geometry":{"type":"Point","coordinates":[106.569,20.537]},"properties":{"name":"Thái Ninh","level":"ward","province":"Hưng Yên"}},{"type":"Feature","geometry":{"type":"Point","coordinates":[106.567,20.489]},"properties":{"name":"Đông Thái Ninh","level":"ward","province":"Hưng Yên"}},{"type":"Feature","geometry":{"type":"Point","coordinates":[106.516,20.477]},"properties":{"name":"Nam Thái Ninh","level":"ward","province":"Hưng Yên"}},{"type":"Feature","geometry":{"type":"Point","coordinates":[106.522,20.377]},"properties":{"name":"Tiền Hải","level":"ward","province":"Hưng Yên"}},{"type":"Feature","geometry":{"type":"Point","coordinates":[106.571,20.445]},"properties":{"name":"Đông Tiền Hải","level":"ward","province":"Hưng Yên"}},{"type":"Feature","geometry":{"type":"Point","coordinates":[106.578,20.393]},"properties":{"name":"Đồng Châu","level":"ward","province":"Hưng Yên"}},{"type":"Feature","geometry":{"type":"Point","coordinates":[106.528,20.375]},"properties":{"name":"Ái Quốc","level":"ward","province":"Hưng Yên"}},{"type":"Feature","geometry":{"type":"Point","coordinates":[106.483,20.358]},"properties":{"name":"Tây Tiền Hải","level":"ward","province":"Hưng Yên"}},{"type":"Feature","geometry":{"type":"Point","coordinates":[106.555,20.36]},"properties":{"name":"Nam Cường","level":"ward","province":"Hưng Yên"}},{"type":"Feature","geometry":{"type":"Point","coordinates":[106.51,20.329]},"properties":{"name":"Nam Tiền Hải","level":"ward","province":"Hưng Yên"}},{"type":"Feature","geometry":{"type":"Point","coordinates":[106.568,20.299]},"properties":{"name":"Hưng Phú","level":"ward","province":"Hưng Yên"}},{"type":"Feature","geometry":{"type":"Point","coordinates":[106.421,20.397]},"properties":{"name":"Kiến Xương","level":"ward","province":"Hưng Yên"}},{"type":"Feature","geometry":{"type":"Point","coordinates":[106.449,20.474]},"properties":{"name":"Trà Giang","level":"ward","province":"Hưng Yên"}},{"type":"Feature","geometry":{"type":"Point","coordinates":[106.423,20.458]},"properties":{"name":"Bình Nguyên","level":"ward","province":"Hưng Yên"}},{"type":"Feature","geometry":{"type":"Point","coordinates":[106.457,20.431]},"properties":{"name":"Lê Lợi","level":"ward","province":"Hưng Yên"}},{"type":"Feature","geometry":{"type":"Point","coordinates":[106.415,20.422]},"properties":{"name":"Quang Lịch","level":"ward","province":"Hưng Yên"}},{"type":"Feature","geometry":{"type":"Point","coordinates":[106.382,20.402]},"properties":{"name":"Vũ Quý","level":"ward","province":"Hưng Yên"}},{"type":"Feature","geometry":{"type":"Point","coordinates":[106.384,20.365]},"properties":{"name":"Hồng Vũ","level":"ward","province":"Hưng Yên"}},{"type":"Feature","geometry":{"type":"Point","coordinates":[106.436,20.321]},"properties":{"name":"Bình Thanh","level":"ward","province":"Hưng Yên"}},{"type":"Feature","geometry":{"type":"Point","coordinates":[106.459,20.319]},"properties":{"name":"Bình Định","level":"ward","province":"Hưng Yên"}},{"type":"Feature","geometry":{"type":"Point","coordinates":[106.263,20.426]},"properties":{"name":"Vũ Thư","level":"ward","province":"Hưng Yên"}},{"type":"Feature","geometry":{"type":"Point","coordinates":[106.213,20.487]},"properties":{"name":"Vạn Xuân","level":"ward","province":"Hưng Yên"}},{"type":"Feature","geometry":{"type":"Point","coordinates":[106.265,20.489]},"properties":{"name":"Thư Trì","level":"ward","province":"Hưng Yên"}},{"type":"Feature","geometry":{"type":"Point","coordinates":[106.244,20.424]},"properties":{"name":"Tân Thuận","level":"ward","province":"Hưng Yên"}},{"type":"Feature","geometry":{"type":"Point","coordinates":[106.35,20.386]},"properties":{"name":"Thư Vũ","level":"ward","province":"Hưng Yên"}},{"type":"Feature","geometry":{"type":"Point","coordinates":[106.292,20.358]},"properties":{"name":"Vũ Tiên","level":"ward","province":"Hưng Yên"}},{"type":"Feature","geometry":{"type":"Point","coordinates":[105.934,20.545]},"properties":{"name":"Phủ Lý","level":"ward","province":"Ninh Bình"}},{"type":"Feature","geometry":{"type":"Point","coordinates":[105.902,20.555]},"properties":{"name":"Phù Vân","level":"ward","province":"Ninh Bình"}},{"type":"Feature","geometry":{"type":"Point","coordinates":[105.891,20.508]},"properties":{"name":"Châu Sơn","level":"ward","province":"Ninh Bình"}},{"type":"Feature","geometry":{"type":"Point","coordinates":[105.971,20.631]},"properties":{"name":"Duy Tiên","level":"ward","province":"Ninh Bình"}},{"type":"Feature","geometry":{"type":"Point","coordinates":[106.003,20.666]},"properties":{"name":"Duy Tân","level":"ward","province":"Ninh Bình"}},{"type":"Feature","geometry":{"type":"Point","coordinates":[105.91,20.641]},"properties":{"name":"Duy Hà","level":"ward","province":"Ninh Bình"}},{"type":"Feature","geometry":{"type":"Point","coordinates":[105.919,20.639]},"properties":{"name":"Đồng Văn","level":"ward","province":"Ninh Bình"}},{"type":"Feature","geometry":{"type":"Point","coordinates":[105.973,20.586]},"properties":{"name":"Tiên Sơn","level":"ward","province":"Ninh Bình"}},{"type":"Feature","geometry":{"type":"Point","coordinates":[105.981,20.534]},"properties":{"name":"Hà Nam","level":"ward","province":"Ninh Bình"}},{"type":"Feature","geometry":{"type":"Point","coordinates":[105.844,20.571]},"properties":{"name":"Kim Bảng","level":"ward","province":"Ninh Bình"}},{"type":"Feature","geometry":{"type":"Point","coordinates":[105.87,20.606]},"properties":{"name":"Lê Hồ","level":"ward","province":"Ninh Bình"}},{"type":"Feature","geometry":{"type":"Point","coordinates":[105.833,20.624]},"properties":{"name":"Nguyễn Úy","level":"ward","province":"Ninh Bình"}},{"type":"Feature","geometry":{"type":"Point","coordinates":[105.898,20.613]},"properties":{"name":"Kim Thanh","level":"ward","province":"Ninh Bình"}},{"type":"Feature","geometry":{"type":"Point","coordinates":[105.815,20.55]},"properties":{"name":"Tam Chúc","level":"ward","province":"Ninh Bình"}},{"type":"Feature","geometry":{"type":"Point","coordinates":[105.87,20.523]},"properties":{"name":"Lý Thường Kiệt","level":"ward","province":"Ninh Bình"}},{"type":"Feature","geometry":{"type":"Point","coordinates":[105.97,20.538]},"properties":{"name":"Liêm Tuyền","level":"ward","province":"Ninh Bình"}},{"type":"Feature","geometry":{"type":"Point","coordinates":[106.486,19.995]},"properties":{"name":"Nam Định","level":"ward","province":"Ninh Bình"}},{"type":"Feature","geometry":{"type":"Point","coordinates":[106.205,20.452]},"properties":{"name":"Thiên Trường","level":"ward","province":"Ninh Bình"}},{"type":"Feature","geometry":{"type":"Point","coordinates":[106.14,20.461]},"properties":{"name":"Đông A","level":"ward","province":"Ninh Bình"}},{"type":"Feature","geometry":{"type":"Point","coordinates":[105.97,20.246]},"properties":{"name":"Thành Nam","level":"ward","province":"Ninh Bình"}},{"type":"Feature","geometry":{"type":"Point","coordinates":[106.093,20.442]},"properties":{"name":"Mỹ Lộc","level":"ward","province":"Ninh Bình"}},{"type":"Feature","geometry":{"type":"Point","coordinates":[106.137,20.366]},"properties":{"name":"Trường Thi","level":"ward","province":"Ninh Bình"}},{"type":"Feature","geometry":{"type":"Point","coordinates":[106.202,20.401]},"properties":{"name":"Vị Khê","level":"ward","province":"Ninh Bình"}},{"type":"Feature","geometry":{"type":"Point","coordinates":[106.197,20.372]},"properties":{"name":"Hồng Quang","level":"ward","province":"Ninh Bình"}},{"type":"Feature","geometry":{"type":"Point","coordinates":[108.773,11.783]},"properties":{"name":"Hoa Lư","level":"ward","province":"Ninh Bình"}},{"type":"Feature","geometry":{"type":"Point","coordinates":[105.936,20.214]},"properties":{"name":"Nam Hoa Lư","level":"ward","province":"Ninh Bình"}},{"type":"Feature","geometry":{"type":"Point","coordinates":[105.876,20.161]},"properties":{"name":"Tam Điệp","level":"ward","province":"Ninh Bình"}},{"type":"Feature","geometry":{"type":"Point","coordinates":[105.923,20.143]},"properties":{"name":"Trung Sơn","level":"ward","province":"Ninh Bình"}},{"type":"Feature","geometry":{"type":"Point","coordinates":[105.879,20.19]},"properties":{"name":"Yên Sơn","level":"ward","province":"Ninh Bình"}},{"type":"Feature","geometry":{"type":"Point","coordinates":[105.866,20.277]},"properties":{"name":"Tây Hoa Lư","level":"ward","province":"Ninh Bình"}},{"type":"Feature","geometry":{"type":"Point","coordinates":[106.017,20.224]},"properties":{"name":"Đông Hoa Lư","level":"ward","province":"Ninh Bình"}},{"type":"Feature","geometry":{"type":"Point","coordinates":[105.963,20.165]},"properties":{"name":"Yên Thắng","level":"ward","province":"Ninh Bình"}},{"type":"Feature","geometry":{"type":"Point","coordinates":[105.965,20.505]},"properties":{"name":"Liêm Hà","level":"ward","province":"Ninh Bình"}},{"type":"Feature","geometry":{"type":"Point","coordinates":[105.963,20.262]},"properties":{"name":"Tân Thanh","level":"ward","province":"Ninh Bình"}},{"type":"Feature","geometry":{"type":"Point","coordinates":[105.971,20.257]},"properties":{"name":"Thanh Bình","level":"ward","province":"Ninh Bình"}},{"type":"Feature","geometry":{"type":"Point","coordinates":[105.904,20.42]},"properties":{"name":"Thanh Lâm","level":"ward","province":"Ninh Bình"}},{"type":"Feature","geometry":{"type":"Point","coordinates":[105.921,20.445]},"properties":{"name":"Thanh Liêm","level":"ward","province":"Ninh Bình"}},{"type":"Feature","geometry":{"type":"Point","coordinates":[106.008,20.491]},"properties":{"name":"Bình Mỹ","level":"ward","province":"Ninh Bình"}},{"type":"Feature","geometry":{"type":"Point","coordinates":[106.041,20.489]},"properties":{"name":"Bình Lục","level":"ward","province":"Ninh Bình"}},{"type":"Feature","geometry":{"type":"Point","coordinates":[106.095,20.495]},"properties":{"name":"Bình Giang","level":"ward","province":"Ninh Bình"}},{"type":"Feature","geometry":{"type":"Point","coordinates":[106.064,20.49]},"properties":{"name":"Bình An","level":"ward","province":"Ninh Bình"}},{"type":"Feature","geometry":{"type":"Point","coordinates":[106.008,20.441]},"properties":{"name":"Bình Sơn","level":"ward","province":"Ninh Bình"}},{"type":"Feature","geometry":{"type":"Point","coordinates":[106.1,20.547]},"properties":{"name":"Lý Nhân","level":"ward","province":"Ninh Bình"}},{"type":"Feature","geometry":{"type":"Point","coordinates":[106.09,20.588]},"properties":{"name":"Bắc Lý","level":"ward","province":"Ninh Bình"}},{"type":"Feature","geometry":{"type":"Point","coordinates":[106.049,20.601]},"properties":{"name":"Nam Xang","level":"ward","province":"Ninh Bình"}},{"type":"Feature","geometry":{"type":"Point","coordinates":[106.1,20.547]},"properties":{"name":"Trần Thương","level":"ward","province":"Ninh Bình"}},{"type":"Feature","geometry":{"type":"Point","coordinates":[106.038,20.553]},"properties":{"name":"Vĩnh Trụ","level":"ward","province":"Ninh Bình"}},{"type":"Feature","geometry":{"type":"Point","coordinates":[106.147,20.548]},"properties":{"name":"Nhân Hà","level":"ward","province":"Ninh Bình"}},{"type":"Feature","geometry":{"type":"Point","coordinates":[106.161,20.509]},"properties":{"name":"Nam Lý","level":"ward","province":"Ninh Bình"}},{"type":"Feature","geometry":{"type":"Point","coordinates":[106.1,20.383]},"properties":{"name":"Vụ Bản","level":"ward","province":"Ninh Bình"}},{"type":"Feature","geometry":{"type":"Point","coordinates":[106.04,20.409]},"properties":{"name":"Minh Tân","level":"ward","province":"Ninh Bình"}},{"type":"Feature","geometry":{"type":"Point","coordinates":[106.084,20.407]},"properties":{"name":"Hiển Khánh","level":"ward","province":"Ninh Bình"}},{"type":"Feature","geometry":{"type":"Point","coordinates":[106.137,20.319]},"properties":{"name":"Liên Minh","level":"ward","province":"Ninh Bình"}},{"type":"Feature","geometry":{"type":"Point","coordinates":[105.997,20.329]},"properties":{"name":"Ý Yên","level":"ward","province":"Ninh Bình"}},{"type":"Feature","geometry":{"type":"Point","coordinates":[106.015,20.385]},"properties":{"name":"Tân Minh","level":"ward","province":"Ninh Bình"}},{"type":"Feature","geometry":{"type":"Point","coordinates":[105.955,20.36]},"properties":{"name":"Phong Doanh","level":"ward","province":"Ninh Bình"}},{"type":"Feature","geometry":{"type":"Point","coordinates":[106.032,20.335]},"properties":{"name":"Vũ Dương","level":"ward","province":"Ninh Bình"}},{"type":"Feature","geometry":{"type":"Point","coordinates":[106.058,20.297]},"properties":{"name":"Vạn Thắng","level":"ward","province":"Ninh Bình"}},{"type":"Feature","geometry":{"type":"Point","coordinates":[106.108,20.277]},"properties":{"name":"Yên Cường","level":"ward","province":"Ninh Bình"}},{"type":"Feature","geometry":{"type":"Point","coordinates":[106.065,20.256]},"properties":{"name":"Yên Đồng","level":"ward","province":"Ninh Bình"}},{"type":"Feature","geometry":{"type":"Point","coordinates":[106.178,20.221]},"properties":{"name":"Nghĩa Hưng","level":"ward","province":"Ninh Bình"}},{"type":"Feature","geometry":{"type":"Point","coordinates":[106.136,19.975]},"properties":{"name":"Rạng Đông","level":"ward","province":"Ninh Bình"}},{"type":"Feature","geometry":{"type":"Point","coordinates":[106.142,20.268]},"properties":{"name":"Đồng Thịnh","level":"ward","province":"Ninh Bình"}},{"type":"Feature","geometry":{"type":"Point","coordinates":[106.173,20.189]},"properties":{"name":"Nghĩa Sơn","level":"ward","province":"Ninh Bình"}},{"type":"Feature","geometry":{"type":"Point","coordinates":[106.176,20.085]},"properties":{"name":"Hồng Phong","level":"ward","province":"Ninh Bình"}},{"type":"Feature","geometry":{"type":"Point","coordinates":[106.151,20.056]},"properties":{"name":"Quỹ Nhất","level":"ward","province":"Ninh Bình"}},{"type":"Feature","geometry":{"type":"Point","coordinates":[106.126,20.012]},"properties":{"name":"Nghĩa Lâm","level":"ward","province":"Ninh Bình"}},{"type":"Feature","geometry":{"type":"Point","coordinates":[106.213,20.334]},"properties":{"name":"Nam Trực","level":"ward","province":"Ninh Bình"}},{"type":"Feature","geometry":{"type":"Point","coordinates":[106.244,20.345]},"properties":{"name":"Nam Hồng","level":"ward","province":"Ninh Bình"}},{"type":"Feature","geometry":{"type":"Point","coordinates":[106.244,20.3]},"properties":{"name":"Nam Ninh","level":"ward","province":"Ninh Bình"}},{"type":"Feature","geometry":{"type":"Point","coordinates":[106.205,20.297]},"properties":{"name":"Nam Minh","level":"ward","province":"Ninh Bình"}},{"type":"Feature","geometry":{"type":"Point","coordinates":[106.168,20.295]},"properties":{"name":"Nam Đồng","level":"ward","province":"Ninh Bình"}},{"type":"Feature","geometry":{"type":"Point","coordinates":[106.271,20.314]},"properties":{"name":"Cổ Lễ","level":"ward","province":"Ninh Bình"}},{"type":"Feature","geometry":{"type":"Point","coordinates":[106.304,20.309]},"properties":{"name":"Ninh Giang","level":"ward","province":"Ninh Bình"}},{"type":"Feature","geometry":{"type":"Point","coordinates":[106.215,20.244]},"properties":{"name":"Trực Ninh","level":"ward","province":"Ninh Bình"}},{"type":"Feature","geometry":{"type":"Point","coordinates":[106.278,20.258]},"properties":{"name":"Cát Thành","level":"ward","province":"Ninh Bình"}},{"type":"Feature","geometry":{"type":"Point","coordinates":[106.198,20.235]},"properties":{"name":"Quang Hưng","level":"ward","province":"Ninh Bình"}},{"type":"Feature","geometry":{"type":"Point","coordinates":[106.232,20.198]},"properties":{"name":"Minh Thái","level":"ward","province":"Ninh Bình"}},{"type":"Feature","geometry":{"type":"Point","coordinates":[106.206,20.199]},"properties":{"name":"Ninh Cường","level":"ward","province":"Ninh Bình"}},{"type":"Feature","geometry":{"type":"Point","coordinates":[106.334,20.292]},"properties":{"name":"Xuân Trường","level":"ward","province":"Ninh Bình"}},{"type":"Feature","geometry":{"type":"Point","coordinates":[106.328,20.326]},"properties":{"name":"Xuân Hồng","level":"ward","province":"Ninh Bình"}},{"type":"Feature","geometry":{"type":"Point","coordinates":[106.362,20.326]},"properties":{"name":"Xuân Giang","level":"ward","province":"Ninh Bình"}},{"type":"Feature","geometry":{"type":"Point","coordinates":[106.366,20.292]},"properties":{"name":"Xuân Hưng","level":"ward","province":"Ninh Bình"}},{"type":"Feature","geometry":{"type":"Point","coordinates":[106.539,20.282]},"properties":{"name":"Giao Minh","level":"ward","province":"Ninh Bình"}},{"type":"Feature","geometry":{"type":"Point","coordinates":[106.442,20.285]},"properties":{"name":"Giao Thủy","level":"ward","province":"Ninh Bình"}},{"type":"Feature","geometry":{"type":"Point","coordinates":[106.446,20.226]},"properties":{"name":"Giao Hưng","level":"ward","province":"Ninh Bình"}},{"type":"Feature","geometry":{"type":"Point","coordinates":[106.496,20.251]},"properties":{"name":"Giao Hòa","level":"ward","province":"Ninh Bình"}},{"type":"Feature","geometry":{"type":"Point","coordinates":[106.397,20.242]},"properties":{"name":"Giao Bình","level":"ward","province":"Ninh Bình"}},{"type":"Feature","geometry":{"type":"Point","coordinates":[106.466,20.231]},"properties":{"name":"Giao Phúc","level":"ward","province":"Ninh Bình"}},{"type":"Feature","geometry":{"type":"Point","coordinates":[106.378,20.213]},"properties":{"name":"Giao Ninh","level":"ward","province":"Ninh Bình"}},{"type":"Feature","geometry":{"type":"Point","coordinates":[106.282,20.204]},"properties":{"name":"Hải Hậu","level":"ward","province":"Ninh Bình"}},{"type":"Feature","geometry":{"type":"Point","coordinates":[106.294,20.118]},"properties":{"name":"Hải Tiến","level":"ward","province":"Ninh Bình"}},{"type":"Feature","geometry":{"type":"Point","coordinates":[106.223,20.037]},"properties":{"name":"Hải Thịnh","level":"ward","province":"Ninh Bình"}},{"type":"Feature","geometry":{"type":"Point","coordinates":[106.259,20.193]},"properties":{"name":"Hải Anh","level":"ward","province":"Ninh Bình"}},{"type":"Feature","geometry":{"type":"Point","coordinates":[106.309,20.195]},"properties":{"name":"Hải Hưng","level":"ward","province":"Ninh Bình"}},{"type":"Feature","geometry":{"type":"Point","coordinates":[106.192,20.143]},"properties":{"name":"Hải An","level":"ward","province":"Ninh Bình"}},{"type":"Feature","geometry":{"type":"Point","coordinates":[106.301,20.17]},"properties":{"name":"Hải Quang","level":"ward","province":"Ninh Bình"}},{"type":"Feature","geometry":{"type":"Point","coordinates":[106.267,20.086]},"properties":{"name":"Hải Xuân","level":"ward","province":"Ninh Bình"}},{"type":"Feature","geometry":{"type":"Point","coordinates":[105.786,20.409]},"properties":{"name":"Gia Lâm","level":"ward","province":"Ninh Bình"}},{"type":"Feature","geometry":{"type":"Point","coordinates":[105.787,20.352]},"properties":{"name":"Gia Tường","level":"ward","province":"Ninh Bình"}},{"type":"Feature","geometry":{"type":"Point","coordinates":[105.722,20.24]},"properties":{"name":"Cúc Phương","level":"ward","province":"Ninh Bình"}},{"type":"Feature","geometry":{"type":"Point","coordinates":[105.735,20.363]},"properties":{"name":"Phú Sơn","level":"ward","province":"Ninh Bình"}},{"type":"Feature","geometry":{"type":"Point","coordinates":[105.749,20.312]},"properties":{"name":"Nho Quan","level":"ward","province":"Ninh Bình"}},{"type":"Feature","geometry":{"type":"Point","coordinates":[105.785,20.28]},"properties":{"name":"Thanh Sơn","level":"ward","province":"Ninh Bình"}},{"type":"Feature","geometry":{"type":"Point","coordinates":[105.811,20.237]},"properties":{"name":"Quỳnh Lưu","level":"ward","province":"Ninh Bình"}},{"type":"Feature","geometry":{"type":"Point","coordinates":[105.79,20.2]},"properties":{"name":"Phú Long","level":"ward","province":"Ninh Bình"}},{"type":"Feature","geometry":{"type":"Point","coordinates":[105.873,20.33]},"properties":{"name":"Gia Viễn","level":"ward","province":"Ninh Bình"}},{"type":"Feature","geometry":{"type":"Point","coordinates":[105.827,20.376]},"properties":{"name":"Gia Hưng","level":"ward","province":"Ninh Bình"}},{"type":"Feature","geometry":{"type":"Point","coordinates":[105.879,20.347]},"properties":{"name":"Gia Vân","level":"ward","province":"Ninh Bình"}},{"type":"Feature","geometry":{"type":"Point","coordinates":[105.919,20.357]},"properties":{"name":"Gia Trấn","level":"ward","province":"Ninh Bình"}},{"type":"Feature","geometry":{"type":"Point","coordinates":[105.877,20.314]},"properties":{"name":"Đại Hoàng","level":"ward","province":"Ninh Bình"}},{"type":"Feature","geometry":{"type":"Point","coordinates":[105.824,20.3]},"properties":{"name":"Gia Phong","level":"ward","province":"Ninh Bình"}},{"type":"Feature","geometry":{"type":"Point","coordinates":[106.095,20.19]},"properties":{"name":"Yên Khánh","level":"ward","province":"Ninh Bình"}},{"type":"Feature","geometry":{"type":"Point","coordinates":[106.106,20.212]},"properties":{"name":"Khánh Thiện","level":"ward","province":"Ninh Bình"}},{"type":"Feature","geometry":{"type":"Point","coordinates":[106.148,20.161]},"properties":{"name":"Khánh Trung","level":"ward","province":"Ninh Bình"}},{"type":"Feature","geometry":{"type":"Point","coordinates":[106.079,20.165]},"properties":{"name":"Khánh Nhạc","level":"ward","province":"Ninh Bình"}},{"type":"Feature","geometry":{"type":"Point","coordinates":[106.105,20.19]},"properties":{"name":"Khánh Hội","level":"ward","province":"Ninh Bình"}},{"type":"Feature","geometry":{"type":"Point","coordinates":[106.081,20.09]},"properties":{"name":"Phát Diệm","level":"ward","province":"Ninh Bình"}},{"type":"Feature","geometry":{"type":"Point","coordinates":[106.063,19.991]},"properties":{"name":"Bình Minh","level":"ward","province":"Ninh Bình"}},{"type":"Feature","geometry":{"type":"Point","coordinates":[106.088,20.024]},"properties":{"name":"Kim Sơn","level":"ward","province":"Ninh Bình"}},{"type":"Feature","geometry":{"type":"Point","coordinates":[106.104,20.102]},"properties":{"name":"Quang Thiện","level":"ward","province":"Ninh Bình"}},{"type":"Feature","geometry":{"type":"Point","coordinates":[106.132,20.132]},"properties":{"name":"Chất Bình","level":"ward","province":"Ninh Bình"}},{"type":"Feature","geometry":{"type":"Point","coordinates":[106.05,20.076]},"properties":{"name":"Lai Thành","level":"ward","province":"Ninh Bình"}},{"type":"Feature","geometry":{"type":"Point","coordinates":[106.083,20.054]},"properties":{"name":"Định Hóa","level":"ward","province":"Ninh Bình"}},{"type":"Feature","geometry":{"type":"Point","coordinates":[106.077,19.942]},"properties":{"name":"Kim Đông","level":"ward","province":"Ninh Bình"}},{"type":"Feature","geometry":{"type":"Point","coordinates":[106.012,20.128]},"properties":{"name":"Yên Mô","level":"ward","province":"Ninh Bình"}},{"type":"Feature","geometry":{"type":"Point","coordinates":[106.046,20.13]},"properties":{"name":"Yên Từ","level":"ward","province":"Ninh Bình"}},{"type":"Feature","geometry":{"type":"Point","coordinates":[106.016,20.104]},"properties":{"name":"Yên Mạc","level":"ward","province":"Ninh Bình"}},{"type":"Feature","geometry":{"type":"Point","coordinates":[105.981,20.097]},"properties":{"name":"Đồng Thái","level":"ward","province":"Ninh Bình"}},{"type":"Feature","geometry":{"type":"Point","coordinates":[105.786,19.839]},"properties":{"name":"Hàm Rồng","level":"ward","province":"Thanh Hóa"}},{"type":"Feature","geometry":{"type":"Point","coordinates":[105.786,19.8]},"properties":{"name":"Hạc Thành","level":"ward","province":"Thanh Hóa"}},{"type":"Feature","geometry":{"type":"Point","coordinates":[105.881,20.088]},"properties":{"name":"Bỉm Sơn","level":"ward","province":"Thanh Hóa"}},{"type":"Feature","geometry":{"type":"Point","coordinates":[105.853,20.08]},"properties":{"name":"Quang Trung","level":"ward","province":"Thanh Hóa"}},{"type":"Feature","geometry":{"type":"Point","coordinates":[105.712,19.842]},"properties":{"name":"Đông Tiến","level":"ward","province":"Thanh Hóa"}},{"type":"Feature","geometry":{"type":"Point","coordinates":[105.818,19.823]},"properties":{"name":"Nguyệt Viên","level":"ward","province":"Thanh Hóa"}},{"type":"Feature","geometry":{"type":"Point","coordinates":[105.794,19.794]},"properties":{"name":"Đông Sơn","level":"ward","province":"Thanh Hóa"}},{"type":"Feature","geometry":{"type":"Point","coordinates":[105.738,19.761]},"properties":{"name":"Đông Quang","level":"ward","province":"Thanh Hóa"}},{"type":"Feature","geometry":{"type":"Point","coordinates":[105.847,19.722]},"properties":{"name":"Nam Sầm Sơn","level":"ward","province":"Thanh Hóa"}},{"type":"Feature","geometry":{"type":"Point","coordinates":[105.834,19.768]},"properties":{"name":"Quảng Phú","level":"ward","province":"Thanh Hóa"}},{"type":"Feature","geometry":{"type":"Point","coordinates":[105.899,19.737]},"properties":{"name":"Sầm Sơn","level":"ward","province":"Thanh Hóa"}},{"type":"Feature","geometry":{"type":"Point","coordinates":[105.792,19.448]},"properties":{"name":"Tĩnh Gia","level":"ward","province":"Thanh Hóa"}},{"type":"Feature","geometry":{"type":"Point","coordinates":[105.784,19.576]},"properties":{"name":"Ngọc Sơn","level":"ward","province":"Thanh Hóa"}},{"type":"Feature","geometry":{"type":"Point","coordinates":[105.795,19.527]},"properties":{"name":"Tân Dân","level":"ward","province":"Thanh Hóa"}},{"type":"Feature","geometry":{"type":"Point","coordinates":[105.796,19.504]},"properties":{"name":"Hải Lĩnh","level":"ward","province":"Thanh Hóa"}},{"type":"Feature","geometry":{"type":"Point","coordinates":[105.768,19.433]},"properties":{"name":"Đào Duy Từ","level":"ward","province":"Thanh Hóa"}},{"type":"Feature","geometry":{"type":"Point","coordinates":[105.747,19.399]},"properties":{"name":"Trúc Lâm","level":"ward","province":"Thanh Hóa"}},{"type":"Feature","geometry":{"type":"Point","coordinates":[105.78,19.401]},"properties":{"name":"Hải Bình","level":"ward","province":"Thanh Hóa"}},{"type":"Feature","geometry":{"type":"Point","coordinates":[105.733,19.453]},"properties":{"name":"Nghi Sơn","level":"ward","province":"Thanh Hóa"}},{"type":"Feature","geometry":{"type":"Point","coordinates":[104.602,20.528]},"properties":{"name":"Mường Lát","level":"ward","province":"Thanh Hóa"}},{"type":"Feature","geometry":{"type":"Point","coordinates":[104.64,20.573]},"properties":{"name":"Tam Chung","level":"ward","province":"Thanh Hóa"}},{"type":"Feature","geometry":{"type":"Point","coordinates":[104.784,20.546]},"properties":{"name":"Mường Lý","level":"ward","province":"Thanh Hóa"}},{"type":"Feature","geometry":{"type":"Point","coordinates":[104.698,20.46]},"properties":{"name":"Trung Lý","level":"ward","province":"Thanh Hóa"}},{"type":"Feature","geometry":{"type":"Point","coordinates":[104.456,20.463]},"properties":{"name":"Quang Chiểu","level":"ward","province":"Thanh Hóa"}},{"type":"Feature","geometry":{"type":"Point","coordinates":[104.567,20.475]},"properties":{"name":"Pù Nhi","level":"ward","province":"Thanh Hóa"}},{"type":"Feature","geometry":{"type":"Point","coordinates":[104.644,20.478]},"properties":{"name":"Nhi Sơn","level":"ward","province":"Thanh Hóa"}},{"type":"Feature","geometry":{"type":"Point","coordinates":[104.449,20.402]},"properties":{"name":"Mường Chanh","level":"ward","province":"Thanh Hóa"}},{"type":"Feature","geometry":{"type":"Point","coordinates":[105.105,20.381]},"properties":{"name":"Hồi Xuân","level":"ward","province":"Thanh Hóa"}},{"type":"Feature","geometry":{"type":"Point","coordinates":[104.928,20.569]},"properties":{"name":"Trung Thành","level":"ward","province":"Thanh Hóa"}},{"type":"Feature","geometry":{"type":"Point","coordinates":[104.837,20.616]},"properties":{"name":"Trung Sơn","level":"ward","province":"Thanh Hóa"}},{"type":"Feature","geometry":{"type":"Point","coordinates":[105.023,20.554]},"properties":{"name":"Phú Lệ","level":"ward","province":"Thanh Hóa"}},{"type":"Feature","geometry":{"type":"Point","coordinates":[105.025,20.462]},"properties":{"name":"Phú Xuân","level":"ward","province":"Thanh Hóa"}},{"type":"Feature","geometry":{"type":"Point","coordinates":[104.811,20.434]},"properties":{"name":"Hiền Kiệt","level":"ward","province":"Thanh Hóa"}},{"type":"Feature","geometry":{"type":"Point","coordinates":[104.985,20.405]},"properties":{"name":"Nam Xuân","level":"ward","province":"Thanh Hóa"}},{"type":"Feature","geometry":{"type":"Point","coordinates":[104.893,20.361]},"properties":{"name":"Thiên Phủ","level":"ward","province":"Thanh Hóa"}},{"type":"Feature","geometry":{"type":"Point","coordinates":[105.277,20.379]},"properties":{"name":"Bá Thước","level":"ward","province":"Thanh Hóa"}},{"type":"Feature","geometry":{"type":"Point","coordinates":[105.261,20.254]},"properties":{"name":"Điền Quang","level":"ward","province":"Thanh Hóa"}},{"type":"Feature","geometry":{"type":"Point","coordinates":[105.301,20.298]},"properties":{"name":"Điền Lư","level":"ward","province":"Thanh Hóa"}},{"type":"Feature","geometry":{"type":"Point","coordinates":[105.332,20.331]},"properties":{"name":"Quý Lương","level":"ward","province":"Thanh Hóa"}},{"type":"Feature","geometry":{"type":"Point","coordinates":[105.171,20.421]},"properties":{"name":"Pù Luông","level":"ward","province":"Thanh Hóa"}},{"type":"Feature","geometry":{"type":"Point","coordinates":[105.198,20.463]},"properties":{"name":"Cổ Lũng","level":"ward","province":"Thanh Hóa"}},{"type":"Feature","geometry":{"type":"Point","coordinates":[105.13,20.265]},"properties":{"name":"Văn Nho","level":"ward","province":"Thanh Hóa"}},{"type":"Feature","geometry":{"type":"Point","coordinates":[105.185,20.293]},"properties":{"name":"Thiết Ống","level":"ward","province":"Thanh Hóa"}},{"type":"Feature","geometry":{"type":"Point","coordinates":[105.011,20.3]},"properties":{"name":"Trung Hạ","level":"ward","province":"Thanh Hóa"}},{"type":"Feature","geometry":{"type":"Point","coordinates":[104.875,20.19]},"properties":{"name":"Tam Thanh","level":"ward","province":"Thanh Hóa"}},{"type":"Feature","geometry":{"type":"Point","coordinates":[104.746,20.314]},"properties":{"name":"Sơn Thủy","level":"ward","province":"Thanh Hóa"}},{"type":"Feature","geometry":{"type":"Point","coordinates":[104.628,20.299]},"properties":{"name":"Na Mèo","level":"ward","province":"Thanh Hóa"}},{"type":"Feature","geometry":{"type":"Point","coordinates":[104.947,20.254]},"properties":{"name":"Quan Sơn","level":"ward","province":"Thanh Hóa"}},{"type":"Feature","geometry":{"type":"Point","coordinates":[104.939,20.232]},"properties":{"name":"Tam Lư","level":"ward","province":"Thanh Hóa"}},{"type":"Feature","geometry":{"type":"Point","coordinates":[104.786,20.275]},"properties":{"name":"Sơn Điện","level":"ward","province":"Thanh Hóa"}},{"type":"Feature","geometry":{"type":"Point","coordinates":[104.753,20.278]},"properties":{"name":"Mường Mìn","level":"ward","province":"Thanh Hóa"}},{"type":"Feature","geometry":{"type":"Point","coordinates":[105.051,20.157]},"properties":{"name":"Yên Khương","level":"ward","province":"Thanh Hóa"}},{"type":"Feature","geometry":{"type":"Point","coordinates":[105.104,20.148]},"properties":{"name":"Yên Thắng","level":"ward","province":"Thanh Hóa"}},{"type":"Feature","geometry":{"type":"Point","coordinates":[105.249,20.031]},"properties":{"name":"Giao An","level":"ward","province":"Thanh Hóa"}},{"type":"Feature","geometry":{"type":"Point","coordinates":[105.099,20.224]},"properties":{"name":"Văn Phú","level":"ward","province":"Thanh Hóa"}},{"type":"Feature","geometry":{"type":"Point","coordinates":[105.206,20.129]},"properties":{"name":"Linh Sơn","level":"ward","province":"Thanh Hóa"}},{"type":"Feature","geometry":{"type":"Point","coordinates":[105.219,20.181]},"properties":{"name":"Đồng Lương","level":"ward","province":"Thanh Hóa"}},{"type":"Feature","geometry":{"type":"Point","coordinates":[105.388,20.068]},"properties":{"name":"Ngọc Lặc","level":"ward","province":"Thanh Hóa"}},{"type":"Feature","geometry":{"type":"Point","coordinates":[105.363,20.15]},"properties":{"name":"Thạch Lập","level":"ward","province":"Thanh Hóa"}},{"type":"Feature","geometry":{"type":"Point","coordinates":[105.421,20.1]},"properties":{"name":"Ngọc Liên","level":"ward","province":"Thanh Hóa"}},{"type":"Feature","geometry":{"type":"Point","coordinates":[105.346,19.997]},"properties":{"name":"Nguyệt Ấn","level":"ward","province":"Thanh Hóa"}},{"type":"Feature","geometry":{"type":"Point","coordinates":[105.398,19.967]},"properties":{"name":"Kiên Thọ","level":"ward","province":"Thanh Hóa"}},{"type":"Feature","geometry":{"type":"Point","coordinates":[105.424,20.014]},"properties":{"name":"Minh Sơn","level":"ward","province":"Thanh Hóa"}},{"type":"Feature","geometry":{"type":"Point","coordinates":[105.446,20.204]},"properties":{"name":"Cẩm Thủy","level":"ward","province":"Thanh Hóa"}},{"type":"Feature","geometry":{"type":"Point","coordinates":[105.386,20.233]},"properties":{"name":"Cẩm Thạch","level":"ward","province":"Thanh Hóa"}},{"type":"Feature","geometry":{"type":"Point","coordinates":[105.498,20.246]},"properties":{"name":"Cẩm Tú","level":"ward","province":"Thanh Hóa"}},{"type":"Feature","geometry":{"type":"Point","coordinates":[105.451,20.152]},"properties":{"name":"Cẩm Vân","level":"ward","province":"Thanh Hóa"}},{"type":"Feature","geometry":{"type":"Point","coordinates":[105.578,20.165]},"properties":{"name":"Cẩm Tân","level":"ward","province":"Thanh Hóa"}},{"type":"Feature","geometry":{"type":"Point","coordinates":[105.674,20.131]},"properties":{"name":"Kim Tân","level":"ward","province":"Thanh Hóa"}},{"type":"Feature","geometry":{"type":"Point","coordinates":[105.73,20.151]},"properties":{"name":"Vân Du","level":"ward","province":"Thanh Hóa"}},{"type":"Feature","geometry":{"type":"Point","coordinates":[105.523,20.282]},"properties":{"name":"Thạch Quảng","level":"ward","province":"Thanh Hóa"}},{"type":"Feature","geometry":{"type":"Point","coordinates":[105.628,20.164]},"properties":{"name":"Thạch Bình","level":"ward","province":"Thanh Hóa"}},{"type":"Feature","geometry":{"type":"Point","coordinates":[105.587,20.242]},"properties":{"name":"Thành Vinh","level":"ward","province":"Thanh Hóa"}},{"type":"Feature","geometry":{"type":"Point","coordinates":[105.776,19.795]},"properties":{"name":"Ngọc Trạo","level":"ward","province":"Thanh Hóa"}},{"type":"Feature","geometry":{"type":"Point","coordinates":[105.811,20.055]},"properties":{"name":"Hà Trung","level":"ward","province":"Thanh Hóa"}},{"type":"Feature","geometry":{"type":"Point","coordinates":[105.799,20.092]},"properties":{"name":"Hà Long","level":"ward","province":"Thanh Hóa"}},{"type":"Feature","geometry":{"type":"Point","coordinates":[105.846,20.044]},"properties":{"name":"Hoạt Giang","level":"ward","province":"Thanh Hóa"}},{"type":"Feature","geometry":{"type":"Point","coordinates":[105.89,20.006]},"properties":{"name":"Lĩnh Toại","level":"ward","province":"Thanh Hóa"}},{"type":"Feature","geometry":{"type":"Point","coordinates":[105.773,19.997]},"properties":{"name":"Tống Sơn","level":"ward","province":"Thanh Hóa"}},{"type":"Feature","geometry":{"type":"Point","coordinates":[105.649,20.041]},"properties":{"name":"Vĩnh Lộc","level":"ward","province":"Thanh Hóa"}},{"type":"Feature","geometry":{"type":"Point","coordinates":[105.605,20.078]},"properties":{"name":"Tây Đô","level":"ward","province":"Thanh Hóa"}},{"type":"Feature","geometry":{"type":"Point","coordinates":[105.731,20.008]},"properties":{"name":"Biện Thượng","level":"ward","province":"Thanh Hóa"}},{"type":"Feature","geometry":{"type":"Point","coordinates":[105.52,20.021]},"properties":{"name":"Yên Phú","level":"ward","province":"Thanh Hóa"}},{"type":"Feature","geometry":{"type":"Point","coordinates":[105.559,20.067]},"properties":{"name":"Quý Lộc","level":"ward","province":"Thanh Hóa"}},{"type":"Feature","geometry":{"type":"Point","coordinates":[105.594,20.019]},"properties":{"name":"Yên Trường","level":"ward","province":"Thanh Hóa"}},{"type":"Feature","geometry":{"type":"Point","coordinates":[105.599,19.984]},"properties":{"name":"Yên Ninh","level":"ward","province":"Thanh Hóa"}},{"type":"Feature","geometry":{"type":"Point","coordinates":[105.691,19.959]},"properties":{"name":"Định Hòa","level":"ward","province":"Thanh Hóa"}},{"type":"Feature","geometry":{"type":"Point","coordinates":[105.688,19.998]},"properties":{"name":"Định Tân","level":"ward","province":"Thanh Hóa"}},{"type":"Feature","geometry":{"type":"Point","coordinates":[105.597,20.008]},"properties":{"name":"Yên Định","level":"ward","province":"Thanh Hóa"}},{"type":"Feature","geometry":{"type":"Point","coordinates":[105.52,19.931]},"properties":{"name":"Thọ Xuân","level":"ward","province":"Thanh Hóa"}},{"type":"Feature","geometry":{"type":"Point","coordinates":[105.55,19.908]},"properties":{"name":"Thọ Long","level":"ward","province":"Thanh Hóa"}},{"type":"Feature","geometry":{"type":"Point","coordinates":[105.48,19.942]},"properties":{"name":"Xuân Hòa","level":"ward","province":"Thanh Hóa"}},{"type":"Feature","geometry":{"type":"Point","coordinates":[105.781,19.805]},"properties":{"name":"Lam Sơn","level":"ward","province":"Thanh Hóa"}},{"type":"Feature","geometry":{"type":"Point","coordinates":[105.463,19.904]},"properties":{"name":"Sao Vàng","level":"ward","province":"Thanh Hóa"}},{"type":"Feature","geometry":{"type":"Point","coordinates":[105.482,19.966]},"properties":{"name":"Thọ Lập","level":"ward","province":"Thanh Hóa"}},{"type":"Feature","geometry":{"type":"Point","coordinates":[105.491,19.997]},"properties":{"name":"Xuân Tín","level":"ward","province":"Thanh Hóa"}},{"type":"Feature","geometry":{"type":"Point","coordinates":[105.582,19.949]},"properties":{"name":"Xuân Lập","level":"ward","province":"Thanh Hóa"}},{"type":"Feature","geometry":{"type":"Point","coordinates":[104.988,19.995]},"properties":{"name":"Bát Mọt","level":"ward","province":"Thanh Hóa"}},{"type":"Feature","geometry":{"type":"Point","coordinates":[105.136,20.024]},"properties":{"name":"Yên Nhân","level":"ward","province":"Thanh Hóa"}},{"type":"Feature","geometry":{"type":"Point","coordinates":[105.247,19.825]},"properties":{"name":"Vạn Xuân","level":"ward","province":"Thanh Hóa"}},{"type":"Feature","geometry":{"type":"Point","coordinates":[105.278,19.96]},"properties":{"name":"Lương Sơn","level":"ward","province":"Thanh Hóa"}},{"type":"Feature","geometry":{"type":"Point","coordinates":[105.383,19.819]},"properties":{"name":"Luận Thành","level":"ward","province":"Thanh Hóa"}},{"type":"Feature","geometry":{"type":"Point","coordinates":[105.318,19.769]},"properties":{"name":"Thắng Lộc","level":"ward","province":"Thanh Hóa"}},{"type":"Feature","geometry":{"type":"Point","coordinates":[105.347,19.904]},"properties":{"name":"Thường Xuân","level":"ward","province":"Thanh Hóa"}},{"type":"Feature","geometry":{"type":"Point","coordinates":[105.207,19.794]},"properties":{"name":"Xuân Chinh","level":"ward","province":"Thanh Hóa"}},{"type":"Feature","geometry":{"type":"Point","coordinates":[105.373,19.785]},"properties":{"name":"Tân Thành","level":"ward","province":"Thanh Hóa"}},{"type":"Feature","geometry":{"type":"Point","coordinates":[105.595,19.802]},"properties":{"name":"Triệu Sơn","level":"ward","province":"Thanh Hóa"}},{"type":"Feature","geometry":{"type":"Point","coordinates":[105.485,19.854]},"properties":{"name":"Thọ Bình","level":"ward","province":"Thanh Hóa"}},{"type":"Feature","geometry":{"type":"Point","coordinates":[105.548,19.8]},"properties":{"name":"Hợp Tiến","level":"ward","province":"Thanh Hóa"}},{"type":"Feature","geometry":{"type":"Point","coordinates":[105.636,19.75]},"properties":{"name":"Tân Ninh","level":"ward","province":"Thanh Hóa"}},{"type":"Feature","geometry":{"type":"Point","coordinates":[105.679,19.767]},"properties":{"name":"Đồng Tiến","level":"ward","province":"Thanh Hóa"}},{"type":"Feature","geometry":{"type":"Point","coordinates":[105.526,19.865]},"properties":{"name":"Thọ Ngọc","level":"ward","province":"Thanh Hóa"}},{"type":"Feature","geometry":{"type":"Point","coordinates":[105.558,19.874]},"properties":{"name":"Thọ Phú","level":"ward","province":"Thanh Hóa"}},{"type":"Feature","geometry":{"type":"Point","coordinates":[105.63,19.789]},"properties":{"name":"An Nông","level":"ward","province":"Thanh Hóa"}},{"type":"Feature","geometry":{"type":"Point","coordinates":[105.68,19.886]},"properties":{"name":"Thiệu Hóa","level":"ward","province":"Thanh Hóa"}},{"type":"Feature","geometry":{"type":"Point","coordinates":[105.646,19.926]},"properties":{"name":"Thiệu Tiến","level":"ward","province":"Thanh Hóa"}},{"type":"Feature","geometry":{"type":"Point","coordinates":[105.732,19.918]},"properties":{"name":"Thiệu Quang","level":"ward","province":"Thanh Hóa"}},{"type":"Feature","geometry":{"type":"Point","coordinates":[105.61,19.897]},"properties":{"name":"Thiệu Toán","level":"ward","province":"Thanh Hóa"}},{"type":"Feature","geometry":{"type":"Point","coordinates":[105.68,19.852]},"properties":{"name":"Thiệu Trung","level":"ward","province":"Thanh Hóa"}},{"type":"Feature","geometry":{"type":"Point","coordinates":[105.858,19.866]},"properties":{"name":"Hoằng Hóa","level":"ward","province":"Thanh Hóa"}},{"type":"Feature","geometry":{"type":"Point","coordinates":[105.771,19.888]},"properties":{"name":"Hoằng Giang","level":"ward","province":"Thanh Hóa"}},{"type":"Feature","geometry":{"type":"Point","coordinates":[105.805,19.907]},"properties":{"name":"Hoằng Phú","level":"ward","province":"Thanh Hóa"}},{"type":"Feature","geometry":{"type":"Point","coordinates":[105.841,19.906]},"properties":{"name":"Hoằng Sơn","level":"ward","province":"Thanh Hóa"}},{"type":"Feature","geometry":{"type":"Point","coordinates":[105.845,19.814]},"properties":{"name":"Hoằng Lộc","level":"ward","province":"Thanh Hóa"}},{"type":"Feature","geometry":{"type":"Point","coordinates":[105.877,19.827]},"properties":{"name":"Hoằng Châu","level":"ward","province":"Thanh Hóa"}},{"type":"Feature","geometry":{"type":"Point","coordinates":[105.93,19.865]},"properties":{"name":"Hoằng Tiến","level":"ward","province":"Thanh Hóa"}},{"type":"Feature","geometry":{"type":"Point","coordinates":[105.914,19.813]},"properties":{"name":"Hoằng Thanh","level":"ward","province":"Thanh Hóa"}},{"type":"Feature","geometry":{"type":"Point","coordinates":[105.876,19.934]},"properties":{"name":"Hậu Lộc","level":"ward","province":"Thanh Hóa"}},{"type":"Feature","geometry":{"type":"Point","coordinates":[105.82,19.942]},"properties":{"name":"Triệu Lộc","level":"ward","province":"Thanh Hóa"}},{"type":"Feature","geometry":{"type":"Point","coordinates":[105.867,19.961]},"properties":{"name":"Đông Thành","level":"ward","province":"Thanh Hóa"}},{"type":"Feature","geometry":{"type":"Point","coordinates":[105.92,19.92]},"properties":{"name":"Hoa Lộc","level":"ward","province":"Thanh Hóa"}},{"type":"Feature","geometry":{"type":"Point","coordinates":[105.955,19.933]},"properties":{"name":"Vạn Lộc","level":"ward","province":"Thanh Hóa"}},{"type":"Feature","geometry":{"type":"Point","coordinates":[105.982,20.004]},"properties":{"name":"Nga Sơn","level":"ward","province":"Thanh Hóa"}},{"type":"Feature","geometry":{"type":"Point","coordinates":[106.04,20.018]},"properties":{"name":"Tân Tiến","level":"ward","province":"Thanh Hóa"}},{"type":"Feature","geometry":{"type":"Point","coordinates":[105.938,19.986]},"properties":{"name":"Nga Thắng","level":"ward","province":"Thanh Hóa"}},{"type":"Feature","geometry":{"type":"Point","coordinates":[106.007,20.019]},"properties":{"name":"Hồ Vương","level":"ward","province":"Thanh Hóa"}},{"type":"Feature","geometry":{"type":"Point","coordinates":[106.024,20.041]},"properties":{"name":"Nga An","level":"ward","province":"Thanh Hóa"}},{"type":"Feature","geometry":{"type":"Point","coordinates":[105.775,19.801]},"properties":{"name":"Ba Đình","level":"ward","province":"Thanh Hóa"}},{"type":"Feature","geometry":{"type":"Point","coordinates":[105.398,19.598]},"properties":{"name":"Như Xuân","level":"ward","province":"Thanh Hóa"}},{"type":"Feature","geometry":{"type":"Point","coordinates":[105.395,19.533]},"properties":{"name":"Xuân Bình","level":"ward","province":"Thanh Hóa"}},{"type":"Feature","geometry":{"type":"Point","coordinates":[105.458,19.612]},"properties":{"name":"Hóa Quỳ","level":"ward","province":"Thanh Hóa"}},{"type":"Feature","geometry":{"type":"Point","coordinates":[105.321,19.641]},"properties":{"name":"Thanh Phong","level":"ward","province":"Thanh Hóa"}},{"type":"Feature","geometry":{"type":"Point","coordinates":[105.253,19.703]},"properties":{"name":"Thanh Quân","level":"ward","province":"Thanh Hóa"}},{"type":"Feature","geometry":{"type":"Point","coordinates":[105.449,19.706]},"properties":{"name":"Thượng Ninh","level":"ward","province":"Thanh Hóa"}},{"type":"Feature","geometry":{"type":"Point","coordinates":[105.566,19.588]},"properties":{"name":"Như Thanh","level":"ward","province":"Thanh Hóa"}},{"type":"Feature","geometry":{"type":"Point","coordinates":[105.511,19.766]},"properties":{"name":"Xuân Du","level":"ward","province":"Thanh Hóa"}},{"type":"Feature","geometry":{"type":"Point","coordinates":[105.604,19.677]},"properties":{"name":"Mậu Lâm","level":"ward","province":"Thanh Hóa"}},{"type":"Feature","geometry":{"type":"Point","coordinates":[105.521,19.542]},"properties":{"name":"Xuân Thái","level":"ward","province":"Thanh Hóa"}},{"type":"Feature","geometry":{"type":"Point","coordinates":[105.583,19.591]},"properties":{"name":"Yên Thọ","level":"ward","province":"Thanh Hóa"}},{"type":"Feature","geometry":{"type":"Point","coordinates":[105.63,19.457]},"properties":{"name":"Thanh Kỳ","level":"ward","province":"Thanh Hóa"}},{"type":"Feature","geometry":{"type":"Point","coordinates":[105.65,19.626]},"properties":{"name":"Nông Cống","level":"ward","province":"Thanh Hóa"}},{"type":"Feature","geometry":{"type":"Point","coordinates":[105.656,19.727]},"properties":{"name":"Trung Chính","level":"ward","province":"Thanh Hóa"}},{"type":"Feature","geometry":{"type":"Point","coordinates":[105.676,19.682]},"properties":{"name":"Thắng Lợi","level":"ward","province":"Thanh Hóa"}},{"type":"Feature","geometry":{"type":"Point","coordinates":[105.661,19.588]},"properties":{"name":"Thăng Bình","level":"ward","province":"Thanh Hóa"}},{"type":"Feature","geometry":{"type":"Point","coordinates":[105.745,19.614]},"properties":{"name":"Trường Văn","level":"ward","province":"Thanh Hóa"}},{"type":"Feature","geometry":{"type":"Point","coordinates":[105.707,19.567]},"properties":{"name":"Tượng Lĩnh","level":"ward","province":"Thanh Hóa"}},{"type":"Feature","geometry":{"type":"Point","coordinates":[105.659,19.564]},"properties":{"name":"Công Chính","level":"ward","province":"Thanh Hóa"}},{"type":"Feature","geometry":{"type":"Point","coordinates":[105.792,19.73]},"properties":{"name":"Lưu Vệ","level":"ward","province":"Thanh Hóa"}},{"type":"Feature","geometry":{"type":"Point","coordinates":[105.754,19.714]},"properties":{"name":"Quảng Yên","level":"ward","province":"Thanh Hóa"}},{"type":"Feature","geometry":{"type":"Point","coordinates":[105.794,19.62]},"properties":{"name":"Quảng Chính","level":"ward","province":"Thanh Hóa"}},{"type":"Feature","geometry":{"type":"Point","coordinates":[105.76,19.67]},"properties":{"name":"Quảng Ngọc","level":"ward","province":"Thanh Hóa"}},{"type":"Feature","geometry":{"type":"Point","coordinates":[105.809,19.701]},"properties":{"name":"Quảng Ninh","level":"ward","province":"Thanh Hóa"}},{"type":"Feature","geometry":{"type":"Point","coordinates":[105.822,19.665]},"properties":{"name":"Quảng Bình","level":"ward","province":"Thanh Hóa"}},{"type":"Feature","geometry":{"type":"Point","coordinates":[105.821,19.619]},"properties":{"name":"Tiên Trang","level":"ward","province":"Thanh Hóa"}},{"type":"Feature","geometry":{"type":"Point","coordinates":[105.721,19.515]},"properties":{"name":"Các Sơn","level":"ward","province":"Thanh Hóa"}},{"type":"Feature","geometry":{"type":"Point","coordinates":[105.723,19.328]},"properties":{"name":"Trường Lâm","level":"ward","province":"Thanh Hóa"}},{"type":"Feature","geometry":{"type":"Point","coordinates":[105.674,18.672]},"properties":{"name":"Thành Vinh","level":"ward","province":"Nghệ An"}},{"type":"Feature","geometry":{"type":"Point","coordinates":[105.697,18.66]},"properties":{"name":"Trường Vinh","level":"ward","province":"Nghệ An"}},{"type":"Feature","geometry":{"type":"Point","coordinates":[105.683,18.703]},"properties":{"name":"Vinh Phú","level":"ward","province":"Nghệ An"}},{"type":"Feature","geometry":{"type":"Point","coordinates":[105.729,18.742]},"properties":{"name":"Vinh Lộc","level":"ward","province":"Nghệ An"}},{"type":"Feature","geometry":{"type":"Point","coordinates":[105.727,18.796]},"properties":{"name":"Cửa Lò","level":"ward","province":"Nghệ An"}},{"type":"Feature","geometry":{"type":"Point","coordinates":[105.446,19.294]},"properties":{"name":"Thái Hòa","level":"ward","province":"Nghệ An"}},{"type":"Feature","geometry":{"type":"Point","coordinates":[105.415,19.308]},"properties":{"name":"Tây Hiếu","level":"ward","province":"Nghệ An"}},{"type":"Feature","geometry":{"type":"Point","coordinates":[105.708,19.266]},"properties":{"name":"Hoàng Mai","level":"ward","province":"Nghệ An"}},{"type":"Feature","geometry":{"type":"Point","coordinates":[105.742,19.23]},"properties":{"name":"Quỳnh Mai","level":"ward","province":"Nghệ An"}},{"type":"Feature","geometry":{"type":"Point","coordinates":[105.797,19.278]},"properties":{"name":"Tân Mai","level":"ward","province":"Nghệ An"}},{"type":"Feature","geometry":{"type":"Point","coordinates":[105.669,18.695]},"properties":{"name":"Vinh Hưng","level":"ward","province":"Nghệ An"}},{"type":"Feature","geometry":{"type":"Point","coordinates":[104.849,19.707]},"properties":{"name":"Quế Phong","level":"ward","province":"Nghệ An"}},{"type":"Feature","geometry":{"type":"Point","coordinates":[104.984,19.796]},"properties":{"name":"Thông Thụ","level":"ward","province":"Nghệ An"}},{"type":"Feature","geometry":{"type":"Point","coordinates":[104.963,19.641]},"properties":{"name":"Tiền Phong","level":"ward","province":"Nghệ An"}},{"type":"Feature","geometry":{"type":"Point","coordinates":[104.72,19.578]},"properties":{"name":"Tri Lễ","level":"ward","province":"Nghệ An"}},{"type":"Feature","geometry":{"type":"Point","coordinates":[104.851,19.518]},"properties":{"name":"Mường Quàng","level":"ward","province":"Nghệ An"}},{"type":"Feature","geometry":{"type":"Point","coordinates":[105.132,19.536]},"properties":{"name":"Quỳ Châu","level":"ward","province":"Nghệ An"}},{"type":"Feature","geometry":{"type":"Point","coordinates":[105.08,19.649]},"properties":{"name":"Châu Tiến","level":"ward","province":"Nghệ An"}},{"type":"Feature","geometry":{"type":"Point","coordinates":[104.967,19.411]},"properties":{"name":"Hùng Chân","level":"ward","province":"Nghệ An"}},{"type":"Feature","geometry":{"type":"Point","coordinates":[105.214,19.506]},"properties":{"name":"Châu Bình","level":"ward","province":"Nghệ An"}},{"type":"Feature","geometry":{"type":"Point","coordinates":[104.157,19.395]},"properties":{"name":"Mường Xén","level":"ward","province":"Nghệ An"}},{"type":"Feature","geometry":{"type":"Point","coordinates":[104.339,19.59]},"properties":{"name":"Mỹ Lý","level":"ward","province":"Nghệ An"}},{"type":"Feature","geometry":{"type":"Point","coordinates":[104.267,19.595]},"properties":{"name":"Bắc Lý","level":"ward","province":"Nghệ An"}},{"type":"Feature","geometry":{"type":"Point","coordinates":[104.106,19.625]},"properties":{"name":"Keng Đu","level":"ward","province":"Nghệ An"}},{"type":"Feature","geometry":{"type":"Point","coordinates":[104.256,19.522]},"properties":{"name":"Huồi Tụ","level":"ward","province":"Nghệ An"}},{"type":"Feature","geometry":{"type":"Point","coordinates":[104.335,19.531]},"properties":{"name":"Mường Lống","level":"ward","province":"Nghệ An"}},{"type":"Feature","geometry":{"type":"Point","coordinates":[104.175,19.569]},"properties":{"name":"Na Loi","level":"ward","province":"Nghệ An"}},{"type":"Feature","geometry":{"type":"Point","coordinates":[104.091,19.468]},"properties":{"name":"Nậm Cắn","level":"ward","province":"Nghệ An"}},{"type":"Feature","geometry":{"type":"Point","coordinates":[104.206,19.378]},"properties":{"name":"Hữu Kiệm","level":"ward","province":"Nghệ An"}},{"type":"Feature","geometry":{"type":"Point","coordinates":[104.348,19.375]},"properties":{"name":"Chiêu Lưu","level":"ward","province":"Nghệ An"}},{"type":"Feature","geometry":{"type":"Point","coordinates":[104.013,19.285]},"properties":{"name":"Mường Típ","level":"ward","province":"Nghệ An"}},{"type":"Feature","geometry":{"type":"Point","coordinates":[104.212,19.244]},"properties":{"name":"Na Ngoi","level":"ward","province":"Nghệ An"}},{"type":"Feature","geometry":{"type":"Point","coordinates":[104.631,19.32]},"properties":{"name":"Tương Dương","level":"ward","province":"Nghệ An"}},{"type":"Feature","geometry":{"type":"Point","coordinates":[104.495,19.544]},"properties":{"name":"Nhôn Mai","level":"ward","province":"Nghệ An"}},{"type":"Feature","geometry":{"type":"Point","coordinates":[104.664,19.48]},"properties":{"name":"Hữu Khuông","level":"ward","province":"Nghệ An"}},{"type":"Feature","geometry":{"type":"Point","coordinates":[104.786,19.277]},"properties":{"name":"Nga My","level":"ward","province":"Nghệ An"}},{"type":"Feature","geometry":{"type":"Point","coordinates":[104.483,19.398]},"properties":{"name":"Lượng Minh","level":"ward","province":"Nghệ An"}},{"type":"Feature","geometry":{"type":"Point","coordinates":[104.664,19.289]},"properties":{"name":"Yên Hòa","level":"ward","province":"Nghệ An"}},{"type":"Feature","geometry":{"type":"Point","coordinates":[104.59,19.308]},"properties":{"name":"Yên Na","level":"ward","province":"Nghệ An"}},{"type":"Feature","geometry":{"type":"Point","coordinates":[104.677,19.158]},"properties":{"name":"Tam Quang","level":"ward","province":"Nghệ An"}},{"type":"Feature","geometry":{"type":"Point","coordinates":[104.533,19.226]},"properties":{"name":"Tam Thái","level":"ward","province":"Nghệ An"}},{"type":"Feature","geometry":{"type":"Point","coordinates":[105.51,19.355]},"properties":{"name":"Nghĩa Đàn","level":"ward","province":"Nghệ An"}},{"type":"Feature","geometry":{"type":"Point","coordinates":[105.444,19.414]},"properties":{"name":"Nghĩa Lâm","level":"ward","province":"Nghệ An"}},{"type":"Feature","geometry":{"type":"Point","coordinates":[105.54,19.316]},"properties":{"name":"Nghĩa Thọ","level":"ward","province":"Nghệ An"}},{"type":"Feature","geometry":{"type":"Point","coordinates":[105.352,19.332]},"properties":{"name":"Nghĩa Hưng","level":"ward","province":"Nghệ An"}},{"type":"Feature","geometry":{"type":"Point","coordinates":[105.391,19.373]},"properties":{"name":"Nghĩa Mai","level":"ward","province":"Nghệ An"}},{"type":"Feature","geometry":{"type":"Point","coordinates":[105.477,19.28]},"properties":{"name":"Đông Hiếu","level":"ward","province":"Nghệ An"}},{"type":"Feature","geometry":{"type":"Point","coordinates":[105.457,19.22]},"properties":{"name":"Nghĩa Lộc","level":"ward","province":"Nghệ An"}},{"type":"Feature","geometry":{"type":"Point","coordinates":[105.393,19.256]},"properties":{"name":"Nghĩa Khánh","level":"ward","province":"Nghệ An"}},{"type":"Feature","geometry":{"type":"Point","coordinates":[105.16,19.321]},"properties":{"name":"Quỳ Hợp","level":"ward","province":"Nghệ An"}},{"type":"Feature","geometry":{"type":"Point","coordinates":[105.051,19.393]},"properties":{"name":"Châu Hồng","level":"ward","province":"Nghệ An"}},{"type":"Feature","geometry":{"type":"Point","coordinates":[105.186,19.387]},"properties":{"name":"Châu Lộc","level":"ward","province":"Nghệ An"}},{"type":"Feature","geometry":{"type":"Point","coordinates":[105.286,19.356]},"properties":{"name":"Tam Hợp","level":"ward","province":"Nghệ An"}},{"type":"Feature","geometry":{"type":"Point","coordinates":[105.288,19.237]},"properties":{"name":"Minh Hợp","level":"ward","province":"Nghệ An"}},{"type":"Feature","geometry":{"type":"Point","coordinates":[105.144,19.296]},"properties":{"name":"Mường Ham","level":"ward","province":"Nghệ An"}},{"type":"Feature","geometry":{"type":"Point","coordinates":[105.083,19.223]},"properties":{"name":"Mường Chọng","level":"ward","province":"Nghệ An"}},{"type":"Feature","geometry":{"type":"Point","coordinates":[105.653,19.208]},"properties":{"name":"Quỳnh Văn","level":"ward","province":"Nghệ An"}},{"type":"Feature","geometry":{"type":"Point","coordinates":[105.518,19.203]},"properties":{"name":"Quỳnh Tam","level":"ward","province":"Nghệ An"}},{"type":"Feature","geometry":{"type":"Point","coordinates":[105.602,19.173]},"properties":{"name":"Quỳnh Sơn","level":"ward","province":"Nghệ An"}},{"type":"Feature","geometry":{"type":"Point","coordinates":[105.684,19.168]},"properties":{"name":"Quỳnh Anh","level":"ward","province":"Nghệ An"}},{"type":"Feature","geometry":{"type":"Point","coordinates":[105.598,19.232]},"properties":{"name":"Quỳnh Lưu","level":"ward","province":"Nghệ An"}},{"type":"Feature","geometry":{"type":"Point","coordinates":[105.676,19.104]},"properties":{"name":"Quỳnh Phú","level":"ward","province":"Nghệ An"}},{"type":"Feature","geometry":{"type":"Point","coordinates":[105.587,19.278]},"properties":{"name":"Quỳnh Thắng","level":"ward","province":"Nghệ An"}},{"type":"Feature","geometry":{"type":"Point","coordinates":[104.921,19.234]},"properties":{"name":"Bình Chuẩn","level":"ward","province":"Nghệ An"}},{"type":"Feature","geometry":{"type":"Point","coordinates":[104.968,19.069]},"properties":{"name":"Mậu Thạch","level":"ward","province":"Nghệ An"}},{"type":"Feature","geometry":{"type":"Point","coordinates":[104.863,19.12]},"properties":{"name":"Cam Phục","level":"ward","province":"Nghệ An"}},{"type":"Feature","geometry":{"type":"Point","coordinates":[104.784,19.109]},"properties":{"name":"Châu Khê","level":"ward","province":"Nghệ An"}},{"type":"Feature","geometry":{"type":"Point","coordinates":[104.882,19.05]},"properties":{"name":"Con Cuông","level":"ward","province":"Nghệ An"}},{"type":"Feature","geometry":{"type":"Point","coordinates":[104.946,18.941]},"properties":{"name":"Môn Sơn","level":"ward","province":"Nghệ An"}},{"type":"Feature","geometry":{"type":"Point","coordinates":[105.221,19.103]},"properties":{"name":"Tân Kỳ","level":"ward","province":"Nghệ An"}},{"type":"Feature","geometry":{"type":"Point","coordinates":[105.276,19.137]},"properties":{"name":"Tân Phú","level":"ward","province":"Nghệ An"}},{"type":"Feature","geometry":{"type":"Point","coordinates":[105.24,19.15]},"properties":{"name":"Giai Xuân","level":"ward","province":"Nghệ An"}},{"type":"Feature","geometry":{"type":"Point","coordinates":[105.347,19.17]},"properties":{"name":"Nghĩa Đồng","level":"ward","province":"Nghệ An"}},{"type":"Feature","geometry":{"type":"Point","coordinates":[105.113,19.118]},"properties":{"name":"Tiên Đồng","level":"ward","province":"Nghệ An"}},{"type":"Feature","geometry":{"type":"Point","coordinates":[106.399,10.526]},"properties":{"name":"Tân An","level":"ward","province":"Nghệ An"}},{"type":"Feature","geometry":{"type":"Point","coordinates":[105.108,19.031]},"properties":{"name":"Nghĩa Hành","level":"ward","province":"Nghệ An"}},{"type":"Feature","geometry":{"type":"Point","coordinates":[105.105,18.967]},"properties":{"name":"Anh Sơn","level":"ward","province":"Nghệ An"}},{"type":"Feature","geometry":{"type":"Point","coordinates":[105.04,19.088]},"properties":{"name":"Thành Bình Thọ","level":"ward","province":"Nghệ An"}},{"type":"Feature","geometry":{"type":"Point","coordinates":[106.127,21.195]},"properties":{"name":"Nhân Hòa","level":"ward","province":"Nghệ An"}},{"type":"Feature","geometry":{"type":"Point","coordinates":[105.03,18.966]},"properties":{"name":"Vĩnh Tường","level":"ward","province":"Nghệ An"}},{"type":"Feature","geometry":{"type":"Point","coordinates":[105.219,18.955]},"properties":{"name":"Anh Sơn Đông","level":"ward","province":"Nghệ An"}},{"type":"Feature","geometry":{"type":"Point","coordinates":[105.18,18.905]},"properties":{"name":"Yên Xuân","level":"ward","province":"Nghệ An"}},{"type":"Feature","geometry":{"type":"Point","coordinates":[105.585,19.113]},"properties":{"name":"Hùng Châu","level":"ward","province":"Nghệ An"}},{"type":"Feature","geometry":{"type":"Point","coordinates":[105.584,19.039]},"properties":{"name":"Đức Châu","level":"ward","province":"Nghệ An"}},{"type":"Feature","geometry":{"type":"Point","coordinates":[105.626,19.051]},"properties":{"name":"Hải Châu","level":"ward","province":"Nghệ An"}},{"type":"Feature","geometry":{"type":"Point","coordinates":[105.552,19.012]},"properties":{"name":"Quảng Châu","level":"ward","province":"Nghệ An"}},{"type":"Feature","geometry":{"type":"Point","coordinates":[105.578,19.022]},"properties":{"name":"Diễn Châu","level":"ward","province":"Nghệ An"}},{"type":"Feature","geometry":{"type":"Point","coordinates":[105.553,18.96]},"properties":{"name":"Minh Châu","level":"ward","province":"Nghệ An"}},{"type":"Feature","geometry":{"type":"Point","coordinates":[105.602,18.921]},"properties":{"name":"An Châu","level":"ward","province":"Nghệ An"}},{"type":"Feature","geometry":{"type":"Point","coordinates":[105.56,18.905]},"properties":{"name":"Tân Châu","level":"ward","province":"Nghệ An"}},{"type":"Feature","geometry":{"type":"Point","coordinates":[105.415,19.021]},"properties":{"name":"Yên Thành","level":"ward","province":"Nghệ An"}},{"type":"Feature","geometry":{"type":"Point","coordinates":[105.491,19.106]},"properties":{"name":"Bình Minh","level":"ward","province":"Nghệ An"}},{"type":"Feature","geometry":{"type":"Point","coordinates":[105.386,19.044]},"properties":{"name":"Quang Đồng","level":"ward","province":"Nghệ An"}},{"type":"Feature","geometry":{"type":"Point","coordinates":[105.442,19.092]},"properties":{"name":"Giai Lạc","level":"ward","province":"Nghệ An"}},{"type":"Feature","geometry":{"type":"Point","coordinates":[105.541,19.055]},"properties":{"name":"Đông Thành","level":"ward","province":"Nghệ An"}},{"type":"Feature","geometry":{"type":"Point","coordinates":[105.38,18.955]},"properties":{"name":"Vân Du","level":"ward","province":"Nghệ An"}},{"type":"Feature","geometry":{"type":"Point","coordinates":[105.44,18.983]},"properties":{"name":"Quan Thành","level":"ward","province":"Nghệ An"}},{"type":"Feature","geometry":{"type":"Point","coordinates":[105.49,18.93]},"properties":{"name":"Hợp Minh","level":"ward","province":"Nghệ An"}},{"type":"Feature","geometry":{"type":"Point","coordinates":[105.431,18.932]},"properties":{"name":"Vân Tụ","level":"ward","province":"Nghệ An"}},{"type":"Feature","geometry":{"type":"Point","coordinates":[105.264,18.938]},"properties":{"name":"Bạch Ngọc","level":"ward","province":"Nghệ An"}},{"type":"Feature","geometry":{"type":"Point","coordinates":[105.309,18.929]},"properties":{"name":"Lương Sơn","level":"ward","province":"Nghệ An"}},{"type":"Feature","geometry":{"type":"Point","coordinates":[105.319,18.913]},"properties":{"name":"Đô Lương","level":"ward","province":"Nghệ An"}},{"type":"Feature","geometry":{"type":"Point","coordinates":[105.402,18.887]},"properties":{"name":"Văn Hiến","level":"ward","province":"Nghệ An"}},{"type":"Feature","geometry":{"type":"Point","coordinates":[105.329,18.857]},"properties":{"name":"Thuần Trung","level":"ward","province":"Nghệ An"}},{"type":"Feature","geometry":{"type":"Point","coordinates":[105.429,18.847]},"properties":{"name":"Bạch Hà","level":"ward","province":"Nghệ An"}},{"type":"Feature","geometry":{"type":"Point","coordinates":[105.337,18.781]},"properties":{"name":"Đại Đồng","level":"ward","province":"Nghệ An"}},{"type":"Feature","geometry":{"type":"Point","coordinates":[105.173,18.815]},"properties":{"name":"Hạnh Lâm","level":"ward","province":"Nghệ An"}},{"type":"Feature","geometry":{"type":"Point","coordinates":[105.242,18.856]},"properties":{"name":"Cát Ngạn","level":"ward","province":"Nghệ An"}},{"type":"Feature","geometry":{"type":"Point","coordinates":[105.244,18.82]},"properties":{"name":"Tam Đồng","level":"ward","province":"Nghệ An"}},{"type":"Feature","geometry":{"type":"Point","coordinates":[105.208,18.748]},"properties":{"name":"Sơn Lâm","level":"ward","province":"Nghệ An"}},{"type":"Feature","geometry":{"type":"Point","coordinates":[105.298,18.766]},"properties":{"name":"Hoa Quân","level":"ward","province":"Nghệ An"}},{"type":"Feature","geometry":{"type":"Point","coordinates":[105.421,18.704]},"properties":{"name":"Xuân Lâm","level":"ward","province":"Nghệ An"}},{"type":"Feature","geometry":{"type":"Point","coordinates":[105.386,18.699]},"properties":{"name":"Kim Bảng","level":"ward","province":"Nghệ An"}},{"type":"Feature","geometry":{"type":"Point","coordinates":[105.416,18.673]},"properties":{"name":"Bích Hào","level":"ward","province":"Nghệ An"}},{"type":"Feature","geometry":{"type":"Point","coordinates":[105.589,18.809]},"properties":{"name":"Nghi Lộc","level":"ward","province":"Nghệ An"}},{"type":"Feature","geometry":{"type":"Point","coordinates":[105.69,18.867]},"properties":{"name":"Hải Lộc","level":"ward","province":"Nghệ An"}},{"type":"Feature","geometry":{"type":"Point","coordinates":[105.591,18.813]},"properties":{"name":"Thần Lĩnh","level":"ward","province":"Nghệ An"}},{"type":"Feature","geometry":{"type":"Point","coordinates":[105.486,18.813]},"properties":{"name":"Văn Kiều","level":"ward","province":"Nghệ An"}},{"type":"Feature","geometry":{"type":"Point","coordinates":[105.538,18.807]},"properties":{"name":"Phúc Lộc","level":"ward","province":"Nghệ An"}},{"type":"Feature","geometry":{"type":"Point","coordinates":[105.651,18.83]},"properties":{"name":"Trung Lộc","level":"ward","province":"Nghệ An"}},{"type":"Feature","geometry":{"type":"Point","coordinates":[105.695,18.779]},"properties":{"name":"Đông Lộc","level":"ward","province":"Nghệ An"}},{"type":"Feature","geometry":{"type":"Point","coordinates":[105.523,18.673]},"properties":{"name":"Nam Đàn","level":"ward","province":"Nghệ An"}},{"type":"Feature","geometry":{"type":"Point","coordinates":[105.536,18.724]},"properties":{"name":"Đại Huệ","level":"ward","province":"Nghệ An"}},{"type":"Feature","geometry":{"type":"Point","coordinates":[105.497,18.7]},"properties":{"name":"Vạn An","level":"ward","province":"Nghệ An"}},{"type":"Feature","geometry":{"type":"Point","coordinates":[105.563,18.676]},"properties":{"name":"Kim Liên","level":"ward","province":"Nghệ An"}},{"type":"Feature","geometry":{"type":"Point","coordinates":[105.58,18.606]},"properties":{"name":"Thiên Nhẫn","level":"ward","province":"Nghệ An"}},{"type":"Feature","geometry":{"type":"Point","coordinates":[105.626,18.686]},"properties":{"name":"Hưng Nguyên","level":"ward","province":"Nghệ An"}},{"type":"Feature","geometry":{"type":"Point","coordinates":[105.585,18.762]},"properties":{"name":"Yên Trung","level":"ward","province":"Nghệ An"}},{"type":"Feature","geometry":{"type":"Point","coordinates":[105.607,18.615]},"properties":{"name":"Hưng Nguyên Nam","level":"ward","province":"Nghệ An"}},{"type":"Feature","geometry":{"type":"Point","coordinates":[105.665,18.604]},"properties":{"name":"Lam Thành","level":"ward","province":"Nghệ An"}},{"type":"Feature","geometry":{"type":"Point","coordinates":[105.903,18.339]},"properties":{"name":"Thành Sen","level":"ward","province":"Hà Tĩnh"}},{"type":"Feature","geometry":{"type":"Point","coordinates":[105.892,18.385]},"properties":{"name":"Trần Phú","level":"ward","province":"Hà Tĩnh"}},{"type":"Feature","geometry":{"type":"Point","coordinates":[105.705,18.534]},"properties":{"name":"Bắc Hồng Lĩnh","level":"ward","province":"Hà Tĩnh"}},{"type":"Feature","geometry":{"type":"Point","coordinates":[105.702,18.519]},"properties":{"name":"Nam Hồng Lĩnh","level":"ward","province":"Hà Tĩnh"}},{"type":"Feature","geometry":{"type":"Point","coordinates":[105.914,18.295]},"properties":{"name":"Hà Huy Tập","level":"ward","province":"Hà Tĩnh"}},{"type":"Feature","geometry":{"type":"Point","coordinates":[106.299,18.063]},"properties":{"name":"Sông Trí","level":"ward","province":"Hà Tĩnh"}},{"type":"Feature","geometry":{"type":"Point","coordinates":[106.329,18.124]},"properties":{"name":"Hải Ninh","level":"ward","province":"Hà Tĩnh"}},{"type":"Feature","geometry":{"type":"Point","coordinates":[106.376,18.037]},"properties":{"name":"Vũng Áng","level":"ward","province":"Hà Tĩnh"}},{"type":"Feature","geometry":{"type":"Point","coordinates":[106.438,18.007]},"properties":{"name":"Hoành Sơn","level":"ward","province":"Hà Tĩnh"}},{"type":"Feature","geometry":{"type":"Point","coordinates":[105.248,18.446]},"properties":{"name":"Hương Sơn","level":"ward","province":"Hà Tĩnh"}},{"type":"Feature","geometry":{"type":"Point","coordinates":[105.295,18.559]},"properties":{"name":"Sơn Hồng","level":"ward","province":"Hà Tĩnh"}},{"type":"Feature","geometry":{"type":"Point","coordinates":[105.503,18.553]},"properties":{"name":"Sơn Tiến","level":"ward","province":"Hà Tĩnh"}},{"type":"Feature","geometry":{"type":"Point","coordinates":[105.343,18.456]},"properties":{"name":"Sơn Tây","level":"ward","province":"Hà Tĩnh"}},{"type":"Feature","geometry":{"type":"Point","coordinates":[105.359,18.554]},"properties":{"name":"Sơn Giang","level":"ward","province":"Hà Tĩnh"}},{"type":"Feature","geometry":{"type":"Point","coordinates":[105.26,18.452]},"properties":{"name":"Sơn Kim 1","level":"ward","province":"Hà Tĩnh"}},{"type":"Feature","geometry":{"type":"Point","coordinates":[105.318,18.428]},"properties":{"name":"Sơn Kim 2","level":"ward","province":"Hà Tĩnh"}},{"type":"Feature","geometry":{"type":"Point","coordinates":[105.528,18.511]},"properties":{"name":"Tứ Mỹ","level":"ward","province":"Hà Tĩnh"}},{"type":"Feature","geometry":{"type":"Point","coordinates":[105.473,18.497]},"properties":{"name":"Kim Hoa","level":"ward","province":"Hà Tĩnh"}},{"type":"Feature","geometry":{"type":"Point","coordinates":[105.605,18.489]},"properties":{"name":"Đức Thọ","level":"ward","province":"Hà Tĩnh"}},{"type":"Feature","geometry":{"type":"Point","coordinates":[105.579,18.55]},"properties":{"name":"Đức Minh","level":"ward","province":"Hà Tĩnh"}},{"type":"Feature","geometry":{"type":"Point","coordinates":[105.643,18.551]},"properties":{"name":"Đức Quang","level":"ward","province":"Hà Tĩnh"}},{"type":"Feature","geometry":{"type":"Point","coordinates":[105.644,18.478]},"properties":{"name":"Đức Thịnh","level":"ward","province":"Hà Tĩnh"}},{"type":"Feature","geometry":{"type":"Point","coordinates":[105.567,18.457]},"properties":{"name":"Đức Đồng","level":"ward","province":"Hà Tĩnh"}},{"type":"Feature","geometry":{"type":"Point","coordinates":[105.455,18.324]},"properties":{"name":"Vũ Quang","level":"ward","province":"Hà Tĩnh"}},{"type":"Feature","geometry":{"type":"Point","coordinates":[105.538,18.463]},"properties":{"name":"Mai Hoa","level":"ward","province":"Hà Tĩnh"}},{"type":"Feature","geometry":{"type":"Point","coordinates":[105.564,18.408]},"properties":{"name":"Thượng Đức","level":"ward","province":"Hà Tĩnh"}},{"type":"Feature","geometry":{"type":"Point","coordinates":[105.758,18.644]},"properties":{"name":"Nghi Xuân","level":"ward","province":"Hà Tĩnh"}},{"type":"Feature","geometry":{"type":"Point","coordinates":[105.779,18.722]},"properties":{"name":"Đan Hải","level":"ward","province":"Hà Tĩnh"}},{"type":"Feature","geometry":{"type":"Point","coordinates":[105.795,18.659]},"properties":{"name":"Tiên Điền","level":"ward","province":"Hà Tĩnh"}},{"type":"Feature","geometry":{"type":"Point","coordinates":[105.834,18.574]},"properties":{"name":"Cổ Đạm","level":"ward","province":"Hà Tĩnh"}},{"type":"Feature","geometry":{"type":"Point","coordinates":[105.732,18.444]},"properties":{"name":"Can Lộc","level":"ward","province":"Hà Tĩnh"}},{"type":"Feature","geometry":{"type":"Point","coordinates":[105.85,18.485]},"properties":{"name":"Hồng Lộc","level":"ward","province":"Hà Tĩnh"}},{"type":"Feature","geometry":{"type":"Point","coordinates":[105.796,18.47]},"properties":{"name":"Tùng Lộc","level":"ward","province":"Hà Tĩnh"}},{"type":"Feature","geometry":{"type":"Point","coordinates":[105.672,18.443]},"properties":{"name":"Trường Lưu","level":"ward","province":"Hà Tĩnh"}},{"type":"Feature","geometry":{"type":"Point","coordinates":[105.695,18.443]},"properties":{"name":"Gia Hanh","level":"ward","province":"Hà Tĩnh"}},{"type":"Feature","geometry":{"type":"Point","coordinates":[105.777,18.385]},"properties":{"name":"Xuân Lộc","level":"ward","province":"Hà Tĩnh"}},{"type":"Feature","geometry":{"type":"Point","coordinates":[105.727,18.405]},"properties":{"name":"Đồng Lộc","level":"ward","province":"Hà Tĩnh"}},{"type":"Feature","geometry":{"type":"Point","coordinates":[105.679,18.193]},"properties":{"name":"Hương Khê","level":"ward","province":"Hà Tĩnh"}},{"type":"Feature","geometry":{"type":"Point","coordinates":[105.668,18.292]},"properties":{"name":"Hà Linh","level":"ward","province":"Hà Tĩnh"}},{"type":"Feature","geometry":{"type":"Point","coordinates":[105.654,18.248]},"properties":{"name":"Hương Bình","level":"ward","province":"Hà Tĩnh"}},{"type":"Feature","geometry":{"type":"Point","coordinates":[105.725,18.219]},"properties":{"name":"Hương Phố","level":"ward","province":"Hà Tĩnh"}},{"type":"Feature","geometry":{"type":"Point","coordinates":[105.713,18.082]},"properties":{"name":"Hương Xuân","level":"ward","province":"Hà Tĩnh"}},{"type":"Feature","geometry":{"type":"Point","coordinates":[105.822,18.07]},"properties":{"name":"Phúc Trạch","level":"ward","province":"Hà Tĩnh"}},{"type":"Feature","geometry":{"type":"Point","coordinates":[105.725,18.141]},"properties":{"name":"Hương Đô","level":"ward","province":"Hà Tĩnh"}},{"type":"Feature","geometry":{"type":"Point","coordinates":[105.821,18.358]},"properties":{"name":"Thạch Hà","level":"ward","province":"Hà Tĩnh"}},{"type":"Feature","geometry":{"type":"Point","coordinates":[105.912,18.462]},"properties":{"name":"Lộc Hà","level":"ward","province":"Hà Tĩnh"}},{"type":"Feature","geometry":{"type":"Point","coordinates":[105.892,18.433]},"properties":{"name":"Mai Phụ","level":"ward","province":"Hà Tĩnh"}},{"type":"Feature","geometry":{"type":"Point","coordinates":[105.838,18.451]},"properties":{"name":"Đông Kinh","level":"ward","province":"Hà Tĩnh"}},{"type":"Feature","geometry":{"type":"Point","coordinates":[105.817,18.366]},"properties":{"name":"Việt Xuyên","level":"ward","province":"Hà Tĩnh"}},{"type":"Feature","geometry":{"type":"Point","coordinates":[105.95,18.385]},"properties":{"name":"Thạch Khê","level":"ward","province":"Hà Tĩnh"}},{"type":"Feature","geometry":{"type":"Point","coordinates":[106.007,18.349]},"properties":{"name":"Đồng Tiến","level":"ward","province":"Hà Tĩnh"}},{"type":"Feature","geometry":{"type":"Point","coordinates":[105.961,18.367]},"properties":{"name":"Thạch Lạc","level":"ward","province":"Hà Tĩnh"}},{"type":"Feature","geometry":{"type":"Point","coordinates":[105.824,18.325]},"properties":{"name":"Toàn Lưu","level":"ward","province":"Hà Tĩnh"}},{"type":"Feature","geometry":{"type":"Point","coordinates":[105.862,18.304]},"properties":{"name":"Thạch Xuân","level":"ward","province":"Hà Tĩnh"}},{"type":"Feature","geometry":{"type":"Point","coordinates":[106.01,18.189]},"properties":{"name":"Cẩm Xuyên","level":"ward","province":"Hà Tĩnh"}},{"type":"Feature","geometry":{"type":"Point","coordinates":[106.103,18.268]},"properties":{"name":"Thiên Cầm","level":"ward","province":"Hà Tĩnh"}},{"type":"Feature","geometry":{"type":"Point","coordinates":[106.019,18.316]},"properties":{"name":"Yên Hòa","level":"ward","province":"Hà Tĩnh"}},{"type":"Feature","geometry":{"type":"Point","coordinates":[105.962,18.304]},"properties":{"name":"Cẩm Bình","level":"ward","province":"Hà Tĩnh"}},{"type":"Feature","geometry":{"type":"Point","coordinates":[106.021,18.21]},"properties":{"name":"Cẩm Hưng","level":"ward","province":"Hà Tĩnh"}},{"type":"Feature","geometry":{"type":"Point","coordinates":[105.937,18.248]},"properties":{"name":"Cẩm Duệ","level":"ward","province":"Hà Tĩnh"}},{"type":"Feature","geometry":{"type":"Point","coordinates":[106.114,18.242]},"properties":{"name":"Cẩm Trung","level":"ward","province":"Hà Tĩnh"}},{"type":"Feature","geometry":{"type":"Point","coordinates":[106.1,18.198]},"properties":{"name":"Cẩm Lạc","level":"ward","province":"Hà Tĩnh"}},{"type":"Feature","geometry":{"type":"Point","coordinates":[106.168,18.203]},"properties":{"name":"Kỳ Xuân","level":"ward","province":"Hà Tĩnh"}},{"type":"Feature","geometry":{"type":"Point","coordinates":[106.357,18.053]},"properties":{"name":"Kỳ Anh","level":"ward","province":"Hà Tĩnh"}},{"type":"Feature","geometry":{"type":"Point","coordinates":[106.163,18.087]},"properties":{"name":"Kỳ Văn","level":"ward","province":"Hà Tĩnh"}},{"type":"Feature","geometry":{"type":"Point","coordinates":[106.261,18.123]},"properties":{"name":"Kỳ Khang","level":"ward","province":"Hà Tĩnh"}},{"type":"Feature","geometry":{"type":"Point","coordinates":[106.272,18.072]},"properties":{"name":"Kỳ Hoa","level":"ward","province":"Hà Tĩnh"}},{"type":"Feature","geometry":{"type":"Point","coordinates":[106.188,18.012]},"properties":{"name":"Kỳ Lạc","level":"ward","province":"Hà Tĩnh"}},{"type":"Feature","geometry":{"type":"Point","coordinates":[106.158,18]},"properties":{"name":"Kỳ Thượng","level":"ward","province":"Hà Tĩnh"}},{"type":"Feature","geometry":{"type":"Point","coordinates":[106.594,17.476]},"properties":{"name":"Đồng Thuận","level":"ward","province":"Quảng Trị"}},{"type":"Feature","geometry":{"type":"Point","coordinates":[106.577,17.448]},"properties":{"name":"Đồng Sơn","level":"ward","province":"Quảng Trị"}},{"type":"Feature","geometry":{"type":"Point","coordinates":[106.591,17.449]},"properties":{"name":"Đồng Hới","level":"ward","province":"Quảng Trị"}},{"type":"Feature","geometry":{"type":"Point","coordinates":[106.365,17.735]},"properties":{"name":"Ba Đồn","level":"ward","province":"Quảng Trị"}},{"type":"Feature","geometry":{"type":"Point","coordinates":[106.442,17.752]},"properties":{"name":"Bắc Gianh","level":"ward","province":"Quảng Trị"}},{"type":"Feature","geometry":{"type":"Point","coordinates":[107.095,16.802]},"properties":{"name":"Đông Hà","level":"ward","province":"Quảng Trị"}},{"type":"Feature","geometry":{"type":"Point","coordinates":[107.111,16.802]},"properties":{"name":"Nam Đông Hà","level":"ward","province":"Quảng Trị"}},{"type":"Feature","geometry":{"type":"Point","coordinates":[107.157,16.694]},"properties":{"name":"Quảng Trị","level":"ward","province":"Quảng Trị"}},{"type":"Feature","geometry":{"type":"Point","coordinates":[105.921,17.735]},"properties":{"name":"Minh Hóa","level":"ward","province":"Quảng Trị"}},{"type":"Feature","geometry":{"type":"Point","coordinates":[105.781,17.8]},"properties":{"name":"Dân Hóa","level":"ward","province":"Quảng Trị"}},{"type":"Feature","geometry":{"type":"Point","coordinates":[105.84,17.878]},"properties":{"name":"Tân Thành","level":"ward","province":"Quảng Trị"}},{"type":"Feature","geometry":{"type":"Point","coordinates":[105.894,17.822]},"properties":{"name":"Kim Điền","level":"ward","province":"Quảng Trị"}},{"type":"Feature","geometry":{"type":"Point","coordinates":[105.962,17.739]},"properties":{"name":"Kim Phú","level":"ward","province":"Quảng Trị"}},{"type":"Feature","geometry":{"type":"Point","coordinates":[106.021,17.886]},"properties":{"name":"Đồng Lê","level":"ward","province":"Quảng Trị"}},{"type":"Feature","geometry":{"type":"Point","coordinates":[105.867,18.029]},"properties":{"name":"Tuyên Sơn","level":"ward","province":"Quảng Trị"}},{"type":"Feature","geometry":{"type":"Point","coordinates":[105.842,17.984]},"properties":{"name":"Tuyên Lâm","level":"ward","province":"Quảng Trị"}},{"type":"Feature","geometry":{"type":"Point","coordinates":[106.112,17.857]},"properties":{"name":"Tuyên Phú","level":"ward","province":"Quảng Trị"}},{"type":"Feature","geometry":{"type":"Point","coordinates":[106.169,17.829]},"properties":{"name":"Tuyên Bình","level":"ward","province":"Quảng Trị"}},{"type":"Feature","geometry":{"type":"Point","coordinates":[106.105,17.9]},"properties":{"name":"Tuyên Hóa","level":"ward","province":"Quảng Trị"}},{"type":"Feature","geometry":{"type":"Point","coordinates":[106.441,17.886]},"properties":{"name":"Phú Trạch","level":"ward","province":"Quảng Trị"}},{"type":"Feature","geometry":{"type":"Point","coordinates":[106.376,17.809]},"properties":{"name":"Trung Thuần","level":"ward","province":"Quảng Trị"}},{"type":"Feature","geometry":{"type":"Point","coordinates":[106.428,17.868]},"properties":{"name":"Hòa Trạch","level":"ward","province":"Quảng Trị"}},{"type":"Feature","geometry":{"type":"Point","coordinates":[106.317,17.778]},"properties":{"name":"Tân Gianh","level":"ward","province":"Quảng Trị"}},{"type":"Feature","geometry":{"type":"Point","coordinates":[106.363,17.873]},"properties":{"name":"Quảng Trạch","level":"ward","province":"Quảng Trị"}},{"type":"Feature","geometry":{"type":"Point","coordinates":[106.343,17.756]},"properties":{"name":"Nam Ba Đồn","level":"ward","province":"Quảng Trị"}},{"type":"Feature","geometry":{"type":"Point","coordinates":[106.383,17.735]},"properties":{"name":"Nam Gianh","level":"ward","province":"Quảng Trị"}},{"type":"Feature","geometry":{"type":"Point","coordinates":[106.535,17.583]},"properties":{"name":"Hoàn Lão","level":"ward","province":"Quảng Trị"}},{"type":"Feature","geometry":{"type":"Point","coordinates":[106.455,17.698]},"properties":{"name":"Bắc Trạch","level":"ward","province":"Quảng Trị"}},{"type":"Feature","geometry":{"type":"Point","coordinates":[106.273,17.648]},"properties":{"name":"Phong Nha","level":"ward","province":"Quảng Trị"}},{"type":"Feature","geometry":{"type":"Point","coordinates":[106.262,17.487]},"properties":{"name":"Bố Trạch","level":"ward","province":"Quảng Trị"}},{"type":"Feature","geometry":{"type":"Point","coordinates":[106.187,17.363]},"properties":{"name":"Thượng Trạch","level":"ward","province":"Quảng Trị"}},{"type":"Feature","geometry":{"type":"Point","coordinates":[106.53,17.622]},"properties":{"name":"Đông Trạch","level":"ward","province":"Quảng Trị"}},{"type":"Feature","geometry":{"type":"Point","coordinates":[106.563,17.535]},"properties":{"name":"Nam Trạch","level":"ward","province":"Quảng Trị"}},{"type":"Feature","geometry":{"type":"Point","coordinates":[106.452,17.219]},"properties":{"name":"Trường Sơn","level":"ward","province":"Quảng Trị"}},{"type":"Feature","geometry":{"type":"Point","coordinates":[106.494,17.254]},"properties":{"name":"Quảng Ninh","level":"ward","province":"Quảng Trị"}},{"type":"Feature","geometry":{"type":"Point","coordinates":[106.699,17.339]},"properties":{"name":"Ninh Châu","level":"ward","province":"Quảng Trị"}},{"type":"Feature","geometry":{"type":"Point","coordinates":[106.635,17.317]},"properties":{"name":"Trường Ninh","level":"ward","province":"Quảng Trị"}},{"type":"Feature","geometry":{"type":"Point","coordinates":[106.693,17.232]},"properties":{"name":"Lệ Ninh","level":"ward","province":"Quảng Trị"}},{"type":"Feature","geometry":{"type":"Point","coordinates":[106.743,17.127]},"properties":{"name":"Lệ Thủy","level":"ward","province":"Quảng Trị"}},{"type":"Feature","geometry":{"type":"Point","coordinates":[106.843,17.267]},"properties":{"name":"Cam Hồng","level":"ward","province":"Quảng Trị"}},{"type":"Feature","geometry":{"type":"Point","coordinates":[106.86,17.21]},"properties":{"name":"Sen Ngư","level":"ward","province":"Quảng Trị"}},{"type":"Feature","geometry":{"type":"Point","coordinates":[106.826,17.189]},"properties":{"name":"Tân Mỹ","level":"ward","province":"Quảng Trị"}},{"type":"Feature","geometry":{"type":"Point","coordinates":[106.786,17.191]},"properties":{"name":"Trường Phú","level":"ward","province":"Quảng Trị"}},{"type":"Feature","geometry":{"type":"Point","coordinates":[106.751,17.096]},"properties":{"name":"Kim Ngân","level":"ward","province":"Quảng Trị"}},{"type":"Feature","geometry":{"type":"Point","coordinates":[106.961,17.027]},"properties":{"name":"Vĩnh Linh","level":"ward","province":"Quảng Trị"}},{"type":"Feature","geometry":{"type":"Point","coordinates":[106.903,17.022]},"properties":{"name":"Bến Quan","level":"ward","province":"Quảng Trị"}},{"type":"Feature","geometry":{"type":"Point","coordinates":[107.033,17.07]},"properties":{"name":"Vĩnh Hoàng","level":"ward","province":"Quảng Trị"}},{"type":"Feature","geometry":{"type":"Point","coordinates":[107.019,17.033]},"properties":{"name":"Vĩnh Thủy","level":"ward","province":"Quảng Trị"}},{"type":"Feature","geometry":{"type":"Point","coordinates":[107.106,17.029]},"properties":{"name":"Cửa Tùng","level":"ward","province":"Quảng Trị"}},{"type":"Feature","geometry":{"type":"Point","coordinates":[106.738,16.627]},"properties":{"name":"Khe Sanh","level":"ward","province":"Quảng Trị"}},{"type":"Feature","geometry":{"type":"Point","coordinates":[106.598,16.614]},"properties":{"name":"Lao Bảo","level":"ward","province":"Quảng Trị"}},{"type":"Feature","geometry":{"type":"Point","coordinates":[106.568,16.887]},"properties":{"name":"Hướng Lập","level":"ward","province":"Quảng Trị"}},{"type":"Feature","geometry":{"type":"Point","coordinates":[106.582,16.742]},"properties":{"name":"Hướng Phùng","level":"ward","province":"Quảng Trị"}},{"type":"Feature","geometry":{"type":"Point","coordinates":[106.695,16.61]},"properties":{"name":"Tân Lập","level":"ward","province":"Quảng Trị"}},{"type":"Feature","geometry":{"type":"Point","coordinates":[106.744,16.481]},"properties":{"name":"A Dơi","level":"ward","province":"Quảng Trị"}},{"type":"Feature","geometry":{"type":"Point","coordinates":[106.666,16.492]},"properties":{"name":"Lìa","level":"ward","province":"Quảng Trị"}},{"type":"Feature","geometry":{"type":"Point","coordinates":[107.044,16.913]},"properties":{"name":"Gio Linh","level":"ward","province":"Quảng Trị"}},{"type":"Feature","geometry":{"type":"Point","coordinates":[107.178,16.907]},"properties":{"name":"Cửa Việt","level":"ward","province":"Quảng Trị"}},{"type":"Feature","geometry":{"type":"Point","coordinates":[107.076,16.989]},"properties":{"name":"Bến Hải","level":"ward","province":"Quảng Trị"}},{"type":"Feature","geometry":{"type":"Point","coordinates":[107.006,16.899]},"properties":{"name":"Cồn Tiên","level":"ward","province":"Quảng Trị"}},{"type":"Feature","geometry":{"type":"Point","coordinates":[106.887,16.689]},"properties":{"name":"Hướng Hiệp","level":"ward","province":"Quảng Trị"}},{"type":"Feature","geometry":{"type":"Point","coordinates":[106.98,16.568]},"properties":{"name":"Đakrông","level":"ward","province":"Quảng Trị"}},{"type":"Feature","geometry":{"type":"Point","coordinates":[106.951,16.659]},"properties":{"name":"Ba Lòng","level":"ward","province":"Quảng Trị"}},{"type":"Feature","geometry":{"type":"Point","coordinates":[106.988,16.393]},"properties":{"name":"Tà Rụt","level":"ward","province":"Quảng Trị"}},{"type":"Feature","geometry":{"type":"Point","coordinates":[107.005,16.374]},"properties":{"name":"La Lay","level":"ward","province":"Quảng Trị"}},{"type":"Feature","geometry":{"type":"Point","coordinates":[106.944,16.785]},"properties":{"name":"Cam Lộ","level":"ward","province":"Quảng Trị"}},{"type":"Feature","geometry":{"type":"Point","coordinates":[107.035,16.829]},"properties":{"name":"Hiếu Giang","level":"ward","province":"Quảng Trị"}},{"type":"Feature","geometry":{"type":"Point","coordinates":[107.189,16.777]},"properties":{"name":"Triệu Phong","level":"ward","province":"Quảng Trị"}},{"type":"Feature","geometry":{"type":"Point","coordinates":[107.216,16.823]},"properties":{"name":"Nam Cửa Việt","level":"ward","province":"Quảng Trị"}},{"type":"Feature","geometry":{"type":"Point","coordinates":[107.174,16.818]},"properties":{"name":"Triệu Bình","level":"ward","province":"Quảng Trị"}},{"type":"Feature","geometry":{"type":"Point","coordinates":[107.247,16.797]},"properties":{"name":"Triệu Cơ","level":"ward","province":"Quảng Trị"}},{"type":"Feature","geometry":{"type":"Point","coordinates":[107.14,16.775]},"properties":{"name":"Ái Tử","level":"ward","province":"Quảng Trị"}},{"type":"Feature","geometry":{"type":"Point","coordinates":[107.248,16.687]},"properties":{"name":"Diên Sanh","level":"ward","province":"Quảng Trị"}},{"type":"Feature","geometry":{"type":"Point","coordinates":[107.27,16.749]},"properties":{"name":"Vĩnh Định","level":"ward","province":"Quảng Trị"}},{"type":"Feature","geometry":{"type":"Point","coordinates":[107.26,16.684]},"properties":{"name":"Hải Lăng","level":"ward","province":"Quảng Trị"}},{"type":"Feature","geometry":{"type":"Point","coordinates":[107.299,16.638]},"properties":{"name":"Nam Hải Lăng","level":"ward","province":"Quảng Trị"}},{"type":"Feature","geometry":{"type":"Point","coordinates":[107.372,16.743]},"properties":{"name":"Mỹ Thủy","level":"ward","province":"Quảng Trị"}},{"type":"Feature","geometry":{"type":"Point","coordinates":[107.339,17.159]},"properties":{"name":"Cồn Cỏ","level":"ward","province":"Quảng Trị"}},{"type":"Feature","geometry":{"type":"Point","coordinates":[107.58,16.478]},"properties":{"name":"Phú Xuân","level":"ward","province":"Huế"}},{"type":"Feature","geometry":{"type":"Point","coordinates":[107.561,16.465]},"properties":{"name":"Kim Long","level":"ward","province":"Huế"}},{"type":"Feature","geometry":{"type":"Point","coordinates":[107.599,16.48]},"properties":{"name":"Vỹ Dạ","level":"ward","province":"Huế"}},{"type":"Feature","geometry":{"type":"Point","coordinates":[107.598,16.464]},"properties":{"name":"Thuận Hóa","level":"ward","province":"Huế"}},{"type":"Feature","geometry":{"type":"Point","coordinates":[107.555,16.486]},"properties":{"name":"Hương An","level":"ward","province":"Huế"}},{"type":"Feature","geometry":{"type":"Point","coordinates":[107.573,16.435]},"properties":{"name":"Thủy Xuân","level":"ward","province":"Huế"}},{"type":"Feature","geometry":{"type":"Point","coordinates":[107.598,16.453]},"properties":{"name":"An Cựu","level":"ward","province":"Huế"}},{"type":"Feature","geometry":{"type":"Point","coordinates":[107.365,16.582]},"properties":{"name":"Phong Điền","level":"ward","province":"Huế"}},{"type":"Feature","geometry":{"type":"Point","coordinates":[107.414,16.683]},"properties":{"name":"Phong Phú","level":"ward","province":"Huế"}},{"type":"Feature","geometry":{"type":"Point","coordinates":[107.326,16.659]},"properties":{"name":"Phong Dinh","level":"ward","province":"Huế"}},{"type":"Feature","geometry":{"type":"Point","coordinates":[107.454,16.547]},"properties":{"name":"Phong Thái","level":"ward","province":"Huế"}},{"type":"Feature","geometry":{"type":"Point","coordinates":[107.472,16.652]},"properties":{"name":"Phong Quảng","level":"ward","province":"Huế"}},{"type":"Feature","geometry":{"type":"Point","coordinates":[107.645,16.56]},"properties":{"name":"Thuận An","level":"ward","province":"Huế"}},{"type":"Feature","geometry":{"type":"Point","coordinates":[107.604,16.514]},"properties":{"name":"Dương Nỗ","level":"ward","province":"Huế"}},{"type":"Feature","geometry":{"type":"Point","coordinates":[107.604,16.496]},"properties":{"name":"Mỹ Thượng","level":"ward","province":"Huế"}},{"type":"Feature","geometry":{"type":"Point","coordinates":[107.678,16.409]},"properties":{"name":"Phú Bài","level":"ward","province":"Huế"}},{"type":"Feature","geometry":{"type":"Point","coordinates":[107.621,16.438]},"properties":{"name":"Thanh Thủy","level":"ward","province":"Huế"}},{"type":"Feature","geometry":{"type":"Point","coordinates":[107.667,16.424]},"properties":{"name":"Hương Thủy","level":"ward","province":"Huế"}},{"type":"Feature","geometry":{"type":"Point","coordinates":[107.484,16.519]},"properties":{"name":"Hương Trà","level":"ward","province":"Huế"}},{"type":"Feature","geometry":{"type":"Point","coordinates":[107.577,16.551]},"properties":{"name":"Hóa Châu","level":"ward","province":"Huế"}},{"type":"Feature","geometry":{"type":"Point","coordinates":[107.509,16.507]},"properties":{"name":"Kim Trà","level":"ward","province":"Huế"}},{"type":"Feature","geometry":{"type":"Point","coordinates":[107.55,16.564]},"properties":{"name":"Quảng Điền","level":"ward","province":"Huế"}},{"type":"Feature","geometry":{"type":"Point","coordinates":[107.496,16.559]},"properties":{"name":"Đan Điền","level":"ward","province":"Huế"}},{"type":"Feature","geometry":{"type":"Point","coordinates":[107.702,16.49]},"properties":{"name":"Phú Hồ","level":"ward","province":"Huế"}},{"type":"Feature","geometry":{"type":"Point","coordinates":[107.776,16.414]},"properties":{"name":"Phú Vang","level":"ward","province":"Huế"}},{"type":"Feature","geometry":{"type":"Point","coordinates":[107.785,16.433]},"properties":{"name":"Phú Vinh","level":"ward","province":"Huế"}},{"type":"Feature","geometry":{"type":"Point","coordinates":[107.505,16.349]},"properties":{"name":"Bình Điền","level":"ward","province":"Huế"}},{"type":"Feature","geometry":{"type":"Point","coordinates":[107.231,16.272]},"properties":{"name":"A Lưới 2","level":"ward","province":"Huế"}},{"type":"Feature","geometry":{"type":"Point","coordinates":[107.337,16.301]},"properties":{"name":"A Lưới 5","level":"ward","province":"Huế"}},{"type":"Feature","geometry":{"type":"Point","coordinates":[107.173,16.329]},"properties":{"name":"A Lưới 1","level":"ward","province":"Huế"}},{"type":"Feature","geometry":{"type":"Point","coordinates":[107.254,16.248]},"properties":{"name":"A Lưới 3","level":"ward","province":"Huế"}},{"type":"Feature","geometry":{"type":"Point","coordinates":[107.346,16.117]},"properties":{"name":"A Lưới 4","level":"ward","province":"Huế"}},{"type":"Feature","geometry":{"type":"Point","coordinates":[107.859,16.28]},"properties":{"name":"Phú Lộc","level":"ward","province":"Huế"}},{"type":"Feature","geometry":{"type":"Point","coordinates":[107.843,16.374]},"properties":{"name":"Vinh Lộc","level":"ward","province":"Huế"}},{"type":"Feature","geometry":{"type":"Point","coordinates":[107.738,16.356]},"properties":{"name":"Hưng Lộc","level":"ward","province":"Huế"}},{"type":"Feature","geometry":{"type":"Point","coordinates":[107.991,16.274]},"properties":{"name":"Chân Mây - Lăng Cô","level":"ward","province":"Huế"}},{"type":"Feature","geometry":{"type":"Point","coordinates":[107.773,16.323]},"properties":{"name":"Lộc An","level":"ward","province":"Huế"}},{"type":"Feature","geometry":{"type":"Point","coordinates":[107.718,16.168]},"properties":{"name":"Khe Tre","level":"ward","province":"Huế"}},{"type":"Feature","geometry":{"type":"Point","coordinates":[107.711,16.16]},"properties":{"name":"Nam Đông","level":"ward","province":"Huế"}},{"type":"Feature","geometry":{"type":"Point","coordinates":[107.669,16.128]},"properties":{"name":"Long Quảng","level":"ward","province":"Huế"}},{"type":"Feature","geometry":{"type":"Point","coordinates":[108.115,16.135]},"properties":{"name":"Hải Vân","level":"ward","province":"Đà Nẵng"}},{"type":"Feature","geometry":{"type":"Point","coordinates":[108.139,16.077]},"properties":{"name":"Liên Chiểu","level":"ward","province":"Đà Nẵng"}},{"type":"Feature","geometry":{"type":"Point","coordinates":[108.155,16.05]},"properties":{"name":"Hòa Khánh","level":"ward","province":"Đà Nẵng"}},{"type":"Feature","geometry":{"type":"Point","coordinates":[108.182,16.066]},"properties":{"name":"Thanh Khê","level":"ward","province":"Đà Nẵng"}},{"type":"Feature","geometry":{"type":"Point","coordinates":[108.219,16.059]},"properties":{"name":"Hải Châu","level":"ward","province":"Đà Nẵng"}},{"type":"Feature","geometry":{"type":"Point","coordinates":[108.218,16.042]},"properties":{"name":"Hòa Cường","level":"ward","province":"Đà Nẵng"}},{"type":"Feature","geometry":{"type":"Point","coordinates":[108.201,16.015]},"properties":{"name":"Cẩm Lệ","level":"ward","province":"Đà Nẵng"}},{"type":"Feature","geometry":{"type":"Point","coordinates":[108.249,16.102]},"properties":{"name":"Sơn Trà","level":"ward","province":"Đà Nẵng"}},{"type":"Feature","geometry":{"type":"Point","coordinates":[108.236,16.07]},"properties":{"name":"An Hải","level":"ward","province":"Đà Nẵng"}},{"type":"Feature","geometry":{"type":"Point","coordinates":[108.263,16.004]},"properties":{"name":"Ngũ Hành Sơn","level":"ward","province":"Đà Nẵng"}},{"type":"Feature","geometry":{"type":"Point","coordinates":[108.186,16.05]},"properties":{"name":"An Khê","level":"ward","province":"Đà Nẵng"}},{"type":"Feature","geometry":{"type":"Point","coordinates":[108.22,16.005]},"properties":{"name":"Hòa Xuân","level":"ward","province":"Đà Nẵng"}},{"type":"Feature","geometry":{"type":"Point","coordinates":[108.467,15.585]},"properties":{"name":"Bàn Thạch","level":"ward","province":"Đà Nẵng"}},{"type":"Feature","geometry":{"type":"Point","coordinates":[108.499,15.576]},"properties":{"name":"Tam Kỳ","level":"ward","province":"Đà Nẵng"}},{"type":"Feature","geometry":{"type":"Point","coordinates":[108.51,15.559]},"properties":{"name":"Hương Trà","level":"ward","province":"Đà Nẵng"}},{"type":"Feature","geometry":{"type":"Point","coordinates":[108.496,15.598]},"properties":{"name":"Quảng Phú","level":"ward","province":"Đà Nẵng"}},{"type":"Feature","geometry":{"type":"Point","coordinates":[108.311,15.897]},"properties":{"name":"Hội An Tây","level":"ward","province":"Đà Nẵng"}},{"type":"Feature","geometry":{"type":"Point","coordinates":[108.337,15.888]},"properties":{"name":"Hội An","level":"ward","province":"Đà Nẵng"}},{"type":"Feature","geometry":{"type":"Point","coordinates":[108.364,15.879]},"properties":{"name":"Hội An Đông","level":"ward","province":"Đà Nẵng"}},{"type":"Feature","geometry":{"type":"Point","coordinates":[108.249,15.889]},"properties":{"name":"Điện Bàn","level":"ward","province":"Đà Nẵng"}},{"type":"Feature","geometry":{"type":"Point","coordinates":[108.194,15.932]},"properties":{"name":"Điện Bàn Bắc","level":"ward","province":"Đà Nẵng"}},{"type":"Feature","geometry":{"type":"Point","coordinates":[108.225,15.906]},"properties":{"name":"An Thắng","level":"ward","province":"Đà Nẵng"}},{"type":"Feature","geometry":{"type":"Point","coordinates":[108.27,15.932]},"properties":{"name":"Điện Bàn Đông","level":"ward","province":"Đà Nẵng"}},{"type":"Feature","geometry":{"type":"Point","coordinates":[107.995,15.998]},"properties":{"name":"Bà Nà","level":"ward","province":"Đà Nẵng"}},{"type":"Feature","geometry":{"type":"Point","coordinates":[108.028,15.97]},"properties":{"name":"Hòa Vang","level":"ward","province":"Đà Nẵng"}},{"type":"Feature","geometry":{"type":"Point","coordinates":[108.133,15.96]},"properties":{"name":"Hòa Tiến","level":"ward","province":"Đà Nẵng"}},{"type":"Feature","geometry":{"type":"Point","coordinates":[108.432,15.564]},"properties":{"name":"Chiên Đàn","level":"ward","province":"Đà Nẵng"}},{"type":"Feature","geometry":{"type":"Point","coordinates":[108.377,15.589]},"properties":{"name":"Tây Hồ","level":"ward","province":"Đà Nẵng"}},{"type":"Feature","geometry":{"type":"Point","coordinates":[108.423,15.526]},"properties":{"name":"Phú Ninh","level":"ward","province":"Đà Nẵng"}},{"type":"Feature","geometry":{"type":"Point","coordinates":[108.507,15.958]},"properties":{"name":"Tân Hiệp","level":"ward","province":"Đà Nẵng"}},{"type":"Feature","geometry":{"type":"Point","coordinates":[107.307,15.809]},"properties":{"name":"Hùng Sơn","level":"ward","province":"Đà Nẵng"}},{"type":"Feature","geometry":{"type":"Point","coordinates":[107.489,15.876]},"properties":{"name":"Tây Giang","level":"ward","province":"Đà Nẵng"}},{"type":"Feature","geometry":{"type":"Point","coordinates":[107.555,15.97]},"properties":{"name":"Avương","level":"ward","province":"Đà Nẵng"}},{"type":"Feature","geometry":{"type":"Point","coordinates":[108.233,16.06]},"properties":{"name":"Đông Giang","level":"ward","province":"Đà Nẵng"}},{"type":"Feature","geometry":{"type":"Point","coordinates":[107.912,15.867]},"properties":{"name":"Sông Kôn","level":"ward","province":"Đà Nẵng"}},{"type":"Feature","geometry":{"type":"Point","coordinates":[107.878,15.886]},"properties":{"name":"Sông Vàng","level":"ward","province":"Đà Nẵng"}},{"type":"Feature","geometry":{"type":"Point","coordinates":[107.718,15.847]},"properties":{"name":"Bến Hiên","level":"ward","province":"Đà Nẵng"}},{"type":"Feature","geometry":{"type":"Point","coordinates":[108.107,15.895]},"properties":{"name":"Đại Lộc","level":"ward","province":"Đà Nẵng"}},{"type":"Feature","geometry":{"type":"Point","coordinates":[108.256,15.993]},"properties":{"name":"Thượng Đức","level":"ward","province":"Đà Nẵng"}},{"type":"Feature","geometry":{"type":"Point","coordinates":[108.008,15.86]},"properties":{"name":"Hà Nha","level":"ward","province":"Đà Nẵng"}},{"type":"Feature","geometry":{"type":"Point","coordinates":[108.068,15.854]},"properties":{"name":"Vu Gia","level":"ward","province":"Đà Nẵng"}},{"type":"Feature","geometry":{"type":"Point","coordinates":[107.994,15.783]},"properties":{"name":"Phú Thuận","level":"ward","province":"Đà Nẵng"}},{"type":"Feature","geometry":{"type":"Point","coordinates":[108.176,15.889]},"properties":{"name":"Điện Bàn Tây","level":"ward","province":"Đà Nẵng"}},{"type":"Feature","geometry":{"type":"Point","coordinates":[108.225,15.855]},"properties":{"name":"Gò Nổi","level":"ward","province":"Đà Nẵng"}},{"type":"Feature","geometry":{"type":"Point","coordinates":[108.258,15.828]},"properties":{"name":"Nam Phước","level":"ward","province":"Đà Nẵng"}},{"type":"Feature","geometry":{"type":"Point","coordinates":[108.346,15.868]},"properties":{"name":"Thu Bồn","level":"ward","province":"Đà Nẵng"}},{"type":"Feature","geometry":{"type":"Point","coordinates":[108.205,15.782]},"properties":{"name":"Duy Xuyên","level":"ward","province":"Đà Nẵng"}},{"type":"Feature","geometry":{"type":"Point","coordinates":[108.379,15.842]},"properties":{"name":"Duy Nghĩa","level":"ward","province":"Đà Nẵng"}},{"type":"Feature","geometry":{"type":"Point","coordinates":[108.25,15.713]},"properties":{"name":"Quế Sơn","level":"ward","province":"Đà Nẵng"}},{"type":"Feature","geometry":{"type":"Point","coordinates":[108.163,16.082]},"properties":{"name":"Xuân Phú","level":"ward","province":"Đà Nẵng"}},{"type":"Feature","geometry":{"type":"Point","coordinates":[108.187,15.887]},"properties":{"name":"Nông Sơn","level":"ward","province":"Đà Nẵng"}},{"type":"Feature","geometry":{"type":"Point","coordinates":[108.25,15.713]},"properties":{"name":"Quế Sơn Trung","level":"ward","province":"Đà Nẵng"}},{"type":"Feature","geometry":{"type":"Point","coordinates":[107.986,15.642]},"properties":{"name":"Quế Phước","level":"ward","province":"Đà Nẵng"}},{"type":"Feature","geometry":{"type":"Point","coordinates":[107.836,15.75]},"properties":{"name":"Thạnh Mỹ","level":"ward","province":"Đà Nẵng"}},{"type":"Feature","geometry":{"type":"Point","coordinates":[107.352,15.66]},"properties":{"name":"La Êê","level":"ward","province":"Đà Nẵng"}},{"type":"Feature","geometry":{"type":"Point","coordinates":[107.441,15.553]},"properties":{"name":"La Dêê","level":"ward","province":"Đà Nẵng"}},{"type":"Feature","geometry":{"type":"Point","coordinates":[107.513,15.675]},"properties":{"name":"Nam Giang","level":"ward","province":"Đà Nẵng"}},{"type":"Feature","geometry":{"type":"Point","coordinates":[107.766,15.69]},"properties":{"name":"Bến Giằng","level":"ward","province":"Đà Nẵng"}},{"type":"Feature","geometry":{"type":"Point","coordinates":[107.597,15.5]},"properties":{"name":"Đắc Pring","level":"ward","province":"Đà Nẵng"}},{"type":"Feature","geometry":{"type":"Point","coordinates":[107.79,15.44]},"properties":{"name":"Khâm Đức","level":"ward","province":"Đà Nẵng"}},{"type":"Feature","geometry":{"type":"Point","coordinates":[107.917,15.469]},"properties":{"name":"Phước Hiệp","level":"ward","province":"Đà Nẵng"}},{"type":"Feature","geometry":{"type":"Point","coordinates":[108.215,16.061]},"properties":{"name":"Phước Năng","level":"ward","province":"Đà Nẵng"}},{"type":"Feature","geometry":{"type":"Point","coordinates":[107.804,15.322]},"properties":{"name":"Phước Chánh","level":"ward","province":"Đà Nẵng"}},{"type":"Feature","geometry":{"type":"Point","coordinates":[107.886,15.314]},"properties":{"name":"Phước Thành","level":"ward","province":"Đà Nẵng"}},{"type":"Feature","geometry":{"type":"Point","coordinates":[108.169,15.568]},"properties":{"name":"Việt An","level":"ward","province":"Đà Nẵng"}},{"type":"Feature","geometry":{"type":"Point","coordinates":[108.066,15.482]},"properties":{"name":"Phước Trà","level":"ward","province":"Đà Nẵng"}},{"type":"Feature","geometry":{"type":"Point","coordinates":[108.063,15.571]},"properties":{"name":"Hiệp Đức","level":"ward","province":"Đà Nẵng"}},{"type":"Feature","geometry":{"type":"Point","coordinates":[108.362,15.723]},"properties":{"name":"Thăng Bình","level":"ward","province":"Đà Nẵng"}},{"type":"Feature","geometry":{"type":"Point","coordinates":[108.403,15.772]},"properties":{"name":"Thăng An","level":"ward","province":"Đà Nẵng"}},{"type":"Feature","geometry":{"type":"Point","coordinates":[108.29,15.647]},"properties":{"name":"Đồng Dương","level":"ward","province":"Đà Nẵng"}},{"type":"Feature","geometry":{"type":"Point","coordinates":[108.353,15.637]},"properties":{"name":"Thăng Phú","level":"ward","province":"Đà Nẵng"}},{"type":"Feature","geometry":{"type":"Point","coordinates":[108.467,15.684]},"properties":{"name":"Thăng Trường","level":"ward","province":"Đà Nẵng"}},{"type":"Feature","geometry":{"type":"Point","coordinates":[108.42,15.672]},"properties":{"name":"Thăng Điền","level":"ward","province":"Đà Nẵng"}},{"type":"Feature","geometry":{"type":"Point","coordinates":[108.308,15.489]},"properties":{"name":"Tiên Phước","level":"ward","province":"Đà Nẵng"}},{"type":"Feature","geometry":{"type":"Point","coordinates":[108.255,15.538]},"properties":{"name":"Sơn Cẩm Hà","level":"ward","province":"Đà Nẵng"}},{"type":"Feature","geometry":{"type":"Point","coordinates":[108.203,15.444]},"properties":{"name":"Lãnh Ngọc","level":"ward","province":"Đà Nẵng"}},{"type":"Feature","geometry":{"type":"Point","coordinates":[108.213,16.079]},"properties":{"name":"Thạnh Bình","level":"ward","province":"Đà Nẵng"}},{"type":"Feature","geometry":{"type":"Point","coordinates":[108.22,15.339]},"properties":{"name":"Trà My","level":"ward","province":"Đà Nẵng"}},{"type":"Feature","geometry":{"type":"Point","coordinates":[108.374,15.34]},"properties":{"name":"Trà Liên","level":"ward","province":"Đà Nẵng"}},{"type":"Feature","geometry":{"type":"Point","coordinates":[108.064,15.352]},"properties":{"name":"Trà Đốc","level":"ward","province":"Đà Nẵng"}},{"type":"Feature","geometry":{"type":"Point","coordinates":[108.182,15.257]},"properties":{"name":"Trà Tân","level":"ward","province":"Đà Nẵng"}},{"type":"Feature","geometry":{"type":"Point","coordinates":[108.248,15.199]},"properties":{"name":"Trà Giáp","level":"ward","province":"Đà Nẵng"}},{"type":"Feature","geometry":{"type":"Point","coordinates":[108,15.229]},"properties":{"name":"Trà Leng","level":"ward","province":"Đà Nẵng"}},{"type":"Feature","geometry":{"type":"Point","coordinates":[108.076,15.181]},"properties":{"name":"Trà Tập","level":"ward","province":"Đà Nẵng"}},{"type":"Feature","geometry":{"type":"Point","coordinates":[108.152,15.125]},"properties":{"name":"Nam Trà My","level":"ward","province":"Đà Nẵng"}},{"type":"Feature","geometry":{"type":"Point","coordinates":[108.041,15.024]},"properties":{"name":"Trà Linh","level":"ward","province":"Đà Nẵng"}},{"type":"Feature","geometry":{"type":"Point","coordinates":[108.204,15.109]},"properties":{"name":"Trà Vân","level":"ward","province":"Đà Nẵng"}},{"type":"Feature","geometry":{"type":"Point","coordinates":[108.656,15.434]},"properties":{"name":"Núi Thành","level":"ward","province":"Đà Nẵng"}},{"type":"Feature","geometry":{"type":"Point","coordinates":[108.485,15.561]},"properties":{"name":"Tam Xuân","level":"ward","province":"Đà Nẵng"}},{"type":"Feature","geometry":{"type":"Point","coordinates":[108.579,15.449]},"properties":{"name":"Đức Phú","level":"ward","province":"Đà Nẵng"}},{"type":"Feature","geometry":{"type":"Point","coordinates":[108.571,15.483]},"properties":{"name":"Tam Anh","level":"ward","province":"Đà Nẵng"}},{"type":"Feature","geometry":{"type":"Point","coordinates":[108.664,15.494]},"properties":{"name":"Tam Hải","level":"ward","province":"Đà Nẵng"}},{"type":"Feature","geometry":{"type":"Point","coordinates":[108.555,15.367]},"properties":{"name":"Tam Mỹ","level":"ward","province":"Đà Nẵng"}},{"type":"Feature","geometry":{"type":"Point","coordinates":[108.252,16.095]},"properties":{"name":"Hoàng Sa","level":"ward","province":"Đà Nẵng"}},{"type":"Feature","geometry":{"type":"Point","coordinates":[108.804,15.121]},"properties":{"name":"Cẩm Thành","level":"ward","province":"Quảng Ngãi"}},{"type":"Feature","geometry":{"type":"Point","coordinates":[108.794,15.106]},"properties":{"name":"Nghĩa Lộ","level":"ward","province":"Quảng Ngãi"}},{"type":"Feature","geometry":{"type":"Point","coordinates":[108.798,15.148]},"properties":{"name":"Trương Quang Trọng","level":"ward","province":"Quảng Ngãi"}},{"type":"Feature","geometry":{"type":"Point","coordinates":[108.957,14.809]},"properties":{"name":"Đức Phổ","level":"ward","province":"Quảng Ngãi"}},{"type":"Feature","geometry":{"type":"Point","coordinates":[108.896,14.873]},"properties":{"name":"Trà Câu","level":"ward","province":"Quảng Ngãi"}},{"type":"Feature","geometry":{"type":"Point","coordinates":[109.066,14.677]},"properties":{"name":"Sa Huỳnh","level":"ward","province":"Quảng Ngãi"}},{"type":"Feature","geometry":{"type":"Point","coordinates":[108,14.369]},"properties":{"name":"Đăk Cấm","level":"ward","province":"Quảng Ngãi"}},{"type":"Feature","geometry":{"type":"Point","coordinates":[107.982,14.342]},"properties":{"name":"Kon Tum","level":"ward","province":"Quảng Ngãi"}},{"type":"Feature","geometry":{"type":"Point","coordinates":[107.803,15.178]},"properties":{"name":"Đăk Bla","level":"ward","province":"Quảng Ngãi"}},{"type":"Feature","geometry":{"type":"Point","coordinates":[108.86,15.121]},"properties":{"name":"An Phú","level":"ward","province":"Quảng Ngãi"}},{"type":"Feature","geometry":{"type":"Point","coordinates":[108.759,15.287]},"properties":{"name":"Bình Sơn","level":"ward","province":"Quảng Ngãi"}},{"type":"Feature","geometry":{"type":"Point","coordinates":[108.811,15.121]},"properties":{"name":"Vạn Tường","level":"ward","province":"Quảng Ngãi"}},{"type":"Feature","geometry":{"type":"Point","coordinates":[108.664,15.277]},"properties":{"name":"Bình Minh","level":"ward","province":"Quảng Ngãi"}},{"type":"Feature","geometry":{"type":"Point","coordinates":[108.719,15.27]},"properties":{"name":"Bình Chương","level":"ward","province":"Quảng Ngãi"}},{"type":"Feature","geometry":{"type":"Point","coordinates":[108.887,15.241]},"properties":{"name":"Đông Sơn","level":"ward","province":"Quảng Ngãi"}},{"type":"Feature","geometry":{"type":"Point","coordinates":[108.453,15.209]},"properties":{"name":"Trà Bồng","level":"ward","province":"Quảng Ngãi"}},{"type":"Feature","geometry":{"type":"Point","coordinates":[108.379,15.256]},"properties":{"name":"Thanh Bồng","level":"ward","province":"Quảng Ngãi"}},{"type":"Feature","geometry":{"type":"Point","coordinates":[108.587,15.277]},"properties":{"name":"Đông Trà Bồng","level":"ward","province":"Quảng Ngãi"}},{"type":"Feature","geometry":{"type":"Point","coordinates":[108.534,15.165]},"properties":{"name":"Cà Đam","level":"ward","province":"Quảng Ngãi"}},{"type":"Feature","geometry":{"type":"Point","coordinates":[108.339,15.161]},"properties":{"name":"Tây Trà","level":"ward","province":"Quảng Ngãi"}},{"type":"Feature","geometry":{"type":"Point","coordinates":[108.425,15.148]},"properties":{"name":"Tây Trà Bồng","level":"ward","province":"Quảng Ngãi"}},{"type":"Feature","geometry":{"type":"Point","coordinates":[108.804,15.22]},"properties":{"name":"Thọ Phong","level":"ward","province":"Quảng Ngãi"}},{"type":"Feature","geometry":{"type":"Point","coordinates":[108.632,15.17]},"properties":{"name":"Trường Giang","level":"ward","province":"Quảng Ngãi"}},{"type":"Feature","geometry":{"type":"Point","coordinates":[108.655,15.212]},"properties":{"name":"Ba Gia","level":"ward","province":"Quảng Ngãi"}},{"type":"Feature","geometry":{"type":"Point","coordinates":[108.861,15.18]},"properties":{"name":"Tịnh Khê","level":"ward","province":"Quảng Ngãi"}},{"type":"Feature","geometry":{"type":"Point","coordinates":[108.708,15.199]},"properties":{"name":"Sơn Tịnh","level":"ward","province":"Quảng Ngãi"}},{"type":"Feature","geometry":{"type":"Point","coordinates":[108.768,15.091]},"properties":{"name":"Tư Nghĩa","level":"ward","province":"Quảng Ngãi"}},{"type":"Feature","geometry":{"type":"Point","coordinates":[108.851,15.042]},"properties":{"name":"Vệ Giang","level":"ward","province":"Quảng Ngãi"}},{"type":"Feature","geometry":{"type":"Point","coordinates":[108.676,15.092]},"properties":{"name":"Trà Giang","level":"ward","province":"Quảng Ngãi"}},{"type":"Feature","geometry":{"type":"Point","coordinates":[108.734,15.114]},"properties":{"name":"Nghĩa Giang","level":"ward","province":"Quảng Ngãi"}},{"type":"Feature","geometry":{"type":"Point","coordinates":[108.525,14.975]},"properties":{"name":"Sơn Hà","level":"ward","province":"Quảng Ngãi"}},{"type":"Feature","geometry":{"type":"Point","coordinates":[108.525,14.975]},"properties":{"name":"Sơn Hạ","level":"ward","province":"Quảng Ngãi"}},{"type":"Feature","geometry":{"type":"Point","coordinates":[108.59,15.003]},"properties":{"name":"Sơn Linh","level":"ward","province":"Quảng Ngãi"}},{"type":"Feature","geometry":{"type":"Point","coordinates":[108.499,14.968]},"properties":{"name":"Sơn Thủy","level":"ward","province":"Quảng Ngãi"}},{"type":"Feature","geometry":{"type":"Point","coordinates":[108.52,14.863]},"properties":{"name":"Sơn Kỳ","level":"ward","province":"Quảng Ngãi"}},{"type":"Feature","geometry":{"type":"Point","coordinates":[108.355,14.97]},"properties":{"name":"Sơn Tây Thượng","level":"ward","province":"Quảng Ngãi"}},{"type":"Feature","geometry":{"type":"Point","coordinates":[108.355,14.97]},"properties":{"name":"Sơn Tây","level":"ward","province":"Quảng Ngãi"}},{"type":"Feature","geometry":{"type":"Point","coordinates":[108.355,14.97]},"properties":{"name":"Sơn Tây Hạ","level":"ward","province":"Quảng Ngãi"}},{"type":"Feature","geometry":{"type":"Point","coordinates":[108.701,14.988]},"properties":{"name":"Sơn Mai","level":"ward","province":"Quảng Ngãi"}},{"type":"Feature","geometry":{"type":"Point","coordinates":[108.676,14.946]},"properties":{"name":"Minh Long","level":"ward","province":"Quảng Ngãi"}},{"type":"Feature","geometry":{"type":"Point","coordinates":[108.798,14.969]},"properties":{"name":"Nghĩa Hành","level":"ward","province":"Quảng Ngãi"}},{"type":"Feature","geometry":{"type":"Point","coordinates":[108.735,15.04]},"properties":{"name":"Phước Giang","level":"ward","province":"Quảng Ngãi"}},{"type":"Feature","geometry":{"type":"Point","coordinates":[108.833,14.986]},"properties":{"name":"Đình Cương","level":"ward","province":"Quảng Ngãi"}},{"type":"Feature","geometry":{"type":"Point","coordinates":[108.761,14.923]},"properties":{"name":"Thiện Tín","level":"ward","province":"Quảng Ngãi"}},{"type":"Feature","geometry":{"type":"Point","coordinates":[108.888,14.988]},"properties":{"name":"Mộ Đức","level":"ward","province":"Quảng Ngãi"}},{"type":"Feature","geometry":{"type":"Point","coordinates":[108.882,15.04]},"properties":{"name":"Long Phụng","level":"ward","province":"Quảng Ngãi"}},{"type":"Feature","geometry":{"type":"Point","coordinates":[108.897,14.991]},"properties":{"name":"Mỏ Cày","level":"ward","province":"Quảng Ngãi"}},{"type":"Feature","geometry":{"type":"Point","coordinates":[108.921,14.889]},"properties":{"name":"Lân Phong","level":"ward","province":"Quảng Ngãi"}},{"type":"Feature","geometry":{"type":"Point","coordinates":[108.806,15.121]},"properties":{"name":"Nguyễn Nghiêm","level":"ward","province":"Quảng Ngãi"}},{"type":"Feature","geometry":{"type":"Point","coordinates":[109.016,14.727]},"properties":{"name":"Khánh Cường","level":"ward","province":"Quảng Ngãi"}},{"type":"Feature","geometry":{"type":"Point","coordinates":[108.741,14.716]},"properties":{"name":"Ba Tơ","level":"ward","province":"Quảng Ngãi"}},{"type":"Feature","geometry":{"type":"Point","coordinates":[108.664,14.844]},"properties":{"name":"Ba Vinh","level":"ward","province":"Quảng Ngãi"}},{"type":"Feature","geometry":{"type":"Point","coordinates":[108.778,14.823]},"properties":{"name":"Ba Động","level":"ward","province":"Quảng Ngãi"}},{"type":"Feature","geometry":{"type":"Point","coordinates":[108.759,15.302]},"properties":{"name":"Ba Dinh","level":"ward","province":"Quảng Ngãi"}},{"type":"Feature","geometry":{"type":"Point","coordinates":[108.87,14.739]},"properties":{"name":"Đặng Thùy Trâm","level":"ward","province":"Quảng Ngãi"}},{"type":"Feature","geometry":{"type":"Point","coordinates":[108.741,14.716]},"properties":{"name":"Ba Tô","level":"ward","province":"Quảng Ngãi"}},{"type":"Feature","geometry":{"type":"Point","coordinates":[108.559,14.742]},"properties":{"name":"Ba Vì","level":"ward","province":"Quảng Ngãi"}},{"type":"Feature","geometry":{"type":"Point","coordinates":[108.742,14.742]},"properties":{"name":"Ba Xa","level":"ward","province":"Quảng Ngãi"}},{"type":"Feature","geometry":{"type":"Point","coordinates":[107.916,14.395]},"properties":{"name":"Ngọk Bay","level":"ward","province":"Quảng Ngãi"}},{"type":"Feature","geometry":{"type":"Point","coordinates":[107.904,14.308]},"properties":{"name":"Ia Chim","level":"ward","province":"Quảng Ngãi"}},{"type":"Feature","geometry":{"type":"Point","coordinates":[108.042,14.318]},"properties":{"name":"Đăk Rơ Wa","level":"ward","province":"Quảng Ngãi"}},{"type":"Feature","geometry":{"type":"Point","coordinates":[107.74,15.079]},"properties":{"name":"Đăk Pék","level":"ward","province":"Quảng Ngãi"}},{"type":"Feature","geometry":{"type":"Point","coordinates":[107.672,15.249]},"properties":{"name":"Đăk Plô","level":"ward","province":"Quảng Ngãi"}},{"type":"Feature","geometry":{"type":"Point","coordinates":[107.807,15.114]},"properties":{"name":"Xốp","level":"ward","province":"Quảng Ngãi"}},{"type":"Feature","geometry":{"type":"Point","coordinates":[107.929,15.088]},"properties":{"name":"Ngọc Linh","level":"ward","province":"Quảng Ngãi"}},{"type":"Feature","geometry":{"type":"Point","coordinates":[107.926,14.63]},"properties":{"name":"Đăk Long","level":"ward","province":"Quảng Ngãi"}},{"type":"Feature","geometry":{"type":"Point","coordinates":[107.709,14.889]},"properties":{"name":"Đăk Môn","level":"ward","province":"Quảng Ngãi"}},{"type":"Feature","geometry":{"type":"Point","coordinates":[107.689,14.705]},"properties":{"name":"Bờ Y","level":"ward","province":"Quảng Ngãi"}},{"type":"Feature","geometry":{"type":"Point","coordinates":[107.676,14.853]},"properties":{"name":"Dục Nông","level":"ward","province":"Quảng Ngãi"}},{"type":"Feature","geometry":{"type":"Point","coordinates":[107.638,14.618]},"properties":{"name":"Sa Loong","level":"ward","province":"Quảng Ngãi"}},{"type":"Feature","geometry":{"type":"Point","coordinates":[107.84,14.661]},"properties":{"name":"Đăk Tô","level":"ward","province":"Quảng Ngãi"}},{"type":"Feature","geometry":{"type":"Point","coordinates":[107.823,14.927]},"properties":{"name":"Đăk Sao","level":"ward","province":"Quảng Ngãi"}},{"type":"Feature","geometry":{"type":"Point","coordinates":[107.866,14.795]},"properties":{"name":"Đăk Tờ Kan","level":"ward","province":"Quảng Ngãi"}},{"type":"Feature","geometry":{"type":"Point","coordinates":[107.955,14.888]},"properties":{"name":"Tu Mơ Rông","level":"ward","province":"Quảng Ngãi"}},{"type":"Feature","geometry":{"type":"Point","coordinates":[107.763,14.764]},"properties":{"name":"Ngọk Tụ","level":"ward","province":"Quảng Ngãi"}},{"type":"Feature","geometry":{"type":"Point","coordinates":[107.837,14.7]},"properties":{"name":"Kon Đào","level":"ward","province":"Quảng Ngãi"}},{"type":"Feature","geometry":{"type":"Point","coordinates":[107.927,14.957]},"properties":{"name":"Măng Ri","level":"ward","province":"Quảng Ngãi"}},{"type":"Feature","geometry":{"type":"Point","coordinates":[108.198,14.834]},"properties":{"name":"Măng Bút","level":"ward","province":"Quảng Ngãi"}},{"type":"Feature","geometry":{"type":"Point","coordinates":[108.292,14.601]},"properties":{"name":"Măng Đen","level":"ward","province":"Quảng Ngãi"}},{"type":"Feature","geometry":{"type":"Point","coordinates":[108.292,14.601]},"properties":{"name":"Kon Plông","level":"ward","province":"Quảng Ngãi"}},{"type":"Feature","geometry":{"type":"Point","coordinates":[108.248,14.507]},"properties":{"name":"Đăk Rve","level":"ward","province":"Quảng Ngãi"}},{"type":"Feature","geometry":{"type":"Point","coordinates":[108.126,14.654]},"properties":{"name":"Đăk Kôi","level":"ward","province":"Quảng Ngãi"}},{"type":"Feature","geometry":{"type":"Point","coordinates":[108.167,14.43]},"properties":{"name":"Kon Braih","level":"ward","province":"Quảng Ngãi"}},{"type":"Feature","geometry":{"type":"Point","coordinates":[107.922,14.513]},"properties":{"name":"Đăk Hà","level":"ward","province":"Quảng Ngãi"}},{"type":"Feature","geometry":{"type":"Point","coordinates":[107.952,14.67]},"properties":{"name":"Đăk Pxi","level":"ward","province":"Quảng Ngãi"}},{"type":"Feature","geometry":{"type":"Point","coordinates":[108.002,14.564]},"properties":{"name":"Đăk Ui","level":"ward","province":"Quảng Ngãi"}},{"type":"Feature","geometry":{"type":"Point","coordinates":[107.921,14.538]},"properties":{"name":"Đăk Mar","level":"ward","province":"Quảng Ngãi"}},{"type":"Feature","geometry":{"type":"Point","coordinates":[108.039,14.486]},"properties":{"name":"Ngọk Réo","level":"ward","province":"Quảng Ngãi"}},{"type":"Feature","geometry":{"type":"Point","coordinates":[107.795,14.41]},"properties":{"name":"Sa Thầy","level":"ward","province":"Quảng Ngãi"}},{"type":"Feature","geometry":{"type":"Point","coordinates":[107.739,14.52]},"properties":{"name":"Rờ Kơi","level":"ward","province":"Quảng Ngãi"}},{"type":"Feature","geometry":{"type":"Point","coordinates":[107.857,14.38]},"properties":{"name":"Sa Bình","level":"ward","province":"Quảng Ngãi"}},{"type":"Feature","geometry":{"type":"Point","coordinates":[107.424,14.144]},"properties":{"name":"Ia Đal","level":"ward","province":"Quảng Ngãi"}},{"type":"Feature","geometry":{"type":"Point","coordinates":[107.546,14.378]},"properties":{"name":"Mô Rai","level":"ward","province":"Quảng Ngãi"}},{"type":"Feature","geometry":{"type":"Point","coordinates":[107.545,14.093]},"properties":{"name":"Ia Tơi","level":"ward","province":"Quảng Ngãi"}},{"type":"Feature","geometry":{"type":"Point","coordinates":[107.834,14.316]},"properties":{"name":"Ya Ly","level":"ward","province":"Quảng Ngãi"}},{"type":"Feature","geometry":{"type":"Point","coordinates":[109.117,15.381]},"properties":{"name":"Lý Sơn","level":"ward","province":"Quảng Ngãi"}},{"type":"Feature","geometry":{"type":"Point","coordinates":[109.182,13.795]},"properties":{"name":"Quy Nhơn Bắc","level":"ward","province":"Gia Lai"}},{"type":"Feature","geometry":{"type":"Point","coordinates":[109.177,13.755]},"properties":{"name":"Quy Nhơn","level":"ward","province":"Gia Lai"}},{"type":"Feature","geometry":{"type":"Point","coordinates":[109.149,13.764]},"properties":{"name":"Quy Nhơn Tây","level":"ward","province":"Gia Lai"}},{"type":"Feature","geometry":{"type":"Point","coordinates":[109.212,13.756]},"properties":{"name":"Quy Nhơn Nam","level":"ward","province":"Gia Lai"}},{"type":"Feature","geometry":{"type":"Point","coordinates":[109.259,13.817]},"properties":{"name":"Quy Nhơn Đông","level":"ward","province":"Gia Lai"}},{"type":"Feature","geometry":{"type":"Point","coordinates":[109.044,14.548]},"properties":{"name":"Tam Quan","level":"ward","province":"Gia Lai"}},{"type":"Feature","geometry":{"type":"Point","coordinates":[109.019,14.438]},"properties":{"name":"Bồng Sơn","level":"ward","province":"Gia Lai"}},{"type":"Feature","geometry":{"type":"Point","coordinates":[109.054,14.558]},"properties":{"name":"Hoài Nhơn Bắc","level":"ward","province":"Gia Lai"}},{"type":"Feature","geometry":{"type":"Point","coordinates":[109.023,14.531]},"properties":{"name":"Hoài Nhơn Tây","level":"ward","province":"Gia Lai"}},{"type":"Feature","geometry":{"type":"Point","coordinates":[109.02,14.515]},"properties":{"name":"Hoài Nhơn","level":"ward","province":"Gia Lai"}},{"type":"Feature","geometry":{"type":"Point","coordinates":[109.086,14.487]},"properties":{"name":"Hoài Nhơn Đông","level":"ward","province":"Gia Lai"}},{"type":"Feature","geometry":{"type":"Point","coordinates":[109.024,14.457]},"properties":{"name":"Hoài Nhơn Nam","level":"ward","province":"Gia Lai"}},{"type":"Feature","geometry":{"type":"Point","coordinates":[109.115,14.109]},"properties":{"name":"Bình Định","level":"ward","province":"Gia Lai"}},{"type":"Feature","geometry":{"type":"Point","coordinates":[109.067,13.857]},"properties":{"name":"An Nhơn","level":"ward","province":"Gia Lai"}},{"type":"Feature","geometry":{"type":"Point","coordinates":[109.135,13.933]},"properties":{"name":"An Nhơn Bắc","level":"ward","province":"Gia Lai"}},{"type":"Feature","geometry":{"type":"Point","coordinates":[109.105,13.902]},"properties":{"name":"An Nhơn Đông","level":"ward","province":"Gia Lai"}},{"type":"Feature","geometry":{"type":"Point","coordinates":[109.098,13.863]},"properties":{"name":"An Nhơn Nam","level":"ward","province":"Gia Lai"}},{"type":"Feature","geometry":{"type":"Point","coordinates":[107.996,13.973]},"properties":{"name":"Diên Hồng","level":"ward","province":"Gia Lai"}},{"type":"Feature","geometry":{"type":"Point","coordinates":[108,13.977]},"properties":{"name":"Pleiku","level":"ward","province":"Gia Lai"}},{"type":"Feature","geometry":{"type":"Point","coordinates":[107.989,14.03]},"properties":{"name":"Thống Nhất","level":"ward","province":"Gia Lai"}},{"type":"Feature","geometry":{"type":"Point","coordinates":[108.033,13.958]},"properties":{"name":"Hội Phú","level":"ward","province":"Gia Lai"}},{"type":"Feature","geometry":{"type":"Point","coordinates":[108.082,13.984]},"properties":{"name":"An Phú","level":"ward","province":"Gia Lai"}},{"type":"Feature","geometry":{"type":"Point","coordinates":[108.639,13.961]},"properties":{"name":"An Bình","level":"ward","province":"Gia Lai"}},{"type":"Feature","geometry":{"type":"Point","coordinates":[108.695,14.022]},"properties":{"name":"An Khê","level":"ward","province":"Gia Lai"}},{"type":"Feature","geometry":{"type":"Point","coordinates":[108.426,13.31]},"properties":{"name":"Ayun Pa","level":"ward","province":"Gia Lai"}},{"type":"Feature","geometry":{"type":"Point","coordinates":[109.346,13.62]},"properties":{"name":"Nhơn Châu","level":"ward","province":"Gia Lai"}},{"type":"Feature","geometry":{"type":"Point","coordinates":[108.783,14.533]},"properties":{"name":"An Lão","level":"ward","province":"Gia Lai"}},{"type":"Feature","geometry":{"type":"Point","coordinates":[108.813,14.612]},"properties":{"name":"An Vinh","level":"ward","province":"Gia Lai"}},{"type":"Feature","geometry":{"type":"Point","coordinates":[108.708,14.489]},"properties":{"name":"An Toàn","level":"ward","province":"Gia Lai"}},{"type":"Feature","geometry":{"type":"Point","coordinates":[108.853,14.539]},"properties":{"name":"An Hòa","level":"ward","province":"Gia Lai"}},{"type":"Feature","geometry":{"type":"Point","coordinates":[108.906,14.347]},"properties":{"name":"Hoài Ân","level":"ward","province":"Gia Lai"}},{"type":"Feature","geometry":{"type":"Point","coordinates":[108.931,14.482]},"properties":{"name":"Ân Hảo","level":"ward","province":"Gia Lai"}},{"type":"Feature","geometry":{"type":"Point","coordinates":[108.892,14.425]},"properties":{"name":"Vạn Đức","level":"ward","province":"Gia Lai"}},{"type":"Feature","geometry":{"type":"Point","coordinates":[108.88,14.353]},"properties":{"name":"Ân Tường","level":"ward","province":"Gia Lai"}},{"type":"Feature","geometry":{"type":"Point","coordinates":[108.87,14.248]},"properties":{"name":"Kim Sơn","level":"ward","province":"Gia Lai"}},{"type":"Feature","geometry":{"type":"Point","coordinates":[109.102,14.244]},"properties":{"name":"Phù Mỹ","level":"ward","province":"Gia Lai"}},{"type":"Feature","geometry":{"type":"Point","coordinates":[109.08,14.297]},"properties":{"name":"Bình Dương","level":"ward","province":"Gia Lai"}},{"type":"Feature","geometry":{"type":"Point","coordinates":[109.063,14.323]},"properties":{"name":"Phù Mỹ Bắc","level":"ward","province":"Gia Lai"}},{"type":"Feature","geometry":{"type":"Point","coordinates":[109.165,14.273]},"properties":{"name":"Phù Mỹ Đông","level":"ward","province":"Gia Lai"}},{"type":"Feature","geometry":{"type":"Point","coordinates":[109.044,14.216]},"properties":{"name":"Phù Mỹ Tây","level":"ward","province":"Gia Lai"}},{"type":"Feature","geometry":{"type":"Point","coordinates":[109.141,14.171]},"properties":{"name":"An Lương","level":"ward","province":"Gia Lai"}},{"type":"Feature","geometry":{"type":"Point","coordinates":[109.044,14.12]},"properties":{"name":"Phù Mỹ Nam","level":"ward","province":"Gia Lai"}},{"type":"Feature","geometry":{"type":"Point","coordinates":[108.742,14.238]},"properties":{"name":"Vĩnh Thạnh","level":"ward","province":"Gia Lai"}},{"type":"Feature","geometry":{"type":"Point","coordinates":[108.716,14.338]},"properties":{"name":"Vĩnh Sơn","level":"ward","province":"Gia Lai"}},{"type":"Feature","geometry":{"type":"Point","coordinates":[108.831,14.142]},"properties":{"name":"Vĩnh Thịnh","level":"ward","province":"Gia Lai"}},{"type":"Feature","geometry":{"type":"Point","coordinates":[108.756,14.068]},"properties":{"name":"Vĩnh Quang","level":"ward","province":"Gia Lai"}},{"type":"Feature","geometry":{"type":"Point","coordinates":[108.886,13.945]},"properties":{"name":"Tây Sơn","level":"ward","province":"Gia Lai"}},{"type":"Feature","geometry":{"type":"Point","coordinates":[109.007,13.946]},"properties":{"name":"Bình Hiệp","level":"ward","province":"Gia Lai"}},{"type":"Feature","geometry":{"type":"Point","coordinates":[108.926,13.908]},"properties":{"name":"Bình Khê","level":"ward","province":"Gia Lai"}},{"type":"Feature","geometry":{"type":"Point","coordinates":[108.639,13.961]},"properties":{"name":"Bình An","level":"ward","province":"Gia Lai"}},{"type":"Feature","geometry":{"type":"Point","coordinates":[109.046,14.522]},"properties":{"name":"Bình Phú","level":"ward","province":"Gia Lai"}},{"type":"Feature","geometry":{"type":"Point","coordinates":[109.067,14.061]},"properties":{"name":"Phù Cát","level":"ward","province":"Gia Lai"}},{"type":"Feature","geometry":{"type":"Point","coordinates":[109.147,14.104]},"properties":{"name":"Đề Gi","level":"ward","province":"Gia Lai"}},{"type":"Feature","geometry":{"type":"Point","coordinates":[109.055,14.002]},"properties":{"name":"Hội Sơn","level":"ward","province":"Gia Lai"}},{"type":"Feature","geometry":{"type":"Point","coordinates":[109.038,14.049]},"properties":{"name":"Hòa Hội","level":"ward","province":"Gia Lai"}},{"type":"Feature","geometry":{"type":"Point","coordinates":[109.231,14.012]},"properties":{"name":"Cát Tiến","level":"ward","province":"Gia Lai"}},{"type":"Feature","geometry":{"type":"Point","coordinates":[109.128,13.992]},"properties":{"name":"Xuân An","level":"ward","province":"Gia Lai"}},{"type":"Feature","geometry":{"type":"Point","coordinates":[109.217,13.768]},"properties":{"name":"Ngô Mây","level":"ward","province":"Gia Lai"}},{"type":"Feature","geometry":{"type":"Point","coordinates":[109.004,13.823]},"properties":{"name":"An Nhơn Tây","level":"ward","province":"Gia Lai"}},{"type":"Feature","geometry":{"type":"Point","coordinates":[109.179,13.84]},"properties":{"name":"Tuy Phước","level":"ward","province":"Gia Lai"}},{"type":"Feature","geometry":{"type":"Point","coordinates":[109.146,13.89]},"properties":{"name":"Tuy Phước Bắc","level":"ward","province":"Gia Lai"}},{"type":"Feature","geometry":{"type":"Point","coordinates":[109.187,13.861]},"properties":{"name":"Tuy Phước Đông","level":"ward","province":"Gia Lai"}},{"type":"Feature","geometry":{"type":"Point","coordinates":[109.119,13.812]},"properties":{"name":"Tuy Phước Tây","level":"ward","province":"Gia Lai"}},{"type":"Feature","geometry":{"type":"Point","coordinates":[108.957,13.677]},"properties":{"name":"Vân Canh","level":"ward","province":"Gia Lai"}},{"type":"Feature","geometry":{"type":"Point","coordinates":[108.891,13.682]},"properties":{"name":"Canh Liên","level":"ward","province":"Gia Lai"}},{"type":"Feature","geometry":{"type":"Point","coordinates":[109.075,13.734]},"properties":{"name":"Canh Vinh","level":"ward","province":"Gia Lai"}},{"type":"Feature","geometry":{"type":"Point","coordinates":[107.998,14.045]},"properties":{"name":"Biển Hồ","level":"ward","province":"Gia Lai"}},{"type":"Feature","geometry":{"type":"Point","coordinates":[109.227,13.773]},"properties":{"name":"Gào","level":"ward","province":"Gia Lai"}},{"type":"Feature","geometry":{"type":"Point","coordinates":[108.733,14.022]},"properties":{"name":"Cửu An","level":"ward","province":"Gia Lai"}},{"type":"Feature","geometry":{"type":"Point","coordinates":[108.479,14.301]},"properties":{"name":"Kbang","level":"ward","province":"Gia Lai"}},{"type":"Feature","geometry":{"type":"Point","coordinates":[108.441,14.514]},"properties":{"name":"Đak Rong","level":"ward","province":"Gia Lai"}},{"type":"Feature","geometry":{"type":"Point","coordinates":[108.55,14.44]},"properties":{"name":"Sơn Lang","level":"ward","province":"Gia Lai"}},{"type":"Feature","geometry":{"type":"Point","coordinates":[108.667,13.235]},"properties":{"name":"Krong","level":"ward","province":"Gia Lai"}},{"type":"Feature","geometry":{"type":"Point","coordinates":[108.514,14.065]},"properties":{"name":"Tơ Tung","level":"ward","province":"Gia Lai"}},{"type":"Feature","geometry":{"type":"Point","coordinates":[108.617,14.096]},"properties":{"name":"Kông Bơ La","level":"ward","province":"Gia Lai"}},{"type":"Feature","geometry":{"type":"Point","coordinates":[108.176,14.116]},"properties":{"name":"Đak Đoa","level":"ward","province":"Gia Lai"}},{"type":"Feature","geometry":{"type":"Point","coordinates":[108.266,14.265]},"properties":{"name":"Đak Sơmei","level":"ward","province":"Gia Lai"}},{"type":"Feature","geometry":{"type":"Point","coordinates":[108.149,14.079]},"properties":{"name":"Kon Gang","level":"ward","province":"Gia Lai"}},{"type":"Feature","geometry":{"type":"Point","coordinates":[108.082,13.915]},"properties":{"name":"Ia Băng","level":"ward","province":"Gia Lai"}},{"type":"Feature","geometry":{"type":"Point","coordinates":[108.2,13.958]},"properties":{"name":"KDang","level":"ward","province":"Gia Lai"}},{"type":"Feature","geometry":{"type":"Point","coordinates":[107.971,14.222]},"properties":{"name":"Chư Păh","level":"ward","province":"Gia Lai"}},{"type":"Feature","geometry":{"type":"Point","coordinates":[108.135,14.268]},"properties":{"name":"Ia Khươl","level":"ward","province":"Gia Lai"}},{"type":"Feature","geometry":{"type":"Point","coordinates":[107.836,14.21]},"properties":{"name":"Ia Ly","level":"ward","province":"Gia Lai"}},{"type":"Feature","geometry":{"type":"Point","coordinates":[107.717,13.454]},"properties":{"name":"Ia Mơ","level":"ward","province":"Gia Lai"}},{"type":"Feature","geometry":{"type":"Point","coordinates":[107.908,14.177]},"properties":{"name":"Ia Phí","level":"ward","province":"Gia Lai"}},{"type":"Feature","geometry":{"type":"Point","coordinates":[107.757,13.991]},"properties":{"name":"Ia Grai","level":"ward","province":"Gia Lai"}},{"type":"Feature","geometry":{"type":"Point","coordinates":[107.908,14.023]},"properties":{"name":"Ia Hrung","level":"ward","province":"Gia Lai"}},{"type":"Feature","geometry":{"type":"Point","coordinates":[107.634,14.009]},"properties":{"name":"Ia Krái","level":"ward","province":"Gia Lai"}},{"type":"Feature","geometry":{"type":"Point","coordinates":[107.757,13.991]},"properties":{"name":"Ia O","level":"ward","province":"Gia Lai"}},{"type":"Feature","geometry":{"type":"Point","coordinates":[107.582,13.89]},"properties":{"name":"Ia Chia","level":"ward","province":"Gia Lai"}},{"type":"Feature","geometry":{"type":"Point","coordinates":[108.316,13.956]},"properties":{"name":"Mang Yang","level":"ward","province":"Gia Lai"}},{"type":"Feature","geometry":{"type":"Point","coordinates":[108.426,13.31]},"properties":{"name":"Ayun","level":"ward","province":"Gia Lai"}},{"type":"Feature","geometry":{"type":"Point","coordinates":[108.4,14.053]},"properties":{"name":"Hra","level":"ward","province":"Gia Lai"}},{"type":"Feature","geometry":{"type":"Point","coordinates":[109.117,13.547]},"properties":{"name":"Lơ Pang","level":"ward","province":"Gia Lai"}},{"type":"Feature","geometry":{"type":"Point","coordinates":[108.299,13.771]},"properties":{"name":"Kon Chiêng","level":"ward","province":"Gia Lai"}},{"type":"Feature","geometry":{"type":"Point","coordinates":[108.591,13.763]},"properties":{"name":"Kông Chro","level":"ward","province":"Gia Lai"}},{"type":"Feature","geometry":{"type":"Point","coordinates":[108.437,13.89]},"properties":{"name":"Chư Krey","level":"ward","province":"Gia Lai"}},{"type":"Feature","geometry":{"type":"Point","coordinates":[108.598,13.809]},"properties":{"name":"Ya Ma","level":"ward","province":"Gia Lai"}},{"type":"Feature","geometry":{"type":"Point","coordinates":[108.641,13.715]},"properties":{"name":"SRó","level":"ward","province":"Gia Lai"}},{"type":"Feature","geometry":{"type":"Point","coordinates":[108.708,13.669]},"properties":{"name":"Đăk Song","level":"ward","province":"Gia Lai"}},{"type":"Feature","geometry":{"type":"Point","coordinates":[108.418,13.749]},"properties":{"name":"Chơ Long","level":"ward","province":"Gia Lai"}},{"type":"Feature","geometry":{"type":"Point","coordinates":[107.659,13.771]},"properties":{"name":"Đức Cơ","level":"ward","province":"Gia Lai"}},{"type":"Feature","geometry":{"type":"Point","coordinates":[107.786,13.809]},"properties":{"name":"Ia Krêl","level":"ward","province":"Gia Lai"}},{"type":"Feature","geometry":{"type":"Point","coordinates":[107.698,13.855]},"properties":{"name":"Ia Dơk","level":"ward","province":"Gia Lai"}},{"type":"Feature","geometry":{"type":"Point","coordinates":[107.534,13.809]},"properties":{"name":"Ia Dom","level":"ward","province":"Gia Lai"}},{"type":"Feature","geometry":{"type":"Point","coordinates":[107.644,13.709]},"properties":{"name":"Ia Pnôn","level":"ward","province":"Gia Lai"}},{"type":"Feature","geometry":{"type":"Point","coordinates":[107.577,13.726]},"properties":{"name":"Ia Nan","level":"ward","province":"Gia Lai"}},{"type":"Feature","geometry":{"type":"Point","coordinates":[107.768,13.593]},"properties":{"name":"Chư Prông","level":"ward","province":"Gia Lai"}},{"type":"Feature","geometry":{"type":"Point","coordinates":[107.89,13.828]},"properties":{"name":"Bàu Cạn","level":"ward","province":"Gia Lai"}},{"type":"Feature","geometry":{"type":"Point","coordinates":[107.985,13.779]},"properties":{"name":"Ia Tôr","level":"ward","province":"Gia Lai"}},{"type":"Feature","geometry":{"type":"Point","coordinates":[107.843,13.671]},"properties":{"name":"Ia Boòng","level":"ward","province":"Gia Lai"}},{"type":"Feature","geometry":{"type":"Point","coordinates":[107.7,13.623]},"properties":{"name":"Ia Púch","level":"ward","province":"Gia Lai"}},{"type":"Feature","geometry":{"type":"Point","coordinates":[107.892,13.599]},"properties":{"name":"Ia Pia","level":"ward","province":"Gia Lai"}},{"type":"Feature","geometry":{"type":"Point","coordinates":[107.875,13.47]},"properties":{"name":"Ia Lâu","level":"ward","province":"Gia Lai"}},{"type":"Feature","geometry":{"type":"Point","coordinates":[108.096,13.698]},"properties":{"name":"Chư Sê","level":"ward","province":"Gia Lai"}},{"type":"Feature","geometry":{"type":"Point","coordinates":[108.081,13.509]},"properties":{"name":"Chư Pưh","level":"ward","province":"Gia Lai"}},{"type":"Feature","geometry":{"type":"Point","coordinates":[108.092,13.805]},"properties":{"name":"Bờ Ngoong","level":"ward","province":"Gia Lai"}},{"type":"Feature","geometry":{"type":"Point","coordinates":[108.146,13.702]},"properties":{"name":"Al Bá","level":"ward","province":"Gia Lai"}},{"type":"Feature","geometry":{"type":"Point","coordinates":[108.185,13.62]},"properties":{"name":"Ia Hrú","level":"ward","province":"Gia Lai"}},{"type":"Feature","geometry":{"type":"Point","coordinates":[108.014,13.595]},"properties":{"name":"Ia Ko","level":"ward","province":"Gia Lai"}},{"type":"Feature","geometry":{"type":"Point","coordinates":[108.072,13.442]},"properties":{"name":"Ia Le","level":"ward","province":"Gia Lai"}},{"type":"Feature","geometry":{"type":"Point","coordinates":[108.604,13.928]},"properties":{"name":"Đak Pơ","level":"ward","province":"Gia Lai"}},{"type":"Feature","geometry":{"type":"Point","coordinates":[108.684,13.877]},"properties":{"name":"Ya Hội","level":"ward","province":"Gia Lai"}},{"type":"Feature","geometry":{"type":"Point","coordinates":[108.396,13.625]},"properties":{"name":"Pờ Tó","level":"ward","province":"Gia Lai"}},{"type":"Feature","geometry":{"type":"Point","coordinates":[108.578,13.527]},"properties":{"name":"Ia Pa","level":"ward","province":"Gia Lai"}},{"type":"Feature","geometry":{"type":"Point","coordinates":[108.586,13.495]},"properties":{"name":"Ia Tul","level":"ward","province":"Gia Lai"}},{"type":"Feature","geometry":{"type":"Point","coordinates":[108.327,13.507]},"properties":{"name":"Phú Thiện","level":"ward","province":"Gia Lai"}},{"type":"Feature","geometry":{"type":"Point","coordinates":[108.277,13.57]},"properties":{"name":"Chư A Thai","level":"ward","province":"Gia Lai"}},{"type":"Feature","geometry":{"type":"Point","coordinates":[108.335,13.417]},"properties":{"name":"Ia Hiao","level":"ward","province":"Gia Lai"}},{"type":"Feature","geometry":{"type":"Point","coordinates":[108.391,13.339]},"properties":{"name":"Ia Rbol","level":"ward","province":"Gia Lai"}},{"type":"Feature","geometry":{"type":"Point","coordinates":[108.438,13.283]},"properties":{"name":"Ia Sao","level":"ward","province":"Gia Lai"}},{"type":"Feature","geometry":{"type":"Point","coordinates":[108.686,13.198]},"properties":{"name":"Phú Túc","level":"ward","province":"Gia Lai"}},{"type":"Feature","geometry":{"type":"Point","coordinates":[108.627,13.088]},"properties":{"name":"Ia Dreh","level":"ward","province":"Gia Lai"}},{"type":"Feature","geometry":{"type":"Point","coordinates":[108.548,13.236]},"properties":{"name":"Uar","level":"ward","province":"Gia Lai"}},{"type":"Feature","geometry":{"type":"Point","coordinates":[108.669,13.342]},"properties":{"name":"Ia Rsai","level":"ward","province":"Gia Lai"}},{"type":"Feature","geometry":{"type":"Point","coordinates":[109.194,12.281]},"properties":{"name":"Bắc Nha Trang","level":"ward","province":"Khánh Hòa"}},{"type":"Feature","geometry":{"type":"Point","coordinates":[109.287,12.208]},"properties":{"name":"Nha Trang","level":"ward","province":"Khánh Hòa"}},{"type":"Feature","geometry":{"type":"Point","coordinates":[109.162,12.268]},"properties":{"name":"Tây Nha Trang","level":"ward","province":"Khánh Hòa"}},{"type":"Feature","geometry":{"type":"Point","coordinates":[109.17,12.201]},"properties":{"name":"Nam Nha Trang","level":"ward","province":"Khánh Hòa"}},{"type":"Feature","geometry":{"type":"Point","coordinates":[109.189,11.959]},"properties":{"name":"Bắc Cam Ranh","level":"ward","province":"Khánh Hòa"}},{"type":"Feature","geometry":{"type":"Point","coordinates":[109.087,11.918]},"properties":{"name":"Cam Ranh","level":"ward","province":"Khánh Hòa"}},{"type":"Feature","geometry":{"type":"Point","coordinates":[109.131,11.912]},"properties":{"name":"Ba Ngòi","level":"ward","province":"Khánh Hòa"}},{"type":"Feature","geometry":{"type":"Point","coordinates":[109.149,11.907]},"properties":{"name":"Cam Linh","level":"ward","province":"Khánh Hòa"}},{"type":"Feature","geometry":{"type":"Point","coordinates":[109.061,12.548]},"properties":{"name":"Ninh Hòa","level":"ward","province":"Khánh Hòa"}},{"type":"Feature","geometry":{"type":"Point","coordinates":[109.214,12.538]},"properties":{"name":"Đông Ninh Hòa","level":"ward","province":"Khánh Hòa"}},{"type":"Feature","geometry":{"type":"Point","coordinates":[109.132,12.48]},"properties":{"name":"Hòa Thắng","level":"ward","province":"Khánh Hòa"}},{"type":"Feature","geometry":{"type":"Point","coordinates":[108.951,11.596]},"properties":{"name":"Đô Vinh","level":"ward","province":"Khánh Hòa"}},{"type":"Feature","geometry":{"type":"Point","coordinates":[108.979,11.578]},"properties":{"name":"Bảo An","level":"ward","province":"Khánh Hòa"}},{"type":"Feature","geometry":{"type":"Point","coordinates":[108.965,11.604]},"properties":{"name":"Phan Rang","level":"ward","province":"Khánh Hòa"}},{"type":"Feature","geometry":{"type":"Point","coordinates":[109.013,11.562]},"properties":{"name":"Đông Hải","level":"ward","province":"Khánh Hòa"}},{"type":"Feature","geometry":{"type":"Point","coordinates":[109.031,11.599]},"properties":{"name":"Ninh Chử","level":"ward","province":"Khánh Hòa"}},{"type":"Feature","geometry":{"type":"Point","coordinates":[109.046,12.07]},"properties":{"name":"Cam Hiệp","level":"ward","province":"Khánh Hòa"}},{"type":"Feature","geometry":{"type":"Point","coordinates":[109.158,12.075]},"properties":{"name":"Cam Lâm","level":"ward","province":"Khánh Hòa"}},{"type":"Feature","geometry":{"type":"Point","coordinates":[109.064,11.995]},"properties":{"name":"Cam An","level":"ward","province":"Khánh Hòa"}},{"type":"Feature","geometry":{"type":"Point","coordinates":[109.104,11.852]},"properties":{"name":"Nam Cam Ranh","level":"ward","province":"Khánh Hòa"}},{"type":"Feature","geometry":{"type":"Point","coordinates":[109.185,12.716]},"properties":{"name":"Vạn Ninh","level":"ward","province":"Khánh Hòa"}},{"type":"Feature","geometry":{"type":"Point","coordinates":[109.301,12.778]},"properties":{"name":"Tu Bông","level":"ward","province":"Khánh Hòa"}},{"type":"Feature","geometry":{"type":"Point","coordinates":[109.361,12.835]},"properties":{"name":"Đại Lãnh","level":"ward","province":"Khánh Hòa"}},{"type":"Feature","geometry":{"type":"Point","coordinates":[109.193,12.25]},"properties":{"name":"Vạn Thắng","level":"ward","province":"Khánh Hòa"}},{"type":"Feature","geometry":{"type":"Point","coordinates":[109.169,12.652]},"properties":{"name":"Vạn Hưng","level":"ward","province":"Khánh Hòa"}},{"type":"Feature","geometry":{"type":"Point","coordinates":[109.126,12.492]},"properties":{"name":"Bắc Ninh Hòa","level":"ward","province":"Khánh Hòa"}},{"type":"Feature","geometry":{"type":"Point","coordinates":[105.783,10.032]},"properties":{"name":"Tây Ninh Hòa","level":"ward","province":"Khánh Hòa"}},{"type":"Feature","geometry":{"type":"Point","coordinates":[109.048,12.601]},"properties":{"name":"Hòa Trí","level":"ward","province":"Khánh Hòa"}},{"type":"Feature","geometry":{"type":"Point","coordinates":[108.752,11.707]},"properties":{"name":"Tân Định","level":"ward","province":"Khánh Hòa"}},{"type":"Feature","geometry":{"type":"Point","coordinates":[109.07,12.435]},"properties":{"name":"Nam Ninh Hòa","level":"ward","province":"Khánh Hòa"}},{"type":"Feature","geometry":{"type":"Point","coordinates":[108.912,12.176]},"properties":{"name":"Khánh Vĩnh","level":"ward","province":"Khánh Hòa"}},{"type":"Feature","geometry":{"type":"Point","coordinates":[108.917,12.284]},"properties":{"name":"Trung Khánh Vĩnh","level":"ward","province":"Khánh Hòa"}},{"type":"Feature","geometry":{"type":"Point","coordinates":[108.957,12.417]},"properties":{"name":"Bắc Khánh Vĩnh","level":"ward","province":"Khánh Hòa"}},{"type":"Feature","geometry":{"type":"Point","coordinates":[108.825,12.308]},"properties":{"name":"Tây Khánh Vĩnh","level":"ward","province":"Khánh Hòa"}},{"type":"Feature","geometry":{"type":"Point","coordinates":[108.8,12.209]},"properties":{"name":"Nam Khánh Vĩnh","level":"ward","province":"Khánh Hòa"}},{"type":"Feature","geometry":{"type":"Point","coordinates":[109.1,12.26]},"properties":{"name":"Diên Khánh","level":"ward","province":"Khánh Hòa"}},{"type":"Feature","geometry":{"type":"Point","coordinates":[109.097,12.301]},"properties":{"name":"Diên Điền","level":"ward","province":"Khánh Hòa"}},{"type":"Feature","geometry":{"type":"Point","coordinates":[109.005,12.326]},"properties":{"name":"Diên Lâm","level":"ward","province":"Khánh Hòa"}},{"type":"Feature","geometry":{"type":"Point","coordinates":[109.002,12.24]},"properties":{"name":"Diên Thọ","level":"ward","province":"Khánh Hòa"}},{"type":"Feature","geometry":{"type":"Point","coordinates":[109.098,12.254]},"properties":{"name":"Diên Lạc","level":"ward","province":"Khánh Hòa"}},{"type":"Feature","geometry":{"type":"Point","coordinates":[109.047,12.214]},"properties":{"name":"Suối Hiệp","level":"ward","province":"Khánh Hòa"}},{"type":"Feature","geometry":{"type":"Point","coordinates":[109.028,12.157]},"properties":{"name":"Suối Dầu","level":"ward","province":"Khánh Hòa"}},{"type":"Feature","geometry":{"type":"Point","coordinates":[108.909,12.038]},"properties":{"name":"Khánh Sơn","level":"ward","province":"Khánh Hòa"}},{"type":"Feature","geometry":{"type":"Point","coordinates":[108.85,12.062]},"properties":{"name":"Tây Khánh Sơn","level":"ward","province":"Khánh Hòa"}},{"type":"Feature","geometry":{"type":"Point","coordinates":[108.977,11.996]},"properties":{"name":"Đông Khánh Sơn","level":"ward","province":"Khánh Hòa"}},{"type":"Feature","geometry":{"type":"Point","coordinates":[108.866,11.912]},"properties":{"name":"Bác Ái Tây","level":"ward","province":"Khánh Hòa"}},{"type":"Feature","geometry":{"type":"Point","coordinates":[108.948,11.604]},"properties":{"name":"Bác Ái","level":"ward","province":"Khánh Hòa"}},{"type":"Feature","geometry":{"type":"Point","coordinates":[108.903,11.842]},"properties":{"name":"Bác Ái Đông","level":"ward","province":"Khánh Hòa"}},{"type":"Feature","geometry":{"type":"Point","coordinates":[109.126,12.607]},"properties":{"name":"Ninh Sơn","level":"ward","province":"Khánh Hòa"}},{"type":"Feature","geometry":{"type":"Point","coordinates":[108.697,11.829]},"properties":{"name":"Lâm Sơn","level":"ward","province":"Khánh Hòa"}},{"type":"Feature","geometry":{"type":"Point","coordinates":[108.864,11.672]},"properties":{"name":"Mỹ Sơn","level":"ward","province":"Khánh Hòa"}},{"type":"Feature","geometry":{"type":"Point","coordinates":[108.645,11.618]},"properties":{"name":"Anh Dũng","level":"ward","province":"Khánh Hòa"}},{"type":"Feature","geometry":{"type":"Point","coordinates":[109.073,11.78]},"properties":{"name":"Công Hải","level":"ward","province":"Khánh Hòa"}},{"type":"Feature","geometry":{"type":"Point","coordinates":[109.156,11.668]},"properties":{"name":"Vĩnh Hải","level":"ward","province":"Khánh Hòa"}},{"type":"Feature","geometry":{"type":"Point","coordinates":[109.039,11.726]},"properties":{"name":"Thuận Bắc","level":"ward","province":"Khánh Hòa"}},{"type":"Feature","geometry":{"type":"Point","coordinates":[109.07,11.652]},"properties":{"name":"Ninh Hải","level":"ward","province":"Khánh Hòa"}},{"type":"Feature","geometry":{"type":"Point","coordinates":[109.007,11.65]},"properties":{"name":"Xuân Hải","level":"ward","province":"Khánh Hòa"}},{"type":"Feature","geometry":{"type":"Point","coordinates":[108.88,11.562]},"properties":{"name":"Ninh Phước","level":"ward","province":"Khánh Hòa"}},{"type":"Feature","geometry":{"type":"Point","coordinates":[108.935,11.572]},"properties":{"name":"Phước Hậu","level":"ward","province":"Khánh Hòa"}},{"type":"Feature","geometry":{"type":"Point","coordinates":[109.006,11.413]},"properties":{"name":"Phước Dinh","level":"ward","province":"Khánh Hòa"}},{"type":"Feature","geometry":{"type":"Point","coordinates":[108.911,11.524]},"properties":{"name":"Phước Hữu","level":"ward","province":"Khánh Hòa"}},{"type":"Feature","geometry":{"type":"Point","coordinates":[108.822,11.469]},"properties":{"name":"Thuận Nam","level":"ward","province":"Khánh Hòa"}},{"type":"Feature","geometry":{"type":"Point","coordinates":[108.8,11.482]},"properties":{"name":"Phước Hà","level":"ward","province":"Khánh Hòa"}},{"type":"Feature","geometry":{"type":"Point","coordinates":[108.877,11.35]},"properties":{"name":"Cà Ná","level":"ward","province":"Khánh Hòa"}},{"type":"Feature","geometry":{"type":"Point","coordinates":[111.92,8.645]},"properties":{"name":"Trường Sa","level":"ward","province":"Khánh Hòa"}},{"type":"Feature","geometry":{"type":"Point","coordinates":[109.299,13.095]},"properties":{"name":"Tuy Hòa","level":"ward","province":"Đắk Lắk"}},{"type":"Feature","geometry":{"type":"Point","coordinates":[109.279,13.126]},"properties":{"name":"Bình Kiến","level":"ward","province":"Đắk Lắk"}},{"type":"Feature","geometry":{"type":"Point","coordinates":[109.177,13.526]},"properties":{"name":"Sông Cầu","level":"ward","province":"Đắk Lắk"}},{"type":"Feature","geometry":{"type":"Point","coordinates":[109.213,13.397]},"properties":{"name":"Xuân Đài","level":"ward","province":"Đắk Lắk"}},{"type":"Feature","geometry":{"type":"Point","coordinates":[109.239,13.2]},"properties":{"name":"Phú Yên","level":"ward","province":"Đắk Lắk"}},{"type":"Feature","geometry":{"type":"Point","coordinates":[109.349,12.954]},"properties":{"name":"Đông Hòa","level":"ward","province":"Đắk Lắk"}},{"type":"Feature","geometry":{"type":"Point","coordinates":[109.249,13.523]},"properties":{"name":"Hòa Hiệp","level":"ward","province":"Đắk Lắk"}},{"type":"Feature","geometry":{"type":"Point","coordinates":[108.094,12.686]},"properties":{"name":"Tân Lập","level":"ward","province":"Đắk Lắk"}},{"type":"Feature","geometry":{"type":"Point","coordinates":[108.031,12.661]},"properties":{"name":"Buôn Ma Thuột","level":"ward","province":"Đắk Lắk"}},{"type":"Feature","geometry":{"type":"Point","coordinates":[108.005,12.644]},"properties":{"name":"Thành Nhất","level":"ward","province":"Đắk Lắk"}},{"type":"Feature","geometry":{"type":"Point","coordinates":[108.109,12.71]},"properties":{"name":"Tân An","level":"ward","province":"Đắk Lắk"}},{"type":"Feature","geometry":{"type":"Point","coordinates":[108.035,12.598]},"properties":{"name":"Ea Kao","level":"ward","province":"Đắk Lắk"}},{"type":"Feature","geometry":{"type":"Point","coordinates":[108.286,12.851]},"properties":{"name":"Buôn Hồ","level":"ward","province":"Đắk Lắk"}},{"type":"Feature","geometry":{"type":"Point","coordinates":[108.218,12.79]},"properties":{"name":"Cư Bao","level":"ward","province":"Đắk Lắk"}},{"type":"Feature","geometry":{"type":"Point","coordinates":[108.356,12.924]},"properties":{"name":"Xuân Lộc","level":"ward","province":"Đắk Lắk"}},{"type":"Feature","geometry":{"type":"Point","coordinates":[109.221,13.563]},"properties":{"name":"Xuân Cảnh","level":"ward","province":"Đắk Lắk"}},{"type":"Feature","geometry":{"type":"Point","coordinates":[109.163,13.489]},"properties":{"name":"Xuân Thọ","level":"ward","province":"Đắk Lắk"}},{"type":"Feature","geometry":{"type":"Point","coordinates":[108.292,12.905]},"properties":{"name":"Đồng Xuân","level":"ward","province":"Đắk Lắk"}},{"type":"Feature","geometry":{"type":"Point","coordinates":[109.038,13.502]},"properties":{"name":"Xuân Lãnh","level":"ward","province":"Đắk Lắk"}},{"type":"Feature","geometry":{"type":"Point","coordinates":[108.895,13.433]},"properties":{"name":"Phú Mỡ","level":"ward","province":"Đắk Lắk"}},{"type":"Feature","geometry":{"type":"Point","coordinates":[109.062,13.3]},"properties":{"name":"Xuân Phước","level":"ward","province":"Đắk Lắk"}},{"type":"Feature","geometry":{"type":"Point","coordinates":[109.213,13.306]},"properties":{"name":"Tuy An Bắc","level":"ward","province":"Đắk Lắk"}},{"type":"Feature","geometry":{"type":"Point","coordinates":[109.211,13.259]},"properties":{"name":"Tuy An Đông","level":"ward","province":"Đắk Lắk"}},{"type":"Feature","geometry":{"type":"Point","coordinates":[109.211,13.259]},"properties":{"name":"Tuy An Tây","level":"ward","province":"Đắk Lắk"}},{"type":"Feature","geometry":{"type":"Point","coordinates":[109.258,13.255]},"properties":{"name":"Ô Loan","level":"ward","province":"Đắk Lắk"}},{"type":"Feature","geometry":{"type":"Point","coordinates":[109.211,13.259]},"properties":{"name":"Tuy An Nam","level":"ward","province":"Đắk Lắk"}},{"type":"Feature","geometry":{"type":"Point","coordinates":[108.987,13.207]},"properties":{"name":"Sơn Hòa","level":"ward","province":"Đắk Lắk"}},{"type":"Feature","geometry":{"type":"Point","coordinates":[108.942,13.281]},"properties":{"name":"Tây Sơn","level":"ward","province":"Đắk Lắk"}},{"type":"Feature","geometry":{"type":"Point","coordinates":[109.082,13.179]},"properties":{"name":"Vân Hòa","level":"ward","province":"Đắk Lắk"}},{"type":"Feature","geometry":{"type":"Point","coordinates":[108.86,13.094]},"properties":{"name":"Suối Trai","level":"ward","province":"Đắk Lắk"}},{"type":"Feature","geometry":{"type":"Point","coordinates":[108.936,12.8]},"properties":{"name":"Sông Hinh","level":"ward","province":"Đắk Lắk"}},{"type":"Feature","geometry":{"type":"Point","coordinates":[108.99,12.979]},"properties":{"name":"Đức Bình","level":"ward","province":"Đắk Lắk"}},{"type":"Feature","geometry":{"type":"Point","coordinates":[108.825,12.963]},"properties":{"name":"Ea Bá","level":"ward","province":"Đắk Lắk"}},{"type":"Feature","geometry":{"type":"Point","coordinates":[107.905,12.818]},"properties":{"name":"Ea Ly","level":"ward","province":"Đắk Lắk"}},{"type":"Feature","geometry":{"type":"Point","coordinates":[109.102,12.95]},"properties":{"name":"Sơn Thành","level":"ward","province":"Đắk Lắk"}},{"type":"Feature","geometry":{"type":"Point","coordinates":[109.164,12.915]},"properties":{"name":"Tây Hòa","level":"ward","province":"Đắk Lắk"}},{"type":"Feature","geometry":{"type":"Point","coordinates":[109.262,12.901]},"properties":{"name":"Hòa Thịnh","level":"ward","province":"Đắk Lắk"}},{"type":"Feature","geometry":{"type":"Point","coordinates":[109.252,13.546]},"properties":{"name":"Hòa Mỹ","level":"ward","province":"Đắk Lắk"}},{"type":"Feature","geometry":{"type":"Point","coordinates":[108.324,12.501]},"properties":{"name":"Hòa Xuân","level":"ward","province":"Đắk Lắk"}},{"type":"Feature","geometry":{"type":"Point","coordinates":[109.212,13.02]},"properties":{"name":"Phú Hòa 2","level":"ward","province":"Đắk Lắk"}},{"type":"Feature","geometry":{"type":"Point","coordinates":[109.212,13.02]},"properties":{"name":"Phú Hòa 1","level":"ward","province":"Đắk Lắk"}},{"type":"Feature","geometry":{"type":"Point","coordinates":[107.978,12.683]},"properties":{"name":"Hòa Phú","level":"ward","province":"Đắk Lắk"}},{"type":"Feature","geometry":{"type":"Point","coordinates":[108.209,13.206]},"properties":{"name":"Ea Drăng","level":"ward","province":"Đắk Lắk"}},{"type":"Feature","geometry":{"type":"Point","coordinates":[108.2,13.232]},"properties":{"name":"Ea H'Leo","level":"ward","province":"Đắk Lắk"}},{"type":"Feature","geometry":{"type":"Point","coordinates":[108.336,13.25]},"properties":{"name":"Ea Hiao","level":"ward","province":"Đắk Lắk"}},{"type":"Feature","geometry":{"type":"Point","coordinates":[108.065,13.215]},"properties":{"name":"Ea Wy","level":"ward","province":"Đắk Lắk"}},{"type":"Feature","geometry":{"type":"Point","coordinates":[108.189,13.197]},"properties":{"name":"Ea Khăl","level":"ward","province":"Đắk Lắk"}},{"type":"Feature","geometry":{"type":"Point","coordinates":[107.774,13.181]},"properties":{"name":"Ea Súp","level":"ward","province":"Đắk Lắk"}},{"type":"Feature","geometry":{"type":"Point","coordinates":[107.719,13.314]},"properties":{"name":"Ia Lốp","level":"ward","province":"Đắk Lắk"}},{"type":"Feature","geometry":{"type":"Point","coordinates":[108.51,12.643]},"properties":{"name":"Ea Rốk","level":"ward","province":"Đắk Lắk"}},{"type":"Feature","geometry":{"type":"Point","coordinates":[107.669,13.228]},"properties":{"name":"Ia Rvê","level":"ward","province":"Đắk Lắk"}},{"type":"Feature","geometry":{"type":"Point","coordinates":[107.682,13.143]},"properties":{"name":"Ea Bung","level":"ward","province":"Đắk Lắk"}},{"type":"Feature","geometry":{"type":"Point","coordinates":[107.712,12.879]},"properties":{"name":"Buôn Đôn","level":"ward","province":"Đắk Lắk"}},{"type":"Feature","geometry":{"type":"Point","coordinates":[107.868,12.828]},"properties":{"name":"Ea Wer","level":"ward","province":"Đắk Lắk"}},{"type":"Feature","geometry":{"type":"Point","coordinates":[107.937,12.742]},"properties":{"name":"Ea Nuôl","level":"ward","province":"Đắk Lắk"}},{"type":"Feature","geometry":{"type":"Point","coordinates":[108.08,12.817]},"properties":{"name":"Quảng Phú","level":"ward","province":"Đắk Lắk"}},{"type":"Feature","geometry":{"type":"Point","coordinates":[108.036,12.996]},"properties":{"name":"Ea Kiết","level":"ward","province":"Đắk Lắk"}},{"type":"Feature","geometry":{"type":"Point","coordinates":[108.158,12.903]},"properties":{"name":"Ea Tul","level":"ward","province":"Đắk Lắk"}},{"type":"Feature","geometry":{"type":"Point","coordinates":[108.07,12.896]},"properties":{"name":"Cư M'gar","level":"ward","province":"Đắk Lắk"}},{"type":"Feature","geometry":{"type":"Point","coordinates":[107.952,12.903]},"properties":{"name":"Ea M'Droh","level":"ward","province":"Đắk Lắk"}},{"type":"Feature","geometry":{"type":"Point","coordinates":[108.177,12.775]},"properties":{"name":"Cuôr Đăng","level":"ward","province":"Đắk Lắk"}},{"type":"Feature","geometry":{"type":"Point","coordinates":[108.194,13.014]},"properties":{"name":"Krông Búk","level":"ward","province":"Đắk Lắk"}},{"type":"Feature","geometry":{"type":"Point","coordinates":[108.148,13.045]},"properties":{"name":"Cư Pơng","level":"ward","province":"Đắk Lắk"}},{"type":"Feature","geometry":{"type":"Point","coordinates":[108.247,12.963]},"properties":{"name":"Pơng Drang","level":"ward","province":"Đắk Lắk"}},{"type":"Feature","geometry":{"type":"Point","coordinates":[108.32,12.862]},"properties":{"name":"Ea Drông","level":"ward","province":"Đắk Lắk"}},{"type":"Feature","geometry":{"type":"Point","coordinates":[108.385,13.001]},"properties":{"name":"Krông Năng","level":"ward","province":"Đắk Lắk"}},{"type":"Feature","geometry":{"type":"Point","coordinates":[108.339,13.073]},"properties":{"name":"Dliê Ya","level":"ward","province":"Đắk Lắk"}},{"type":"Feature","geometry":{"type":"Point","coordinates":[108.443,13.039]},"properties":{"name":"Tam Giang","level":"ward","province":"Đắk Lắk"}},{"type":"Feature","geometry":{"type":"Point","coordinates":[108.491,12.923]},"properties":{"name":"Phú Xuân","level":"ward","province":"Đắk Lắk"}},{"type":"Feature","geometry":{"type":"Point","coordinates":[108.505,12.804]},"properties":{"name":"Ea Kar","level":"ward","province":"Đắk Lắk"}},{"type":"Feature","geometry":{"type":"Point","coordinates":[108.541,12.807]},"properties":{"name":"Ea Knốp","level":"ward","province":"Đắk Lắk"}},{"type":"Feature","geometry":{"type":"Point","coordinates":[108.462,12.794]},"properties":{"name":"Ea Păl","level":"ward","province":"Đắk Lắk"}},{"type":"Feature","geometry":{"type":"Point","coordinates":[108.532,12.653]},"properties":{"name":"Ea Ô","level":"ward","province":"Đắk Lắk"}},{"type":"Feature","geometry":{"type":"Point","coordinates":[108.632,12.644]},"properties":{"name":"Cư Yang","level":"ward","province":"Đắk Lắk"}},{"type":"Feature","geometry":{"type":"Point","coordinates":[108.831,12.703]},"properties":{"name":"M'Drắk","level":"ward","province":"Đắk Lắk"}},{"type":"Feature","geometry":{"type":"Point","coordinates":[108.757,12.803]},"properties":{"name":"Cư Prao","level":"ward","province":"Đắk Lắk"}},{"type":"Feature","geometry":{"type":"Point","coordinates":[108.867,12.807]},"properties":{"name":"Ea Riêng","level":"ward","province":"Đắk Lắk"}},{"type":"Feature","geometry":{"type":"Point","coordinates":[108.867,12.731]},"properties":{"name":"Cư M'ta","level":"ward","province":"Đắk Lắk"}},{"type":"Feature","geometry":{"type":"Point","coordinates":[108.583,12.877]},"properties":{"name":"Krông Á","level":"ward","province":"Đắk Lắk"}},{"type":"Feature","geometry":{"type":"Point","coordinates":[108.835,12.615]},"properties":{"name":"Ea Trang","level":"ward","province":"Đắk Lắk"}},{"type":"Feature","geometry":{"type":"Point","coordinates":[108.487,12.452]},"properties":{"name":"Krông Bông","level":"ward","province":"Đắk Lắk"}},{"type":"Feature","geometry":{"type":"Point","coordinates":[108.327,12.601]},"properties":{"name":"Dang Kang","level":"ward","province":"Đắk Lắk"}},{"type":"Feature","geometry":{"type":"Point","coordinates":[108.922,12.834]},"properties":{"name":"Hòa Sơn","level":"ward","province":"Đắk Lắk"}},{"type":"Feature","geometry":{"type":"Point","coordinates":[108.528,12.512]},"properties":{"name":"Cư Pui","level":"ward","province":"Đắk Lắk"}},{"type":"Feature","geometry":{"type":"Point","coordinates":[108.572,12.414]},"properties":{"name":"Yang Mao","level":"ward","province":"Đắk Lắk"}},{"type":"Feature","geometry":{"type":"Point","coordinates":[108.295,12.687]},"properties":{"name":"Krông Pắc","level":"ward","province":"Đắk Lắk"}},{"type":"Feature","geometry":{"type":"Point","coordinates":[108.409,12.76]},"properties":{"name":"Ea Kly","level":"ward","province":"Đắk Lắk"}},{"type":"Feature","geometry":{"type":"Point","coordinates":[108.362,12.725]},"properties":{"name":"Ea Phê","level":"ward","province":"Đắk Lắk"}},{"type":"Feature","geometry":{"type":"Point","coordinates":[108.201,12.695]},"properties":{"name":"Ea Knuếc","level":"ward","province":"Đắk Lắk"}},{"type":"Feature","geometry":{"type":"Point","coordinates":[108.068,12.778]},"properties":{"name":"Tân Tiến","level":"ward","province":"Đắk Lắk"}},{"type":"Feature","geometry":{"type":"Point","coordinates":[108.452,12.617]},"properties":{"name":"Vụ Bổn","level":"ward","province":"Đắk Lắk"}},{"type":"Feature","geometry":{"type":"Point","coordinates":[108.077,12.495]},"properties":{"name":"Krông Ana","level":"ward","province":"Đắk Lắk"}},{"type":"Feature","geometry":{"type":"Point","coordinates":[108.23,12.603]},"properties":{"name":"Ea Ning","level":"ward","province":"Đắk Lắk"}},{"type":"Feature","geometry":{"type":"Point","coordinates":[108.191,12.634]},"properties":{"name":"Ea Ktur","level":"ward","province":"Đắk Lắk"}},{"type":"Feature","geometry":{"type":"Point","coordinates":[107.989,12.548]},"properties":{"name":"Ea Na","level":"ward","province":"Đắk Lắk"}},{"type":"Feature","geometry":{"type":"Point","coordinates":[108.172,12.544]},"properties":{"name":"Dray Bhăng","level":"ward","province":"Đắk Lắk"}},{"type":"Feature","geometry":{"type":"Point","coordinates":[108.118,12.47]},"properties":{"name":"Dur Kmăl","level":"ward","province":"Đắk Lắk"}},{"type":"Feature","geometry":{"type":"Point","coordinates":[108.174,12.409]},"properties":{"name":"Liên Sơn Lắk","level":"ward","province":"Đắk Lắk"}},{"type":"Feature","geometry":{"type":"Point","coordinates":[108.092,12.397]},"properties":{"name":"Đắk Liêng","level":"ward","province":"Đắk Lắk"}},{"type":"Feature","geometry":{"type":"Point","coordinates":[108.224,12.314]},"properties":{"name":"Đắk Phơi","level":"ward","province":"Đắk Lắk"}},{"type":"Feature","geometry":{"type":"Point","coordinates":[107.822,12.37]},"properties":{"name":"Krông Nô","level":"ward","province":"Đắk Lắk"}},{"type":"Feature","geometry":{"type":"Point","coordinates":[108.016,12.339]},"properties":{"name":"Nam Ka","level":"ward","province":"Đắk Lắk"}},{"type":"Feature","geometry":{"type":"Point","coordinates":[108.266,10.972]},"properties":{"name":"Mũi Né","level":"ward","province":"Lâm Đồng"}},{"type":"Feature","geometry":{"type":"Point","coordinates":[108.113,10.932]},"properties":{"name":"Phú Thủy","level":"ward","province":"Lâm Đồng"}},{"type":"Feature","geometry":{"type":"Point","coordinates":[108.107,10.947]},"properties":{"name":"Hàm Thắng","level":"ward","province":"Lâm Đồng"}},{"type":"Feature","geometry":{"type":"Point","coordinates":[108.063,10.903]},"properties":{"name":"Phan Thiết","level":"ward","province":"Lâm Đồng"}},{"type":"Feature","geometry":{"type":"Point","coordinates":[108.085,10.919]},"properties":{"name":"Tiến Thành","level":"ward","province":"Lâm Đồng"}},{"type":"Feature","geometry":{"type":"Point","coordinates":[108.003,10.969]},"properties":{"name":"Bình Thuận","level":"ward","province":"Lâm Đồng"}},{"type":"Feature","geometry":{"type":"Point","coordinates":[107.775,10.659]},"properties":{"name":"Phước Hội","level":"ward","province":"Lâm Đồng"}},{"type":"Feature","geometry":{"type":"Point","coordinates":[107.802,10.714]},"properties":{"name":"La Gi","level":"ward","province":"Lâm Đồng"}},{"type":"Feature","geometry":{"type":"Point","coordinates":[107.712,12.011]},"properties":{"name":"Bắc Gia Nghĩa","level":"ward","province":"Lâm Đồng"}},{"type":"Feature","geometry":{"type":"Point","coordinates":[107.678,11.996]},"properties":{"name":"Nam Gia Nghĩa","level":"ward","province":"Lâm Đồng"}},{"type":"Feature","geometry":{"type":"Point","coordinates":[107.729,11.96]},"properties":{"name":"Đông Gia Nghĩa","level":"ward","province":"Lâm Đồng"}},{"type":"Feature","geometry":{"type":"Point","coordinates":[108.436,11.904]},"properties":{"name":"Lâm Viên - Đà Lạt","level":"ward","province":"Lâm Đồng"}},{"type":"Feature","geometry":{"type":"Point","coordinates":[108.448,11.905]},"properties":{"name":"Xuân Hương - Đà Lạt","level":"ward","province":"Lâm Đồng"}},{"type":"Feature","geometry":{"type":"Point","coordinates":[108.431,11.955]},"properties":{"name":"Cam Ly - Đà Lạt","level":"ward","province":"Lâm Đồng"}},{"type":"Feature","geometry":{"type":"Point","coordinates":[108.446,11.936]},"properties":{"name":"Xuân Trường - Đà Lạt","level":"ward","province":"Lâm Đồng"}},{"type":"Feature","geometry":{"type":"Point","coordinates":[107.809,11.549]},"properties":{"name":"2 Bảo Lộc","level":"ward","province":"Lâm Đồng"}},{"type":"Feature","geometry":{"type":"Point","coordinates":[107.809,11.549]},"properties":{"name":"1 Bảo Lộc","level":"ward","province":"Lâm Đồng"}},{"type":"Feature","geometry":{"type":"Point","coordinates":[107.815,11.533]},"properties":{"name":"B'Lao","level":"ward","province":"Lâm Đồng"}},{"type":"Feature","geometry":{"type":"Point","coordinates":[107.809,11.549]},"properties":{"name":"3 Bảo Lộc","level":"ward","province":"Lâm Đồng"}},{"type":"Feature","geometry":{"type":"Point","coordinates":[108.435,11.945]},"properties":{"name":"Lang Biang - Đà Lạt","level":"ward","province":"Lâm Đồng"}},{"type":"Feature","geometry":{"type":"Point","coordinates":[108.108,10.935]},"properties":{"name":"Tuyên Quang","level":"ward","province":"Lâm Đồng"}},{"type":"Feature","geometry":{"type":"Point","coordinates":[108.733,11.225]},"properties":{"name":"Liên Hương","level":"ward","province":"Lâm Đồng"}},{"type":"Feature","geometry":{"type":"Point","coordinates":[108.567,11.173]},"properties":{"name":"Phan Rí Cửa","level":"ward","province":"Lâm Đồng"}},{"type":"Feature","geometry":{"type":"Point","coordinates":[108.745,11.345]},"properties":{"name":"Tuy Phong","level":"ward","province":"Lâm Đồng"}},{"type":"Feature","geometry":{"type":"Point","coordinates":[108.72,11.301]},"properties":{"name":"Vĩnh Hảo","level":"ward","province":"Lâm Đồng"}},{"type":"Feature","geometry":{"type":"Point","coordinates":[108.363,11.262]},"properties":{"name":"Bắc Bình","level":"ward","province":"Lâm Đồng"}},{"type":"Feature","geometry":{"type":"Point","coordinates":[108.433,11.411]},"properties":{"name":"Phan Sơn","level":"ward","province":"Lâm Đồng"}},{"type":"Feature","geometry":{"type":"Point","coordinates":[108.503,11.314]},"properties":{"name":"Hải Ninh","level":"ward","province":"Lâm Đồng"}},{"type":"Feature","geometry":{"type":"Point","coordinates":[108.405,11.219]},"properties":{"name":"Sông Lũy","level":"ward","province":"Lâm Đồng"}},{"type":"Feature","geometry":{"type":"Point","coordinates":[108.367,11.194]},"properties":{"name":"Lương Sơn","level":"ward","province":"Lâm Đồng"}},{"type":"Feature","geometry":{"type":"Point","coordinates":[108.448,11.207]},"properties":{"name":"Hồng Thái","level":"ward","province":"Lâm Đồng"}},{"type":"Feature","geometry":{"type":"Point","coordinates":[108.395,11.099]},"properties":{"name":"Hòa Thắng","level":"ward","province":"Lâm Đồng"}},{"type":"Feature","geometry":{"type":"Point","coordinates":[107.895,10.814]},"properties":{"name":"Hàm Thuận","level":"ward","province":"Lâm Đồng"}},{"type":"Feature","geometry":{"type":"Point","coordinates":[108.431,11.955]},"properties":{"name":"La Dạ","level":"ward","province":"Lâm Đồng"}},{"type":"Feature","geometry":{"type":"Point","coordinates":[108.012,11.25]},"properties":{"name":"Đông Giang","level":"ward","province":"Lâm Đồng"}},{"type":"Feature","geometry":{"type":"Point","coordinates":[108.236,11.121]},"properties":{"name":"Hồng Sơn","level":"ward","province":"Lâm Đồng"}},{"type":"Feature","geometry":{"type":"Point","coordinates":[108.099,11.155]},"properties":{"name":"Hàm Thuận Bắc","level":"ward","province":"Lâm Đồng"}},{"type":"Feature","geometry":{"type":"Point","coordinates":[108.067,11.027]},"properties":{"name":"Hàm Liêm","level":"ward","province":"Lâm Đồng"}},{"type":"Feature","geometry":{"type":"Point","coordinates":[107.895,10.814]},"properties":{"name":"Hàm Thuận Nam","level":"ward","province":"Lâm Đồng"}},{"type":"Feature","geometry":{"type":"Point","coordinates":[107.921,11.052]},"properties":{"name":"Hàm Thạnh","level":"ward","province":"Lâm Đồng"}},{"type":"Feature","geometry":{"type":"Point","coordinates":[107.965,10.903]},"properties":{"name":"Hàm Kiệm","level":"ward","province":"Lâm Đồng"}},{"type":"Feature","geometry":{"type":"Point","coordinates":[108.236,11.788]},"properties":{"name":"Tân Lập","level":"ward","province":"Lâm Đồng"}},{"type":"Feature","geometry":{"type":"Point","coordinates":[108.224,11.753]},"properties":{"name":"Tân Thành","level":"ward","province":"Lâm Đồng"}},{"type":"Feature","geometry":{"type":"Point","coordinates":[107.684,11.14]},"properties":{"name":"Tánh Linh","level":"ward","province":"Lâm Đồng"}},{"type":"Feature","geometry":{"type":"Point","coordinates":[107.746,11.266]},"properties":{"name":"Bắc Ruộng","level":"ward","province":"Lâm Đồng"}},{"type":"Feature","geometry":{"type":"Point","coordinates":[107.681,11.271]},"properties":{"name":"Nghị Đức","level":"ward","province":"Lâm Đồng"}},{"type":"Feature","geometry":{"type":"Point","coordinates":[107.752,11.172]},"properties":{"name":"Đồng Kho","level":"ward","province":"Lâm Đồng"}},{"type":"Feature","geometry":{"type":"Point","coordinates":[107.657,10.952]},"properties":{"name":"Suối Kiết","level":"ward","province":"Lâm Đồng"}},{"type":"Feature","geometry":{"type":"Point","coordinates":[107.534,11.195]},"properties":{"name":"Đức Linh","level":"ward","province":"Lâm Đồng"}},{"type":"Feature","geometry":{"type":"Point","coordinates":[107.488,11.163]},"properties":{"name":"Hoài Đức","level":"ward","province":"Lâm Đồng"}},{"type":"Feature","geometry":{"type":"Point","coordinates":[107.876,12.478]},"properties":{"name":"Nam Thành","level":"ward","province":"Lâm Đồng"}},{"type":"Feature","geometry":{"type":"Point","coordinates":[107.499,11.057]},"properties":{"name":"Trà Tân","level":"ward","province":"Lâm Đồng"}},{"type":"Feature","geometry":{"type":"Point","coordinates":[107.633,10.842]},"properties":{"name":"Tân Minh","level":"ward","province":"Lâm Đồng"}},{"type":"Feature","geometry":{"type":"Point","coordinates":[107.895,10.814]},"properties":{"name":"Hàm Tân","level":"ward","province":"Lâm Đồng"}},{"type":"Feature","geometry":{"type":"Point","coordinates":[107.831,10.745]},"properties":{"name":"Tân Hải","level":"ward","province":"Lâm Đồng"}},{"type":"Feature","geometry":{"type":"Point","coordinates":[107.689,10.661]},"properties":{"name":"Sơn Mỹ","level":"ward","province":"Lâm Đồng"}},{"type":"Feature","geometry":{"type":"Point","coordinates":[107.534,11.959]},"properties":{"name":"Quảng Sơn","level":"ward","province":"Lâm Đồng"}},{"type":"Feature","geometry":{"type":"Point","coordinates":[108.519,11.745]},"properties":{"name":"Quảng Hòa","level":"ward","province":"Lâm Đồng"}},{"type":"Feature","geometry":{"type":"Point","coordinates":[107.796,11.909]},"properties":{"name":"Quảng Khê","level":"ward","province":"Lâm Đồng"}},{"type":"Feature","geometry":{"type":"Point","coordinates":[108.036,11.889]},"properties":{"name":"Tà Đùng","level":"ward","province":"Lâm Đồng"}},{"type":"Feature","geometry":{"type":"Point","coordinates":[107.771,12.68]},"properties":{"name":"Cư Jút","level":"ward","province":"Lâm Đồng"}},{"type":"Feature","geometry":{"type":"Point","coordinates":[107.73,12.708]},"properties":{"name":"Đắk Wil","level":"ward","province":"Lâm Đồng"}},{"type":"Feature","geometry":{"type":"Point","coordinates":[107.868,12.658]},"properties":{"name":"Nam Dong","level":"ward","province":"Lâm Đồng"}},{"type":"Feature","geometry":{"type":"Point","coordinates":[107.879,12.544]},"properties":{"name":"Đức Lập","level":"ward","province":"Lâm Đồng"}},{"type":"Feature","geometry":{"type":"Point","coordinates":[107.621,12.449]},"properties":{"name":"Đắk Mil","level":"ward","province":"Lâm Đồng"}},{"type":"Feature","geometry":{"type":"Point","coordinates":[107.69,12.425]},"properties":{"name":"Đắk Sắk","level":"ward","province":"Lâm Đồng"}},{"type":"Feature","geometry":{"type":"Point","coordinates":[107.606,12.52]},"properties":{"name":"Thuận An","level":"ward","province":"Lâm Đồng"}},{"type":"Feature","geometry":{"type":"Point","coordinates":[107.822,12.37]},"properties":{"name":"Krông Nô","level":"ward","province":"Lâm Đồng"}},{"type":"Feature","geometry":{"type":"Point","coordinates":[108.425,11.931]},"properties":{"name":"Nam Đà","level":"ward","province":"Lâm Đồng"}},{"type":"Feature","geometry":{"type":"Point","coordinates":[107.793,12.329]},"properties":{"name":"Nâm Nung","level":"ward","province":"Lâm Đồng"}},{"type":"Feature","geometry":{"type":"Point","coordinates":[107.933,12.282]},"properties":{"name":"Quảng Phú","level":"ward","province":"Lâm Đồng"}},{"type":"Feature","geometry":{"type":"Point","coordinates":[107.612,12.252]},"properties":{"name":"Đức An","level":"ward","province":"Lâm Đồng"}},{"type":"Feature","geometry":{"type":"Point","coordinates":[107.62,12.233]},"properties":{"name":"Đắk Song","level":"ward","province":"Lâm Đồng"}},{"type":"Feature","geometry":{"type":"Point","coordinates":[107.582,12.412]},"properties":{"name":"Thuận Hạnh","level":"ward","province":"Lâm Đồng"}},{"type":"Feature","geometry":{"type":"Point","coordinates":[108.539,11.898]},"properties":{"name":"Trường Xuân","level":"ward","province":"Lâm Đồng"}},{"type":"Feature","geometry":{"type":"Point","coordinates":[107.511,11.995]},"properties":{"name":"Kiến Đức","level":"ward","province":"Lâm Đồng"}},{"type":"Feature","geometry":{"type":"Point","coordinates":[107.317,12.17]},"properties":{"name":"Quảng Trực","level":"ward","province":"Lâm Đồng"}},{"type":"Feature","geometry":{"type":"Point","coordinates":[107.439,12.229]},"properties":{"name":"Tuy Đức","level":"ward","province":"Lâm Đồng"}},{"type":"Feature","geometry":{"type":"Point","coordinates":[108.51,11.753]},"properties":{"name":"Quảng Tân","level":"ward","province":"Lâm Đồng"}},{"type":"Feature","geometry":{"type":"Point","coordinates":[107.599,11.958]},"properties":{"name":"Nhân Cơ","level":"ward","province":"Lâm Đồng"}},{"type":"Feature","geometry":{"type":"Point","coordinates":[107.461,11.872]},"properties":{"name":"Quảng Tín","level":"ward","province":"Lâm Đồng"}},{"type":"Feature","geometry":{"type":"Point","coordinates":[108.419,12.009]},"properties":{"name":"Lạc Dương","level":"ward","province":"Lâm Đồng"}},{"type":"Feature","geometry":{"type":"Point","coordinates":[108.148,12.062]},"properties":{"name":"Đam Rông 4","level":"ward","province":"Lâm Đồng"}},{"type":"Feature","geometry":{"type":"Point","coordinates":[108.337,11.825]},"properties":{"name":"Nam Ban Lâm Hà","level":"ward","province":"Lâm Đồng"}},{"type":"Feature","geometry":{"type":"Point","coordinates":[108.262,11.78]},"properties":{"name":"Đinh Văn Lâm Hà","level":"ward","province":"Lâm Đồng"}},{"type":"Feature","geometry":{"type":"Point","coordinates":[108.148,12.062]},"properties":{"name":"Đam Rông 3","level":"ward","province":"Lâm Đồng"}},{"type":"Feature","geometry":{"type":"Point","coordinates":[108.148,12.062]},"properties":{"name":"Đam Rông 2","level":"ward","province":"Lâm Đồng"}},{"type":"Feature","geometry":{"type":"Point","coordinates":[107.501,11.022]},"properties":{"name":"Nam Hà Lâm Hà","level":"ward","province":"Lâm Đồng"}},{"type":"Feature","geometry":{"type":"Point","coordinates":[108.148,12.062]},"properties":{"name":"Đam Rông 1","level":"ward","province":"Lâm Đồng"}},{"type":"Feature","geometry":{"type":"Point","coordinates":[108.224,11.809]},"properties":{"name":"Phú Sơn Lâm Hà","level":"ward","province":"Lâm Đồng"}},{"type":"Feature","geometry":{"type":"Point","coordinates":[108.159,11.728]},"properties":{"name":"Phúc Thọ Lâm Hà","level":"ward","province":"Lâm Đồng"}},{"type":"Feature","geometry":{"type":"Point","coordinates":[107.501,11.022]},"properties":{"name":"Tân Hà Lâm Hà","level":"ward","province":"Lâm Đồng"}},{"type":"Feature","geometry":{"type":"Point","coordinates":[108.539,11.806]},"properties":{"name":"Đơn Dương","level":"ward","province":"Lâm Đồng"}},{"type":"Feature","geometry":{"type":"Point","coordinates":[108.598,11.843]},"properties":{"name":"D'Ran","level":"ward","province":"Lâm Đồng"}},{"type":"Feature","geometry":{"type":"Point","coordinates":[108.572,11.743]},"properties":{"name":"Ka Đô","level":"ward","province":"Lâm Đồng"}},{"type":"Feature","geometry":{"type":"Point","coordinates":[108.531,11.703]},"properties":{"name":"Quảng Lập","level":"ward","province":"Lâm Đồng"}},{"type":"Feature","geometry":{"type":"Point","coordinates":[108.318,11.695]},"properties":{"name":"Đức Trọng","level":"ward","province":"Lâm Đồng"}},{"type":"Feature","geometry":{"type":"Point","coordinates":[108.396,11.779]},"properties":{"name":"Hiệp Thạnh","level":"ward","province":"Lâm Đồng"}},{"type":"Feature","geometry":{"type":"Point","coordinates":[108.299,11.742]},"properties":{"name":"Tân Hội","level":"ward","province":"Lâm Đồng"}},{"type":"Feature","geometry":{"type":"Point","coordinates":[108.275,11.611]},"properties":{"name":"Ninh Gia","level":"ward","province":"Lâm Đồng"}},{"type":"Feature","geometry":{"type":"Point","coordinates":[108.491,11.594]},"properties":{"name":"Tà Năng","level":"ward","province":"Lâm Đồng"}},{"type":"Feature","geometry":{"type":"Point","coordinates":[108.345,11.59]},"properties":{"name":"Tà Hine","level":"ward","province":"Lâm Đồng"}},{"type":"Feature","geometry":{"type":"Point","coordinates":[108.076,11.582]},"properties":{"name":"Di Linh","level":"ward","province":"Lâm Đồng"}},{"type":"Feature","geometry":{"type":"Point","coordinates":[107.99,11.716]},"properties":{"name":"Đinh Trang Thượng","level":"ward","province":"Lâm Đồng"}},{"type":"Feature","geometry":{"type":"Point","coordinates":[108.226,11.511]},"properties":{"name":"Gia Hiệp","level":"ward","province":"Lâm Đồng"}},{"type":"Feature","geometry":{"type":"Point","coordinates":[108.142,11.492]},"properties":{"name":"Bảo Thuận","level":"ward","province":"Lâm Đồng"}},{"type":"Feature","geometry":{"type":"Point","coordinates":[107.95,11.557]},"properties":{"name":"Hòa Ninh","level":"ward","province":"Lâm Đồng"}},{"type":"Feature","geometry":{"type":"Point","coordinates":[107.948,11.424]},"properties":{"name":"Hòa Bắc","level":"ward","province":"Lâm Đồng"}},{"type":"Feature","geometry":{"type":"Point","coordinates":[108.065,11.344]},"properties":{"name":"Sơn Điền","level":"ward","province":"Lâm Đồng"}},{"type":"Feature","geometry":{"type":"Point","coordinates":[107.83,11.626]},"properties":{"name":"Bảo Lâm 1","level":"ward","province":"Lâm Đồng"}},{"type":"Feature","geometry":{"type":"Point","coordinates":[107.83,11.626]},"properties":{"name":"Bảo Lâm 5","level":"ward","province":"Lâm Đồng"}},{"type":"Feature","geometry":{"type":"Point","coordinates":[107.83,11.626]},"properties":{"name":"Bảo Lâm 4","level":"ward","province":"Lâm Đồng"}},{"type":"Feature","geometry":{"type":"Point","coordinates":[107.83,11.626]},"properties":{"name":"Bảo Lâm 2","level":"ward","province":"Lâm Đồng"}},{"type":"Feature","geometry":{"type":"Point","coordinates":[107.834,11.626]},"properties":{"name":"Bảo Lâm 3","level":"ward","province":"Lâm Đồng"}},{"type":"Feature","geometry":{"type":"Point","coordinates":[107.546,11.389]},"properties":{"name":"Đạ Huoai","level":"ward","province":"Lâm Đồng"}},{"type":"Feature","geometry":{"type":"Point","coordinates":[107.743,11.599]},"properties":{"name":"Đạ Huoai 2","level":"ward","province":"Lâm Đồng"}},{"type":"Feature","geometry":{"type":"Point","coordinates":[107.546,11.389]},"properties":{"name":"Đạ Huoai 3","level":"ward","province":"Lâm Đồng"}},{"type":"Feature","geometry":{"type":"Point","coordinates":[107.486,11.507]},"properties":{"name":"Đạ Tẻh","level":"ward","province":"Lâm Đồng"}},{"type":"Feature","geometry":{"type":"Point","coordinates":[107.486,11.507]},"properties":{"name":"Đạ Tẻh 3","level":"ward","province":"Lâm Đồng"}},{"type":"Feature","geometry":{"type":"Point","coordinates":[107.486,11.507]},"properties":{"name":"Đạ Tẻh 2","level":"ward","province":"Lâm Đồng"}},{"type":"Feature","geometry":{"type":"Point","coordinates":[107.36,11.585]},"properties":{"name":"Cát Tiên","level":"ward","province":"Lâm Đồng"}},{"type":"Feature","geometry":{"type":"Point","coordinates":[107.36,11.585]},"properties":{"name":"Cát Tiên 3","level":"ward","province":"Lâm Đồng"}},{"type":"Feature","geometry":{"type":"Point","coordinates":[107.36,11.585]},"properties":{"name":"Cát Tiên 2","level":"ward","province":"Lâm Đồng"}},{"type":"Feature","geometry":{"type":"Point","coordinates":[108.099,10.926]},"properties":{"name":"Phú Quý","level":"ward","province":"Lâm Đồng"}},{"type":"Feature","geometry":{"type":"Point","coordinates":[106.902,11.551]},"properties":{"name":"Bình Phước","level":"ward","province":"Đồng Nai"}},{"type":"Feature","geometry":{"type":"Point","coordinates":[106.854,11.525]},"properties":{"name":"Đồng Xoài","level":"ward","province":"Đồng Nai"}},{"type":"Feature","geometry":{"type":"Point","coordinates":[106.994,11.825]},"properties":{"name":"Phước Long","level":"ward","province":"Đồng Nai"}},{"type":"Feature","geometry":{"type":"Point","coordinates":[106.962,11.824]},"properties":{"name":"Phước Bình","level":"ward","province":"Đồng Nai"}},{"type":"Feature","geometry":{"type":"Point","coordinates":[106.6,11.673]},"properties":{"name":"Bình Long","level":"ward","province":"Đồng Nai"}},{"type":"Feature","geometry":{"type":"Point","coordinates":[106.597,11.687]},"properties":{"name":"An Lộc","level":"ward","province":"Đồng Nai"}},{"type":"Feature","geometry":{"type":"Point","coordinates":[106.639,11.429]},"properties":{"name":"Chơn Thành","level":"ward","province":"Đồng Nai"}},{"type":"Feature","geometry":{"type":"Point","coordinates":[106.615,11.475]},"properties":{"name":"Minh Hưng","level":"ward","province":"Đồng Nai"}},{"type":"Feature","geometry":{"type":"Point","coordinates":[106.897,11.001]},"properties":{"name":"Trảng Dài","level":"ward","province":"Đồng Nai"}},{"type":"Feature","geometry":{"type":"Point","coordinates":[106.906,10.959]},"properties":{"name":"Hố Nai","level":"ward","province":"Đồng Nai"}},{"type":"Feature","geometry":{"type":"Point","coordinates":[107.389,10.907]},"properties":{"name":"Tam Hiệp","level":"ward","province":"Đồng Nai"}},{"type":"Feature","geometry":{"type":"Point","coordinates":[106.672,11.567]},"properties":{"name":"Long Bình","level":"ward","province":"Đồng Nai"}},{"type":"Feature","geometry":{"type":"Point","coordinates":[106.837,10.939]},"properties":{"name":"Trấn Biên","level":"ward","province":"Đồng Nai"}},{"type":"Feature","geometry":{"type":"Point","coordinates":[106.892,10.914]},"properties":{"name":"Biên Hòa","level":"ward","province":"Đồng Nai"}},{"type":"Feature","geometry":{"type":"Point","coordinates":[107.248,10.926]},"properties":{"name":"Long Khánh","level":"ward","province":"Đồng Nai"}},{"type":"Feature","geometry":{"type":"Point","coordinates":[107.236,10.983]},"properties":{"name":"Bình Lộc","level":"ward","province":"Đồng Nai"}},{"type":"Feature","geometry":{"type":"Point","coordinates":[107.282,10.971]},"properties":{"name":"Bảo Vinh","level":"ward","province":"Đồng Nai"}},{"type":"Feature","geometry":{"type":"Point","coordinates":[107.184,10.927]},"properties":{"name":"Xuân Lập","level":"ward","province":"Đồng Nai"}},{"type":"Feature","geometry":{"type":"Point","coordinates":[107.228,10.87]},"properties":{"name":"Hàng Gòn","level":"ward","province":"Đồng Nai"}},{"type":"Feature","geometry":{"type":"Point","coordinates":[106.803,10.999]},"properties":{"name":"Tân Triều","level":"ward","province":"Đồng Nai"}},{"type":"Feature","geometry":{"type":"Point","coordinates":[106.936,10.863]},"properties":{"name":"Tam Phước","level":"ward","province":"Đồng Nai"}},{"type":"Feature","geometry":{"type":"Point","coordinates":[106.916,11.528]},"properties":{"name":"Phước Tân","level":"ward","province":"Đồng Nai"}},{"type":"Feature","geometry":{"type":"Point","coordinates":[106.866,10.874]},"properties":{"name":"Long Hưng","level":"ward","province":"Đồng Nai"}},{"type":"Feature","geometry":{"type":"Point","coordinates":[107.173,12.144]},"properties":{"name":"Bù Gia Mập","level":"ward","province":"Đồng Nai"}},{"type":"Feature","geometry":{"type":"Point","coordinates":[107.055,12.074]},"properties":{"name":"Đăk Ơ","level":"ward","province":"Đồng Nai"}},{"type":"Feature","geometry":{"type":"Point","coordinates":[106.874,11.904]},"properties":{"name":"Đa Kia","level":"ward","province":"Đồng Nai"}},{"type":"Feature","geometry":{"type":"Point","coordinates":[106.85,11.938]},"properties":{"name":"Bình Tân","level":"ward","province":"Đồng Nai"}},{"type":"Feature","geometry":{"type":"Point","coordinates":[106.931,11.696]},"properties":{"name":"Phú Riềng","level":"ward","province":"Đồng Nai"}},{"type":"Feature","geometry":{"type":"Point","coordinates":[106.811,11.694]},"properties":{"name":"Long Hà","level":"ward","province":"Đồng Nai"}},{"type":"Feature","geometry":{"type":"Point","coordinates":[106.605,11.646]},"properties":{"name":"Phú Trung","level":"ward","province":"Đồng Nai"}},{"type":"Feature","geometry":{"type":"Point","coordinates":[107.05,11.654]},"properties":{"name":"Phú Nghĩa","level":"ward","province":"Đồng Nai"}},{"type":"Feature","geometry":{"type":"Point","coordinates":[106.59,11.842]},"properties":{"name":"Lộc Ninh","level":"ward","province":"Đồng Nai"}},{"type":"Feature","geometry":{"type":"Point","coordinates":[106.524,11.894]},"properties":{"name":"Lộc Tấn","level":"ward","province":"Đồng Nai"}},{"type":"Feature","geometry":{"type":"Point","coordinates":[106.556,11.939]},"properties":{"name":"Lộc Thạnh","level":"ward","province":"Đồng Nai"}},{"type":"Feature","geometry":{"type":"Point","coordinates":[106.721,11.844]},"properties":{"name":"Lộc Quang","level":"ward","province":"Đồng Nai"}},{"type":"Feature","geometry":{"type":"Point","coordinates":[106.556,11.939]},"properties":{"name":"Lộc Thành","level":"ward","province":"Đồng Nai"}},{"type":"Feature","geometry":{"type":"Point","coordinates":[106.655,11.783]},"properties":{"name":"Lộc Hưng","level":"ward","province":"Đồng Nai"}},{"type":"Feature","geometry":{"type":"Point","coordinates":[106.8,11.967]},"properties":{"name":"Thiện Hưng","level":"ward","province":"Đồng Nai"}},{"type":"Feature","geometry":{"type":"Point","coordinates":[106.868,12.034]},"properties":{"name":"Hưng Phước","level":"ward","province":"Đồng Nai"}},{"type":"Feature","geometry":{"type":"Point","coordinates":[106.897,11.528]},"properties":{"name":"Tân Tiến","level":"ward","province":"Đồng Nai"}},{"type":"Feature","geometry":{"type":"Point","coordinates":[106.815,12.006]},"properties":{"name":"Tân Hưng","level":"ward","province":"Đồng Nai"}},{"type":"Feature","geometry":{"type":"Point","coordinates":[106.521,11.622]},"properties":{"name":"Minh Đức","level":"ward","province":"Đồng Nai"}},{"type":"Feature","geometry":{"type":"Point","coordinates":[106.799,10.855]},"properties":{"name":"Tân Quan","level":"ward","province":"Đồng Nai"}},{"type":"Feature","geometry":{"type":"Point","coordinates":[106.612,11.565]},"properties":{"name":"Tân Khai","level":"ward","province":"Đồng Nai"}},{"type":"Feature","geometry":{"type":"Point","coordinates":[106.867,11.454]},"properties":{"name":"Đồng Phú","level":"ward","province":"Đồng Nai"}},{"type":"Feature","geometry":{"type":"Point","coordinates":[106.695,11.86]},"properties":{"name":"Tân Lợi","level":"ward","province":"Đồng Nai"}},{"type":"Feature","geometry":{"type":"Point","coordinates":[106.861,11.603]},"properties":{"name":"Thuận Lợi","level":"ward","province":"Đồng Nai"}},{"type":"Feature","geometry":{"type":"Point","coordinates":[106.861,10.929]},"properties":{"name":"Đồng Tâm","level":"ward","province":"Đồng Nai"}},{"type":"Feature","geometry":{"type":"Point","coordinates":[107.223,11.77]},"properties":{"name":"Bù Đăng","level":"ward","province":"Đồng Nai"}},{"type":"Feature","geometry":{"type":"Point","coordinates":[107.211,11.968]},"properties":{"name":"Đak Nhau","level":"ward","province":"Đồng Nai"}},{"type":"Feature","geometry":{"type":"Point","coordinates":[107.328,11.873]},"properties":{"name":"Thọ Sơn","level":"ward","province":"Đồng Nai"}},{"type":"Feature","geometry":{"type":"Point","coordinates":[107.19,11.831]},"properties":{"name":"Bom Bo","level":"ward","province":"Đồng Nai"}},{"type":"Feature","geometry":{"type":"Point","coordinates":[107.116,11.685]},"properties":{"name":"Nghĩa Trung","level":"ward","province":"Đồng Nai"}},{"type":"Feature","geometry":{"type":"Point","coordinates":[107.028,11.862]},"properties":{"name":"Phước Sơn","level":"ward","province":"Đồng Nai"}},{"type":"Feature","geometry":{"type":"Point","coordinates":[106.716,11.513]},"properties":{"name":"Nha Bích","level":"ward","province":"Đồng Nai"}},{"type":"Feature","geometry":{"type":"Point","coordinates":[107.429,11.379]},"properties":{"name":"Tân Phú","level":"ward","province":"Đồng Nai"}},{"type":"Feature","geometry":{"type":"Point","coordinates":[107.324,11.458]},"properties":{"name":"Đak Lua","level":"ward","province":"Đồng Nai"}},{"type":"Feature","geometry":{"type":"Point","coordinates":[107.428,11.421]},"properties":{"name":"Nam Cát Tiên","level":"ward","province":"Đồng Nai"}},{"type":"Feature","geometry":{"type":"Point","coordinates":[107.399,11.313]},"properties":{"name":"Tà Lài","level":"ward","province":"Đồng Nai"}},{"type":"Feature","geometry":{"type":"Point","coordinates":[107.02,11.67]},"properties":{"name":"Phú Lâm","level":"ward","province":"Đồng Nai"}},{"type":"Feature","geometry":{"type":"Point","coordinates":[107.037,11.092]},"properties":{"name":"Trị An","level":"ward","province":"Đồng Nai"}},{"type":"Feature","geometry":{"type":"Point","coordinates":[107.135,11.376]},"properties":{"name":"Phú Lý","level":"ward","province":"Đồng Nai"}},{"type":"Feature","geometry":{"type":"Point","coordinates":[106.756,11.925]},"properties":{"name":"Tân An","level":"ward","province":"Đồng Nai"}},{"type":"Feature","geometry":{"type":"Point","coordinates":[107.357,11.2]},"properties":{"name":"Định Quán","level":"ward","province":"Đồng Nai"}},{"type":"Feature","geometry":{"type":"Point","coordinates":[106.59,11.7]},"properties":{"name":"Thanh Sơn","level":"ward","province":"Đồng Nai"}},{"type":"Feature","geometry":{"type":"Point","coordinates":[106.933,11.663]},"properties":{"name":"Phú Vinh","level":"ward","province":"Đồng Nai"}},{"type":"Feature","geometry":{"type":"Point","coordinates":[106.962,11.67]},"properties":{"name":"Phú Hòa","level":"ward","province":"Đồng Nai"}},{"type":"Feature","geometry":{"type":"Point","coordinates":[107.223,11.149]},"properties":{"name":"La Ngà","level":"ward","province":"Đồng Nai"}},{"type":"Feature","geometry":{"type":"Point","coordinates":[107.004,10.953]},"properties":{"name":"Trảng Bom","level":"ward","province":"Đồng Nai"}},{"type":"Feature","geometry":{"type":"Point","coordinates":[107.078,11.026]},"properties":{"name":"Bàu Hàm","level":"ward","province":"Đồng Nai"}},{"type":"Feature","geometry":{"type":"Point","coordinates":[107.152,11.679]},"properties":{"name":"Bình Minh","level":"ward","province":"Đồng Nai"}},{"type":"Feature","geometry":{"type":"Point","coordinates":[106.573,11.742]},"properties":{"name":"Hưng Thịnh","level":"ward","province":"Đồng Nai"}},{"type":"Feature","geometry":{"type":"Point","coordinates":[107.012,10.908]},"properties":{"name":"An Viễn","level":"ward","province":"Đồng Nai"}},{"type":"Feature","geometry":{"type":"Point","coordinates":[106.841,10.953]},"properties":{"name":"Thống Nhất","level":"ward","province":"Đồng Nai"}},{"type":"Feature","geometry":{"type":"Point","coordinates":[107.164,11.016]},"properties":{"name":"Gia Kiệm","level":"ward","province":"Đồng Nai"}},{"type":"Feature","geometry":{"type":"Point","coordinates":[107.147,10.952]},"properties":{"name":"Dầu Giây","level":"ward","province":"Đồng Nai"}},{"type":"Feature","geometry":{"type":"Point","coordinates":[107.141,10.85]},"properties":{"name":"Xuân Quế","level":"ward","province":"Đồng Nai"}},{"type":"Feature","geometry":{"type":"Point","coordinates":[107.113,10.86]},"properties":{"name":"Cẩm Mỹ","level":"ward","province":"Đồng Nai"}},{"type":"Feature","geometry":{"type":"Point","coordinates":[107.188,10.81]},"properties":{"name":"Xuân Đường","level":"ward","province":"Đồng Nai"}},{"type":"Feature","geometry":{"type":"Point","coordinates":[106.917,11.539]},"properties":{"name":"Xuân Đông","level":"ward","province":"Đồng Nai"}},{"type":"Feature","geometry":{"type":"Point","coordinates":[107.329,10.717]},"properties":{"name":"Sông Ray","level":"ward","province":"Đồng Nai"}},{"type":"Feature","geometry":{"type":"Point","coordinates":[107.021,10.761]},"properties":{"name":"Long Thành","level":"ward","province":"Đồng Nai"}},{"type":"Feature","geometry":{"type":"Point","coordinates":[106.898,11.532]},"properties":{"name":"An Phước","level":"ward","province":"Đồng Nai"}},{"type":"Feature","geometry":{"type":"Point","coordinates":[106.853,10.927]},"properties":{"name":"Bình An","level":"ward","province":"Đồng Nai"}},{"type":"Feature","geometry":{"type":"Point","coordinates":[107.02,10.718]},"properties":{"name":"Long Phước","level":"ward","province":"Đồng Nai"}},{"type":"Feature","geometry":{"type":"Point","coordinates":[107.024,10.674]},"properties":{"name":"Phước Thái","level":"ward","province":"Đồng Nai"}},{"type":"Feature","geometry":{"type":"Point","coordinates":[106.908,11.527]},"properties":{"name":"Xuân Lộc","level":"ward","province":"Đồng Nai"}},{"type":"Feature","geometry":{"type":"Point","coordinates":[107.299,11.045]},"properties":{"name":"Xuân Bắc","level":"ward","province":"Đồng Nai"}},{"type":"Feature","geometry":{"type":"Point","coordinates":[107.412,11.01]},"properties":{"name":"Xuân Thành","level":"ward","province":"Đồng Nai"}},{"type":"Feature","geometry":{"type":"Point","coordinates":[107.486,10.876]},"properties":{"name":"Xuân Hòa","level":"ward","province":"Đồng Nai"}},{"type":"Feature","geometry":{"type":"Point","coordinates":[107.329,10.891]},"properties":{"name":"Xuân Phú","level":"ward","province":"Đồng Nai"}},{"type":"Feature","geometry":{"type":"Point","coordinates":[107.289,10.879]},"properties":{"name":"Xuân Định","level":"ward","province":"Đồng Nai"}},{"type":"Feature","geometry":{"type":"Point","coordinates":[106.92,10.777]},"properties":{"name":"Nhơn Trạch","level":"ward","province":"Đồng Nai"}},{"type":"Feature","geometry":{"type":"Point","coordinates":[106.829,10.94]},"properties":{"name":"Đại Phước","level":"ward","province":"Đồng Nai"}},{"type":"Feature","geometry":{"type":"Point","coordinates":[106.924,11.526]},"properties":{"name":"Phước An","level":"ward","province":"Đồng Nai"}},{"type":"Feature","geometry":{"type":"Point","coordinates":[106.654,10.981]},"properties":{"name":"Thủ Dầu Một","level":"ward","province":"Hồ Chí Minh"}},{"type":"Feature","geometry":{"type":"Point","coordinates":[106.479,11.131]},"properties":{"name":"Phú Lợi","level":"ward","province":"Hồ Chí Minh"}},{"type":"Feature","geometry":{"type":"Point","coordinates":[106.688,11.06]},"properties":{"name":"Bình Dương","level":"ward","province":"Hồ Chí Minh"}},{"type":"Feature","geometry":{"type":"Point","coordinates":[106.558,11.03]},"properties":{"name":"Phú An","level":"ward","province":"Hồ Chí Minh"}},{"type":"Feature","geometry":{"type":"Point","coordinates":[106.713,10.831]},"properties":{"name":"Chánh Hiệp","level":"ward","province":"Hồ Chí Minh"}},{"type":"Feature","geometry":{"type":"Point","coordinates":[106.59,11.153]},"properties":{"name":"Bến Cát","level":"ward","province":"Hồ Chí Minh"}},{"type":"Feature","geometry":{"type":"Point","coordinates":[106.668,11.143]},"properties":{"name":"Chánh Phú Hòa","level":"ward","province":"Hồ Chí Minh"}},{"type":"Feature","geometry":{"type":"Point","coordinates":[106.507,11.304]},"properties":{"name":"Long Nguyên","level":"ward","province":"Hồ Chí Minh"}},{"type":"Feature","geometry":{"type":"Point","coordinates":[106.531,11.131]},"properties":{"name":"Tây Nam","level":"ward","province":"Hồ Chí Minh"}},{"type":"Feature","geometry":{"type":"Point","coordinates":[106.579,10.83]},"properties":{"name":"Thới Hòa","level":"ward","province":"Hồ Chí Minh"}},{"type":"Feature","geometry":{"type":"Point","coordinates":[106.656,11.083]},"properties":{"name":"Hòa Lợi","level":"ward","province":"Hồ Chí Minh"}},{"type":"Feature","geometry":{"type":"Point","coordinates":[106.798,11.06]},"properties":{"name":"Tân Uyên","level":"ward","province":"Hồ Chí Minh"}},{"type":"Feature","geometry":{"type":"Point","coordinates":[106.72,11.005]},"properties":{"name":"Tân Khánh","level":"ward","province":"Hồ Chí Minh"}},{"type":"Feature","geometry":{"type":"Point","coordinates":[106.707,11.117]},"properties":{"name":"Vĩnh Tân","level":"ward","province":"Hồ Chí Minh"}},{"type":"Feature","geometry":{"type":"Point","coordinates":[106.763,11.105]},"properties":{"name":"Bình Cơ","level":"ward","province":"Hồ Chí Minh"}},{"type":"Feature","geometry":{"type":"Point","coordinates":[107.255,10.552]},"properties":{"name":"Tân Hiệp","level":"ward","province":"Hồ Chí Minh"}},{"type":"Feature","geometry":{"type":"Point","coordinates":[106.769,10.908]},"properties":{"name":"Dĩ An","level":"ward","province":"Hồ Chí Minh"}},{"type":"Feature","geometry":{"type":"Point","coordinates":[106.764,10.937]},"properties":{"name":"Tân Đông Hiệp","level":"ward","province":"Hồ Chí Minh"}},{"type":"Feature","geometry":{"type":"Point","coordinates":[106.798,10.893]},"properties":{"name":"Đông Hòa","level":"ward","province":"Hồ Chí Minh"}},{"type":"Feature","geometry":{"type":"Point","coordinates":[106.7,10.905]},"properties":{"name":"Lái Thiêu","level":"ward","province":"Hồ Chí Minh"}},{"type":"Feature","geometry":{"type":"Point","coordinates":[106.711,10.961]},"properties":{"name":"Thuận Giao","level":"ward","province":"Hồ Chí Minh"}},{"type":"Feature","geometry":{"type":"Point","coordinates":[106.737,10.958]},"properties":{"name":"An Phú","level":"ward","province":"Hồ Chí Minh"}},{"type":"Feature","geometry":{"type":"Point","coordinates":[106.691,10.943]},"properties":{"name":"Thuận An","level":"ward","province":"Hồ Chí Minh"}},{"type":"Feature","geometry":{"type":"Point","coordinates":[106.727,10.905]},"properties":{"name":"Bình Hòa","level":"ward","province":"Hồ Chí Minh"}},{"type":"Feature","geometry":{"type":"Point","coordinates":[107.074,10.348]},"properties":{"name":"Vũng Tàu","level":"ward","province":"Hồ Chí Minh"}},{"type":"Feature","geometry":{"type":"Point","coordinates":[107.083,10.364]},"properties":{"name":"Tam Thắng","level":"ward","province":"Hồ Chí Minh"}},{"type":"Feature","geometry":{"type":"Point","coordinates":[107.109,10.391]},"properties":{"name":"Rạch Dừa","level":"ward","province":"Hồ Chí Minh"}},{"type":"Feature","geometry":{"type":"Point","coordinates":[107.151,10.417]},"properties":{"name":"Phước Thắng","level":"ward","province":"Hồ Chí Minh"}},{"type":"Feature","geometry":{"type":"Point","coordinates":[107.168,10.497]},"properties":{"name":"Bà Rịa","level":"ward","province":"Hồ Chí Minh"}},{"type":"Feature","geometry":{"type":"Point","coordinates":[107.149,10.5]},"properties":{"name":"Long Hương","level":"ward","province":"Hồ Chí Minh"}},{"type":"Feature","geometry":{"type":"Point","coordinates":[107.228,10.722]},"properties":{"name":"Tam Long","level":"ward","province":"Hồ Chí Minh"}},{"type":"Feature","geometry":{"type":"Point","coordinates":[107.055,10.588]},"properties":{"name":"Phú Mỹ","level":"ward","province":"Hồ Chí Minh"}},{"type":"Feature","geometry":{"type":"Point","coordinates":[106.639,10.802]},"properties":{"name":"Tân Hải","level":"ward","province":"Hồ Chí Minh"}},{"type":"Feature","geometry":{"type":"Point","coordinates":[106.752,10.947]},"properties":{"name":"Tân Phước","level":"ward","province":"Hồ Chí Minh"}},{"type":"Feature","geometry":{"type":"Point","coordinates":[106.844,11.15]},"properties":{"name":"Tân Thành","level":"ward","province":"Hồ Chí Minh"}},{"type":"Feature","geometry":{"type":"Point","coordinates":[106.694,10.791]},"properties":{"name":"Tân Định","level":"ward","province":"Hồ Chí Minh"}},{"type":"Feature","geometry":{"type":"Point","coordinates":[106.677,10.782]},"properties":{"name":"Sài Gòn","level":"ward","province":"Hồ Chí Minh"}},{"type":"Feature","geometry":{"type":"Point","coordinates":[106.695,10.77]},"properties":{"name":"Bến Thành","level":"ward","province":"Hồ Chí Minh"}},{"type":"Feature","geometry":{"type":"Point","coordinates":[106.691,10.763]},"properties":{"name":"Cầu Ông Lãnh","level":"ward","province":"Hồ Chí Minh"}},{"type":"Feature","geometry":{"type":"Point","coordinates":[106.692,10.861]},"properties":{"name":"An Phú Đông","level":"ward","province":"Hồ Chí Minh"}},{"type":"Feature","geometry":{"type":"Point","coordinates":[106.658,10.879]},"properties":{"name":"Thới An","level":"ward","province":"Hồ Chí Minh"}},{"type":"Feature","geometry":{"type":"Point","coordinates":[106.641,10.877]},"properties":{"name":"Tân Thới Hiệp","level":"ward","province":"Hồ Chí Minh"}},{"type":"Feature","geometry":{"type":"Point","coordinates":[106.618,10.859]},"properties":{"name":"Trung Mỹ Tây","level":"ward","province":"Hồ Chí Minh"}},{"type":"Feature","geometry":{"type":"Point","coordinates":[106.622,10.836]},"properties":{"name":"Đông Hưng Thuận","level":"ward","province":"Hồ Chí Minh"}},{"type":"Feature","geometry":{"type":"Point","coordinates":[106.765,10.873]},"properties":{"name":"Linh Xuân","level":"ward","province":"Hồ Chí Minh"}},{"type":"Feature","geometry":{"type":"Point","coordinates":[106.735,10.869]},"properties":{"name":"Tam Bình","level":"ward","province":"Hồ Chí Minh"}},{"type":"Feature","geometry":{"type":"Point","coordinates":[106.719,10.85]},"properties":{"name":"Hiệp Bình","level":"ward","province":"Hồ Chí Minh"}},{"type":"Feature","geometry":{"type":"Point","coordinates":[106.759,10.851]},"properties":{"name":"Thủ Đức","level":"ward","province":"Hồ Chí Minh"}},{"type":"Feature","geometry":{"type":"Point","coordinates":[106.831,10.848]},"properties":{"name":"Long Bình","level":"ward","province":"Hồ Chí Minh"}},{"type":"Feature","geometry":{"type":"Point","coordinates":[106.786,10.845]},"properties":{"name":"Tăng Nhơn Phú","level":"ward","province":"Hồ Chí Minh"}},{"type":"Feature","geometry":{"type":"Point","coordinates":[106.769,10.825]},"properties":{"name":"Phước Long","level":"ward","province":"Hồ Chí Minh"}},{"type":"Feature","geometry":{"type":"Point","coordinates":[106.86,10.812]},"properties":{"name":"Long Phước","level":"ward","province":"Hồ Chí Minh"}},{"type":"Feature","geometry":{"type":"Point","coordinates":[106.808,10.798]},"properties":{"name":"Long Trường","level":"ward","province":"Hồ Chí Minh"}},{"type":"Feature","geometry":{"type":"Point","coordinates":[106.683,10.837]},"properties":{"name":"An Nhơn","level":"ward","province":"Hồ Chí Minh"}},{"type":"Feature","geometry":{"type":"Point","coordinates":[106.665,10.85]},"properties":{"name":"An Hội Đông","level":"ward","province":"Hồ Chí Minh"}},{"type":"Feature","geometry":{"type":"Point","coordinates":[106.639,10.842]},"properties":{"name":"An Hội Tây","level":"ward","province":"Hồ Chí Minh"}},{"type":"Feature","geometry":{"type":"Point","coordinates":[106.685,10.816]},"properties":{"name":"Gò Vấp","level":"ward","province":"Hồ Chí Minh"}},{"type":"Feature","geometry":{"type":"Point","coordinates":[106.683,10.82]},"properties":{"name":"Hạnh Thông","level":"ward","province":"Hồ Chí Minh"}},{"type":"Feature","geometry":{"type":"Point","coordinates":[106.657,10.842]},"properties":{"name":"Thông Tây Hội","level":"ward","province":"Hồ Chí Minh"}},{"type":"Feature","geometry":{"type":"Point","coordinates":[106.703,10.823]},"properties":{"name":"Bình Lợi Trung","level":"ward","province":"Hồ Chí Minh"}},{"type":"Feature","geometry":{"type":"Point","coordinates":[106.737,10.827]},"properties":{"name":"Bình Quới","level":"ward","province":"Hồ Chí Minh"}},{"type":"Feature","geometry":{"type":"Point","coordinates":[106.703,10.811]},"properties":{"name":"Bình Thạnh","level":"ward","province":"Hồ Chí Minh"}},{"type":"Feature","geometry":{"type":"Point","coordinates":[106.697,10.801]},"properties":{"name":"Gia Định","level":"ward","province":"Hồ Chí Minh"}},{"type":"Feature","geometry":{"type":"Point","coordinates":[106.718,10.799]},"properties":{"name":"Thạnh Mỹ Tây","level":"ward","province":"Hồ Chí Minh"}},{"type":"Feature","geometry":{"type":"Point","coordinates":[106.659,10.798]},"properties":{"name":"Tân Sơn Nhất","level":"ward","province":"Hồ Chí Minh"}},{"type":"Feature","geometry":{"type":"Point","coordinates":[106.665,10.797]},"properties":{"name":"Tân Sơn Hòa","level":"ward","province":"Hồ Chí Minh"}},{"type":"Feature","geometry":{"type":"Point","coordinates":[106.647,10.79]},"properties":{"name":"Bảy Hiền","level":"ward","province":"Hồ Chí Minh"}},{"type":"Feature","geometry":{"type":"Point","coordinates":[106.655,10.781]},"properties":{"name":"Tân Hòa","level":"ward","province":"Hồ Chí Minh"}},{"type":"Feature","geometry":{"type":"Point","coordinates":[106.641,10.8]},"properties":{"name":"Tân Bình","level":"ward","province":"Hồ Chí Minh"}},{"type":"Feature","geometry":{"type":"Point","coordinates":[106.637,10.821]},"properties":{"name":"Tân Sơn","level":"ward","province":"Hồ Chí Minh"}},{"type":"Feature","geometry":{"type":"Point","coordinates":[106.623,10.813]},"properties":{"name":"Tây Thạnh","level":"ward","province":"Hồ Chí Minh"}},{"type":"Feature","geometry":{"type":"Point","coordinates":[106.625,10.801]},"properties":{"name":"Tân Sơn Nhì","level":"ward","province":"Hồ Chí Minh"}},{"type":"Feature","geometry":{"type":"Point","coordinates":[106.627,10.789]},"properties":{"name":"Phú Thọ Hòa","level":"ward","province":"Hồ Chí Minh"}},{"type":"Feature","geometry":{"type":"Point","coordinates":[106.627,10.772]},"properties":{"name":"Phú Thạnh","level":"ward","province":"Hồ Chí Minh"}},{"type":"Feature","geometry":{"type":"Point","coordinates":[106.638,10.776]},"properties":{"name":"Tân Phú","level":"ward","province":"Hồ Chí Minh"}},{"type":"Feature","geometry":{"type":"Point","coordinates":[106.678,10.806]},"properties":{"name":"Đức Nhuận","level":"ward","province":"Hồ Chí Minh"}},{"type":"Feature","geometry":{"type":"Point","coordinates":[106.685,10.8]},"properties":{"name":"Cầu Kiệu","level":"ward","province":"Hồ Chí Minh"}},{"type":"Feature","geometry":{"type":"Point","coordinates":[106.675,10.795]},"properties":{"name":"Phú Nhuận","level":"ward","province":"Hồ Chí Minh"}},{"type":"Feature","geometry":{"type":"Point","coordinates":[106.729,10.785]},"properties":{"name":"An Khánh","level":"ward","province":"Hồ Chí Minh"}},{"type":"Feature","geometry":{"type":"Point","coordinates":[106.755,10.789]},"properties":{"name":"Bình Trưng","level":"ward","province":"Hồ Chí Minh"}},{"type":"Feature","geometry":{"type":"Point","coordinates":[106.775,10.77]},"properties":{"name":"Cát Lái","level":"ward","province":"Hồ Chí Minh"}},{"type":"Feature","geometry":{"type":"Point","coordinates":[106.69,10.782]},"properties":{"name":"Xuân Hòa","level":"ward","province":"Hồ Chí Minh"}},{"type":"Feature","geometry":{"type":"Point","coordinates":[106.675,10.786]},"properties":{"name":"Nhiêu Lộc","level":"ward","province":"Hồ Chí Minh"}},{"type":"Feature","geometry":{"type":"Point","coordinates":[106.682,10.77]},"properties":{"name":"Bàn Cờ","level":"ward","province":"Hồ Chí Minh"}},{"type":"Feature","geometry":{"type":"Point","coordinates":[106.669,10.781]},"properties":{"name":"Hòa Hưng","level":"ward","province":"Hồ Chí Minh"}},{"type":"Feature","geometry":{"type":"Point","coordinates":[106.664,10.766]},"properties":{"name":"Diên Hồng","level":"ward","province":"Hồ Chí Minh"}},{"type":"Feature","geometry":{"type":"Point","coordinates":[106.674,10.767]},"properties":{"name":"Vườn Lài","level":"ward","province":"Hồ Chí Minh"}},{"type":"Feature","geometry":{"type":"Point","coordinates":[106.644,10.77]},"properties":{"name":"Hòa Bình","level":"ward","province":"Hồ Chí Minh"}},{"type":"Feature","geometry":{"type":"Point","coordinates":[106.655,10.766]},"properties":{"name":"Phú Thọ","level":"ward","province":"Hồ Chí Minh"}},{"type":"Feature","geometry":{"type":"Point","coordinates":[106.642,10.763]},"properties":{"name":"Bình Thới","level":"ward","province":"Hồ Chí Minh"}},{"type":"Feature","geometry":{"type":"Point","coordinates":[106.647,10.757]},"properties":{"name":"Minh Phụng","level":"ward","province":"Hồ Chí Minh"}},{"type":"Feature","geometry":{"type":"Point","coordinates":[106.712,10.76]},"properties":{"name":"Xóm Chiếu","level":"ward","province":"Hồ Chí Minh"}},{"type":"Feature","geometry":{"type":"Point","coordinates":[106.702,10.76]},"properties":{"name":"Khánh Hội","level":"ward","province":"Hồ Chí Minh"}},{"type":"Feature","geometry":{"type":"Point","coordinates":[106.694,10.756]},"properties":{"name":"Vĩnh Hội","level":"ward","province":"Hồ Chí Minh"}},{"type":"Feature","geometry":{"type":"Point","coordinates":[106.681,10.758]},"properties":{"name":"Chợ Quán","level":"ward","province":"Hồ Chí Minh"}},{"type":"Feature","geometry":{"type":"Point","coordinates":[106.672,10.755]},"properties":{"name":"An Đông","level":"ward","province":"Hồ Chí Minh"}},{"type":"Feature","geometry":{"type":"Point","coordinates":[106.659,10.752]},"properties":{"name":"Chợ Lớn","level":"ward","province":"Hồ Chí Minh"}},{"type":"Feature","geometry":{"type":"Point","coordinates":[106.631,10.754]},"properties":{"name":"Phú Lâm","level":"ward","province":"Hồ Chí Minh"}},{"type":"Feature","geometry":{"type":"Point","coordinates":[106.627,10.739]},"properties":{"name":"Bình Phú","level":"ward","province":"Hồ Chí Minh"}},{"type":"Feature","geometry":{"type":"Point","coordinates":[106.648,10.749]},"properties":{"name":"Bình Tây","level":"ward","province":"Hồ Chí Minh"}},{"type":"Feature","geometry":{"type":"Point","coordinates":[106.643,10.743]},"properties":{"name":"Bình Tiên","level":"ward","province":"Hồ Chí Minh"}},{"type":"Feature","geometry":{"type":"Point","coordinates":[106.676,10.745]},"properties":{"name":"Chánh Hưng","level":"ward","province":"Hồ Chí Minh"}},{"type":"Feature","geometry":{"type":"Point","coordinates":[106.638,10.728]},"properties":{"name":"Bình Đông","level":"ward","province":"Hồ Chí Minh"}},{"type":"Feature","geometry":{"type":"Point","coordinates":[106.629,10.724]},"properties":{"name":"Phú Định","level":"ward","province":"Hồ Chí Minh"}},{"type":"Feature","geometry":{"type":"Point","coordinates":[106.603,10.798]},"properties":{"name":"Bình Hưng Hòa","level":"ward","province":"Hồ Chí Minh"}},{"type":"Feature","geometry":{"type":"Point","coordinates":[106.59,10.794]},"properties":{"name":"Bình Tân","level":"ward","province":"Hồ Chí Minh"}},{"type":"Feature","geometry":{"type":"Point","coordinates":[106.61,10.768]},"properties":{"name":"Bình Trị Đông","level":"ward","province":"Hồ Chí Minh"}},{"type":"Feature","geometry":{"type":"Point","coordinates":[106.586,10.748]},"properties":{"name":"Tân Tạo","level":"ward","province":"Hồ Chí Minh"}},{"type":"Feature","geometry":{"type":"Point","coordinates":[106.615,10.738]},"properties":{"name":"An Lạc","level":"ward","province":"Hồ Chí Minh"}},{"type":"Feature","geometry":{"type":"Point","coordinates":[106.703,10.74]},"properties":{"name":"Tân Hưng","level":"ward","province":"Hồ Chí Minh"}},{"type":"Feature","geometry":{"type":"Point","coordinates":[106.728,10.753]},"properties":{"name":"Tân Thuận","level":"ward","province":"Hồ Chí Minh"}},{"type":"Feature","geometry":{"type":"Point","coordinates":[106.735,10.731]},"properties":{"name":"Phú Thuận","level":"ward","province":"Hồ Chí Minh"}},{"type":"Feature","geometry":{"type":"Point","coordinates":[106.724,10.726]},"properties":{"name":"Tân Mỹ","level":"ward","province":"Hồ Chí Minh"}},{"type":"Feature","geometry":{"type":"Point","coordinates":[106.363,11.28]},"properties":{"name":"Dầu Tiếng","level":"ward","province":"Hồ Chí Minh"}},{"type":"Feature","geometry":{"type":"Point","coordinates":[107.455,10.552]},"properties":{"name":"Minh Thạnh","level":"ward","province":"Hồ Chí Minh"}},{"type":"Feature","geometry":{"type":"Point","coordinates":[106.509,11.327]},"properties":{"name":"Long Hòa","level":"ward","province":"Hồ Chí Minh"}},{"type":"Feature","geometry":{"type":"Point","coordinates":[107.337,10.505]},"properties":{"name":"Thanh An","level":"ward","province":"Hồ Chí Minh"}},{"type":"Feature","geometry":{"type":"Point","coordinates":[106.653,10.977]},"properties":{"name":"Trừ Văn Thố","level":"ward","province":"Hồ Chí Minh"}},{"type":"Feature","geometry":{"type":"Point","coordinates":[106.621,11.265]},"properties":{"name":"Bàu Bàng","level":"ward","province":"Hồ Chí Minh"}},{"type":"Feature","geometry":{"type":"Point","coordinates":[106.861,11.307]},"properties":{"name":"Phú Giáo","level":"ward","province":"Hồ Chí Minh"}},{"type":"Feature","geometry":{"type":"Point","coordinates":[107.111,10.533]},"properties":{"name":"Phước Thành","level":"ward","province":"Hồ Chí Minh"}},{"type":"Feature","geometry":{"type":"Point","coordinates":[106.661,10.805]},"properties":{"name":"An Long","level":"ward","province":"Hồ Chí Minh"}},{"type":"Feature","geometry":{"type":"Point","coordinates":[107.103,10.391]},"properties":{"name":"Phước Hòa","level":"ward","province":"Hồ Chí Minh"}},{"type":"Feature","geometry":{"type":"Point","coordinates":[106.792,11.119]},"properties":{"name":"Bắc Tân Uyên","level":"ward","province":"Hồ Chí Minh"}},{"type":"Feature","geometry":{"type":"Point","coordinates":[106.919,11.105]},"properties":{"name":"Thường Tân","level":"ward","province":"Hồ Chí Minh"}},{"type":"Feature","geometry":{"type":"Point","coordinates":[107.215,10.483]},"properties":{"name":"Long Sơn","level":"ward","province":"Hồ Chí Minh"}},{"type":"Feature","geometry":{"type":"Point","coordinates":[107.246,10.647]},"properties":{"name":"Ngãi Giao","level":"ward","province":"Hồ Chí Minh"}},{"type":"Feature","geometry":{"type":"Point","coordinates":[107.302,10.64]},"properties":{"name":"Xuân Sơn","level":"ward","province":"Hồ Chí Minh"}},{"type":"Feature","geometry":{"type":"Point","coordinates":[107.271,10.65]},"properties":{"name":"Bình Giã","level":"ward","province":"Hồ Chí Minh"}},{"type":"Feature","geometry":{"type":"Point","coordinates":[107.213,10.728]},"properties":{"name":"Châu Đức","level":"ward","province":"Hồ Chí Minh"}},{"type":"Feature","geometry":{"type":"Point","coordinates":[107.246,10.699]},"properties":{"name":"Kim Long","level":"ward","province":"Hồ Chí Minh"}},{"type":"Feature","geometry":{"type":"Point","coordinates":[107.264,10.583]},"properties":{"name":"Nghĩa Thành","level":"ward","province":"Hồ Chí Minh"}},{"type":"Feature","geometry":{"type":"Point","coordinates":[107.436,10.475]},"properties":{"name":"Hồ Tràm","level":"ward","province":"Hồ Chí Minh"}},{"type":"Feature","geometry":{"type":"Point","coordinates":[107.399,10.535]},"properties":{"name":"Xuyên Mộc","level":"ward","province":"Hồ Chí Minh"}},{"type":"Feature","geometry":{"type":"Point","coordinates":[107.418,10.737]},"properties":{"name":"Bàu Lâm","level":"ward","province":"Hồ Chí Minh"}},{"type":"Feature","geometry":{"type":"Point","coordinates":[107.259,10.479]},"properties":{"name":"Hòa Hội","level":"ward","province":"Hồ Chí Minh"}},{"type":"Feature","geometry":{"type":"Point","coordinates":[106.656,10.793]},"properties":{"name":"Hòa Hiệp","level":"ward","province":"Hồ Chí Minh"}},{"type":"Feature","geometry":{"type":"Point","coordinates":[107.547,10.552]},"properties":{"name":"Bình Châu","level":"ward","province":"Hồ Chí Minh"}},{"type":"Feature","geometry":{"type":"Point","coordinates":[107.212,10.485]},"properties":{"name":"Long Điền","level":"ward","province":"Hồ Chí Minh"}},{"type":"Feature","geometry":{"type":"Point","coordinates":[107.231,10.404]},"properties":{"name":"Long Hải","level":"ward","province":"Hồ Chí Minh"}},{"type":"Feature","geometry":{"type":"Point","coordinates":[107.27,10.49]},"properties":{"name":"Đất Đỏ","level":"ward","province":"Hồ Chí Minh"}},{"type":"Feature","geometry":{"type":"Point","coordinates":[107.292,10.426]},"properties":{"name":"Phước Hải","level":"ward","province":"Hồ Chí Minh"}},{"type":"Feature","geometry":{"type":"Point","coordinates":[107.129,10.591]},"properties":{"name":"Châu Pha","level":"ward","province":"Hồ Chí Minh"}},{"type":"Feature","geometry":{"type":"Point","coordinates":[106.465,10.97]},"properties":{"name":"Tân An Hội","level":"ward","province":"Hồ Chí Minh"}},{"type":"Feature","geometry":{"type":"Point","coordinates":[106.514,11.089]},"properties":{"name":"An Nhơn Tây","level":"ward","province":"Hồ Chí Minh"}},{"type":"Feature","geometry":{"type":"Point","coordinates":[106.476,11.06]},"properties":{"name":"Nhuận Đức","level":"ward","province":"Hồ Chí Minh"}},{"type":"Feature","geometry":{"type":"Point","coordinates":[106.435,11.037]},"properties":{"name":"Thái Mỹ","level":"ward","province":"Hồ Chí Minh"}},{"type":"Feature","geometry":{"type":"Point","coordinates":[106.556,10.989]},"properties":{"name":"Phú Hòa Đông","level":"ward","province":"Hồ Chí Minh"}},{"type":"Feature","geometry":{"type":"Point","coordinates":[106.77,10.66]},"properties":{"name":"Bình Mỹ","level":"ward","province":"Hồ Chí Minh"}},{"type":"Feature","geometry":{"type":"Point","coordinates":[106.495,10.974]},"properties":{"name":"Củ Chi","level":"ward","province":"Hồ Chí Minh"}},{"type":"Feature","geometry":{"type":"Point","coordinates":[106.593,10.886]},"properties":{"name":"Hóc Môn","level":"ward","province":"Hồ Chí Minh"}},{"type":"Feature","geometry":{"type":"Point","coordinates":[106.771,10.923]},"properties":{"name":"Đông Thạnh","level":"ward","province":"Hồ Chí Minh"}},{"type":"Feature","geometry":{"type":"Point","coordinates":[106.574,10.871]},"properties":{"name":"Xuân Thới Sơn","level":"ward","province":"Hồ Chí Minh"}},{"type":"Feature","geometry":{"type":"Point","coordinates":[106.599,10.84]},"properties":{"name":"Bà Điểm","level":"ward","province":"Hồ Chí Minh"}},{"type":"Feature","geometry":{"type":"Point","coordinates":[106.57,10.698]},"properties":{"name":"Tân Nhựt","level":"ward","province":"Hồ Chí Minh"}},{"type":"Feature","geometry":{"type":"Point","coordinates":[106.551,10.82]},"properties":{"name":"Vĩnh Lộc","level":"ward","province":"Hồ Chí Minh"}},{"type":"Feature","geometry":{"type":"Point","coordinates":[106.554,10.787]},"properties":{"name":"Tân Vĩnh Lộc","level":"ward","province":"Hồ Chí Minh"}},{"type":"Feature","geometry":{"type":"Point","coordinates":[106.519,10.754]},"properties":{"name":"Bình Lợi","level":"ward","province":"Hồ Chí Minh"}},{"type":"Feature","geometry":{"type":"Point","coordinates":[106.656,10.719]},"properties":{"name":"Bình Hưng","level":"ward","province":"Hồ Chí Minh"}},{"type":"Feature","geometry":{"type":"Point","coordinates":[106.639,10.659]},"properties":{"name":"Hưng Long","level":"ward","province":"Hồ Chí Minh"}},{"type":"Feature","geometry":{"type":"Point","coordinates":[106.57,10.664]},"properties":{"name":"Bình Chánh","level":"ward","province":"Hồ Chí Minh"}},{"type":"Feature","geometry":{"type":"Point","coordinates":[106.74,10.696]},"properties":{"name":"Nhà Bè","level":"ward","province":"Hồ Chí Minh"}},{"type":"Feature","geometry":{"type":"Point","coordinates":[106.425,11.308]},"properties":{"name":"Hiệp Phước","level":"ward","province":"Hồ Chí Minh"}},{"type":"Feature","geometry":{"type":"Point","coordinates":[106.932,10.393]},"properties":{"name":"Cần Giờ","level":"ward","province":"Hồ Chí Minh"}},{"type":"Feature","geometry":{"type":"Point","coordinates":[106.787,10.643]},"properties":{"name":"Bình Khánh","level":"ward","province":"Hồ Chí Minh"}},{"type":"Feature","geometry":{"type":"Point","coordinates":[106.789,10.591]},"properties":{"name":"An Thới Đông","level":"ward","province":"Hồ Chí Minh"}},{"type":"Feature","geometry":{"type":"Point","coordinates":[107.337,10.505]},"properties":{"name":"Thạnh An","level":"ward","province":"Hồ Chí Minh"}},{"type":"Feature","geometry":{"type":"Point","coordinates":[106.607,8.7]},"properties":{"name":"Côn Đảo","level":"ward","province":"Hồ Chí Minh"}},{"type":"Feature","geometry":{"type":"Point","coordinates":[106.097,11.314]},"properties":{"name":"Tân Ninh","level":"ward","province":"Tây Ninh"}},{"type":"Feature","geometry":{"type":"Point","coordinates":[106.414,10.538]},"properties":{"name":"Bình Minh","level":"ward","province":"Tây Ninh"}},{"type":"Feature","geometry":{"type":"Point","coordinates":[106.13,11.366]},"properties":{"name":"Ninh Thạnh","level":"ward","province":"Tây Ninh"}},{"type":"Feature","geometry":{"type":"Point","coordinates":[106.171,11.258]},"properties":{"name":"Long Hoa","level":"ward","province":"Tây Ninh"}},{"type":"Feature","geometry":{"type":"Point","coordinates":[106.08,11.268]},"properties":{"name":"Thanh Điền","level":"ward","province":"Tây Ninh"}},{"type":"Feature","geometry":{"type":"Point","coordinates":[106.15,11.258]},"properties":{"name":"Hòa Thành","level":"ward","province":"Tây Ninh"}},{"type":"Feature","geometry":{"type":"Point","coordinates":[106.267,11.085]},"properties":{"name":"Gò Dầu","level":"ward","province":"Tây Ninh"}},{"type":"Feature","geometry":{"type":"Point","coordinates":[106.338,11.098]},"properties":{"name":"Gia Lộc","level":"ward","province":"Tây Ninh"}},{"type":"Feature","geometry":{"type":"Point","coordinates":[106.388,11.105]},"properties":{"name":"Trảng Bàng","level":"ward","province":"Tây Ninh"}},{"type":"Feature","geometry":{"type":"Point","coordinates":[106.126,10.712]},"properties":{"name":"An Tịnh","level":"ward","province":"Tây Ninh"}},{"type":"Feature","geometry":{"type":"Point","coordinates":[106.133,11.112]},"properties":{"name":"Long An","level":"ward","province":"Tây Ninh"}},{"type":"Feature","geometry":{"type":"Point","coordinates":[106.399,10.526]},"properties":{"name":"Tân An","level":"ward","province":"Tây Ninh"}},{"type":"Feature","geometry":{"type":"Point","coordinates":[106.379,10.518]},"properties":{"name":"Khánh Hậu","level":"ward","province":"Tây Ninh"}},{"type":"Feature","geometry":{"type":"Point","coordinates":[105.913,10.802]},"properties":{"name":"Kiến Tường","level":"ward","province":"Tây Ninh"}},{"type":"Feature","geometry":{"type":"Point","coordinates":[106.01,11.54]},"properties":{"name":"Tân Biên","level":"ward","province":"Tây Ninh"}},{"type":"Feature","geometry":{"type":"Point","coordinates":[106.046,11.686]},"properties":{"name":"Tân Lập","level":"ward","province":"Tây Ninh"}},{"type":"Feature","geometry":{"type":"Point","coordinates":[106.414,10.536]},"properties":{"name":"Thạnh Bình","level":"ward","province":"Tây Ninh"}},{"type":"Feature","geometry":{"type":"Point","coordinates":[106.054,11.437]},"properties":{"name":"Trà Vong","level":"ward","province":"Tây Ninh"}},{"type":"Feature","geometry":{"type":"Point","coordinates":[106.174,11.552]},"properties":{"name":"Tân Châu","level":"ward","province":"Tây Ninh"}},{"type":"Feature","geometry":{"type":"Point","coordinates":[106.301,11.514]},"properties":{"name":"Tân Đông","level":"ward","province":"Tây Ninh"}},{"type":"Feature","geometry":{"type":"Point","coordinates":[106.405,10.918]},"properties":{"name":"Tân Hội","level":"ward","province":"Tây Ninh"}},{"type":"Feature","geometry":{"type":"Point","coordinates":[106.259,11.488]},"properties":{"name":"Tân Hòa","level":"ward","province":"Tây Ninh"}},{"type":"Feature","geometry":{"type":"Point","coordinates":[105.965,10.628]},"properties":{"name":"Tân Thành","level":"ward","province":"Tây Ninh"}},{"type":"Feature","geometry":{"type":"Point","coordinates":[106.166,11.468]},"properties":{"name":"Tân Phú","level":"ward","province":"Tây Ninh"}},{"type":"Feature","geometry":{"type":"Point","coordinates":[106.248,11.329]},"properties":{"name":"Dương Minh Châu","level":"ward","province":"Tây Ninh"}},{"type":"Feature","geometry":{"type":"Point","coordinates":[106.221,11.27]},"properties":{"name":"Cầu Khởi","level":"ward","province":"Tây Ninh"}},{"type":"Feature","geometry":{"type":"Point","coordinates":[106.316,11.28]},"properties":{"name":"Lộc Ninh","level":"ward","province":"Tây Ninh"}},{"type":"Feature","geometry":{"type":"Point","coordinates":[106.497,10.452]},"properties":{"name":"Châu Thành","level":"ward","province":"Tây Ninh"}},{"type":"Feature","geometry":{"type":"Point","coordinates":[105.99,11.364]},"properties":{"name":"Hảo Đước","level":"ward","province":"Tây Ninh"}},{"type":"Feature","geometry":{"type":"Point","coordinates":[105.935,11.447]},"properties":{"name":"Phước Vinh","level":"ward","province":"Tây Ninh"}},{"type":"Feature","geometry":{"type":"Point","coordinates":[106.322,11.04]},"properties":{"name":"Hòa Hội","level":"ward","province":"Tây Ninh"}},{"type":"Feature","geometry":{"type":"Point","coordinates":[105.987,11.237]},"properties":{"name":"Ninh Điền","level":"ward","province":"Tây Ninh"}},{"type":"Feature","geometry":{"type":"Point","coordinates":[106.209,11.212]},"properties":{"name":"Thạnh Đức","level":"ward","province":"Tây Ninh"}},{"type":"Feature","geometry":{"type":"Point","coordinates":[106.15,10.7]},"properties":{"name":"Phước Thạnh","level":"ward","province":"Tây Ninh"}},{"type":"Feature","geometry":{"type":"Point","coordinates":[106.309,11.203]},"properties":{"name":"Truông Mít","level":"ward","province":"Tây Ninh"}},{"type":"Feature","geometry":{"type":"Point","coordinates":[106.178,11.116]},"properties":{"name":"Bến Cầu","level":"ward","province":"Tây Ninh"}},{"type":"Feature","geometry":{"type":"Point","coordinates":[106.108,11.184]},"properties":{"name":"Long Chữ","level":"ward","province":"Tây Ninh"}},{"type":"Feature","geometry":{"type":"Point","coordinates":[106.097,11.124]},"properties":{"name":"Long Thuận","level":"ward","province":"Tây Ninh"}},{"type":"Feature","geometry":{"type":"Point","coordinates":[106.385,11.165]},"properties":{"name":"Hưng Thuận","level":"ward","province":"Tây Ninh"}},{"type":"Feature","geometry":{"type":"Point","coordinates":[106.233,11.012]},"properties":{"name":"Phước Chỉ","level":"ward","province":"Tây Ninh"}},{"type":"Feature","geometry":{"type":"Point","coordinates":[105.8,10.892]},"properties":{"name":"Tân Hưng","level":"ward","province":"Tây Ninh"}},{"type":"Feature","geometry":{"type":"Point","coordinates":[105.604,10.927]},"properties":{"name":"Hưng Điền","level":"ward","province":"Tây Ninh"}},{"type":"Feature","geometry":{"type":"Point","coordinates":[105.629,10.844]},"properties":{"name":"Vĩnh Thạnh","level":"ward","province":"Tây Ninh"}},{"type":"Feature","geometry":{"type":"Point","coordinates":[105.648,10.81]},"properties":{"name":"Vĩnh Châu","level":"ward","province":"Tây Ninh"}},{"type":"Feature","geometry":{"type":"Point","coordinates":[105.695,10.816]},"properties":{"name":"Vĩnh Hưng","level":"ward","province":"Tây Ninh"}},{"type":"Feature","geometry":{"type":"Point","coordinates":[105.726,10.97]},"properties":{"name":"Khánh Hưng","level":"ward","province":"Tây Ninh"}},{"type":"Feature","geometry":{"type":"Point","coordinates":[105.792,10.89]},"properties":{"name":"Tuyên Bình","level":"ward","province":"Tây Ninh"}},{"type":"Feature","geometry":{"type":"Point","coordinates":[105.981,10.843]},"properties":{"name":"Bình Hiệp","level":"ward","province":"Tây Ninh"}},{"type":"Feature","geometry":{"type":"Point","coordinates":[106.014,10.775]},"properties":{"name":"Bình Hòa","level":"ward","province":"Tây Ninh"}},{"type":"Feature","geometry":{"type":"Point","coordinates":[105.866,10.751]},"properties":{"name":"Tuyên Thạnh","level":"ward","province":"Tây Ninh"}},{"type":"Feature","geometry":{"type":"Point","coordinates":[106.041,10.758]},"properties":{"name":"Mộc Hóa","level":"ward","province":"Tây Ninh"}},{"type":"Feature","geometry":{"type":"Point","coordinates":[105.965,10.628]},"properties":{"name":"Tân Thạnh","level":"ward","province":"Tây Ninh"}},{"type":"Feature","geometry":{"type":"Point","coordinates":[105.959,10.639]},"properties":{"name":"Nhơn Hòa Lập","level":"ward","province":"Tây Ninh"}},{"type":"Feature","geometry":{"type":"Point","coordinates":[105.858,10.651]},"properties":{"name":"Hậu Thạnh","level":"ward","province":"Tây Ninh"}},{"type":"Feature","geometry":{"type":"Point","coordinates":[105.948,10.57]},"properties":{"name":"Nhơn Ninh","level":"ward","province":"Tây Ninh"}},{"type":"Feature","geometry":{"type":"Point","coordinates":[106.139,10.694]},"properties":{"name":"Thạnh Hóa","level":"ward","province":"Tây Ninh"}},{"type":"Feature","geometry":{"type":"Point","coordinates":[106.176,10.762]},"properties":{"name":"Bình Thành","level":"ward","province":"Tây Ninh"}},{"type":"Feature","geometry":{"type":"Point","coordinates":[106.15,10.7]},"properties":{"name":"Thạnh Phước","level":"ward","province":"Tây Ninh"}},{"type":"Feature","geometry":{"type":"Point","coordinates":[106.163,11.471]},"properties":{"name":"Tân Tây","level":"ward","province":"Tây Ninh"}},{"type":"Feature","geometry":{"type":"Point","coordinates":[106.242,11.67]},"properties":{"name":"Đông Thành","level":"ward","province":"Tây Ninh"}},{"type":"Feature","geometry":{"type":"Point","coordinates":[106.226,10.936]},"properties":{"name":"Mỹ Quý","level":"ward","province":"Tây Ninh"}},{"type":"Feature","geometry":{"type":"Point","coordinates":[106.256,10.866]},"properties":{"name":"Đức Huệ","level":"ward","province":"Tây Ninh"}},{"type":"Feature","geometry":{"type":"Point","coordinates":[106.393,10.895]},"properties":{"name":"Hậu Nghĩa","level":"ward","province":"Tây Ninh"}},{"type":"Feature","geometry":{"type":"Point","coordinates":[106.434,10.883]},"properties":{"name":"Đức Hòa","level":"ward","province":"Tây Ninh"}},{"type":"Feature","geometry":{"type":"Point","coordinates":[106.315,10.976]},"properties":{"name":"An Ninh","level":"ward","province":"Tây Ninh"}},{"type":"Feature","geometry":{"type":"Point","coordinates":[106.317,10.915]},"properties":{"name":"Hiệp Hòa","level":"ward","province":"Tây Ninh"}},{"type":"Feature","geometry":{"type":"Point","coordinates":[106.474,10.905]},"properties":{"name":"Đức Lập","level":"ward","province":"Tây Ninh"}},{"type":"Feature","geometry":{"type":"Point","coordinates":[106.467,10.883]},"properties":{"name":"Mỹ Hạnh","level":"ward","province":"Tây Ninh"}},{"type":"Feature","geometry":{"type":"Point","coordinates":[106.387,10.854]},"properties":{"name":"Hòa Khánh","level":"ward","province":"Tây Ninh"}},{"type":"Feature","geometry":{"type":"Point","coordinates":[106.454,10.694]},"properties":{"name":"Bến Lức","level":"ward","province":"Tây Ninh"}},{"type":"Feature","geometry":{"type":"Point","coordinates":[106.406,10.742]},"properties":{"name":"Thạnh Lợi","level":"ward","province":"Tây Ninh"}},{"type":"Feature","geometry":{"type":"Point","coordinates":[106.453,10.701]},"properties":{"name":"Lương Hòa","level":"ward","province":"Tây Ninh"}},{"type":"Feature","geometry":{"type":"Point","coordinates":[106.444,10.642]},"properties":{"name":"Bình Đức","level":"ward","province":"Tây Ninh"}},{"type":"Feature","geometry":{"type":"Point","coordinates":[106.535,10.641]},"properties":{"name":"Mỹ Yên","level":"ward","province":"Tây Ninh"}},{"type":"Feature","geometry":{"type":"Point","coordinates":[106.403,10.602]},"properties":{"name":"Thủ Thừa","level":"ward","province":"Tây Ninh"}},{"type":"Feature","geometry":{"type":"Point","coordinates":[106.337,10.639]},"properties":{"name":"Mỹ Thạnh","level":"ward","province":"Tây Ninh"}},{"type":"Feature","geometry":{"type":"Point","coordinates":[106.324,10.58]},"properties":{"name":"Mỹ An","level":"ward","province":"Tây Ninh"}},{"type":"Feature","geometry":{"type":"Point","coordinates":[106.521,10.698]},"properties":{"name":"Tân Long","level":"ward","province":"Tây Ninh"}},{"type":"Feature","geometry":{"type":"Point","coordinates":[106.51,10.515]},"properties":{"name":"Tân Trụ","level":"ward","province":"Tây Ninh"}},{"type":"Feature","geometry":{"type":"Point","coordinates":[106.479,10.569]},"properties":{"name":"Nhựt Tảo","level":"ward","province":"Tây Ninh"}},{"type":"Feature","geometry":{"type":"Point","coordinates":[106.54,10.507]},"properties":{"name":"Vàm Cỏ","level":"ward","province":"Tây Ninh"}},{"type":"Feature","geometry":{"type":"Point","coordinates":[106.604,10.503]},"properties":{"name":"Cần Đước","level":"ward","province":"Tây Ninh"}},{"type":"Feature","geometry":{"type":"Point","coordinates":[106.574,10.605]},"properties":{"name":"Rạch Kiến","level":"ward","province":"Tây Ninh"}},{"type":"Feature","geometry":{"type":"Point","coordinates":[106.519,10.597]},"properties":{"name":"Long Cang","level":"ward","province":"Tây Ninh"}},{"type":"Feature","geometry":{"type":"Point","coordinates":[106.576,10.56]},"properties":{"name":"Mỹ Lệ","level":"ward","province":"Tây Ninh"}},{"type":"Feature","geometry":{"type":"Point","coordinates":[106.635,10.51]},"properties":{"name":"Tân Lân","level":"ward","province":"Tây Ninh"}},{"type":"Feature","geometry":{"type":"Point","coordinates":[106.687,10.485]},"properties":{"name":"Long Hựu","level":"ward","province":"Tây Ninh"}},{"type":"Feature","geometry":{"type":"Point","coordinates":[106.671,10.608]},"properties":{"name":"Cần Giuộc","level":"ward","province":"Tây Ninh"}},{"type":"Feature","geometry":{"type":"Point","coordinates":[106.6,10.641]},"properties":{"name":"Phước Lý","level":"ward","province":"Tây Ninh"}},{"type":"Feature","geometry":{"type":"Point","coordinates":[106.623,10.595]},"properties":{"name":"Mỹ Lộc","level":"ward","province":"Tây Ninh"}},{"type":"Feature","geometry":{"type":"Point","coordinates":[106.656,10.554]},"properties":{"name":"Phước Vĩnh Tây","level":"ward","province":"Tây Ninh"}},{"type":"Feature","geometry":{"type":"Point","coordinates":[106.714,10.538]},"properties":{"name":"Tân Tập","level":"ward","province":"Tây Ninh"}},{"type":"Feature","geometry":{"type":"Point","coordinates":[106.468,10.446]},"properties":{"name":"Tầm Vu","level":"ward","province":"Tây Ninh"}},{"type":"Feature","geometry":{"type":"Point","coordinates":[106.444,10.499]},"properties":{"name":"Vĩnh Công","level":"ward","province":"Tây Ninh"}},{"type":"Feature","geometry":{"type":"Point","coordinates":[106.549,10.457]},"properties":{"name":"Thuận Mỹ","level":"ward","province":"Tây Ninh"}},{"type":"Feature","geometry":{"type":"Point","coordinates":[106.462,10.423]},"properties":{"name":"An Lục Long","level":"ward","province":"Tây Ninh"}},{"type":"Feature","geometry":{"type":"Point","coordinates":[106.36,10.363]},"properties":{"name":"An Phước","level":"ward","province":"Đồng Tháp"}},{"type":"Feature","geometry":{"type":"Point","coordinates":[106.361,10.377]},"properties":{"name":"Đạo Thạnh","level":"ward","province":"Đồng Tháp"}},{"type":"Feature","geometry":{"type":"Point","coordinates":[106.359,10.363]},"properties":{"name":"Mỹ Tho","level":"ward","province":"Đồng Tháp"}},{"type":"Feature","geometry":{"type":"Point","coordinates":[106.351,10.341]},"properties":{"name":"Thới Sơn","level":"ward","province":"Đồng Tháp"}},{"type":"Feature","geometry":{"type":"Point","coordinates":[106.387,10.37]},"properties":{"name":"Mỹ Phong","level":"ward","province":"Đồng Tháp"}},{"type":"Feature","geometry":{"type":"Point","coordinates":[106.324,10.37]},"properties":{"name":"Trung An","level":"ward","province":"Đồng Tháp"}},{"type":"Feature","geometry":{"type":"Point","coordinates":[106.693,10.364]},"properties":{"name":"Long Thuận","level":"ward","province":"Đồng Tháp"}},{"type":"Feature","geometry":{"type":"Point","coordinates":[106.654,10.409]},"properties":{"name":"Gò Công","level":"ward","province":"Đồng Tháp"}},{"type":"Feature","geometry":{"type":"Point","coordinates":[106.64,10.403]},"properties":{"name":"Bình Xuân","level":"ward","province":"Đồng Tháp"}},{"type":"Feature","geometry":{"type":"Point","coordinates":[106.122,10.425]},"properties":{"name":"Mỹ Phước Tây","level":"ward","province":"Đồng Tháp"}},{"type":"Feature","geometry":{"type":"Point","coordinates":[106.108,10.422]},"properties":{"name":"Thanh Hòa","level":"ward","province":"Đồng Tháp"}},{"type":"Feature","geometry":{"type":"Point","coordinates":[106.148,10.426]},"properties":{"name":"Cai Lậy","level":"ward","province":"Đồng Tháp"}},{"type":"Feature","geometry":{"type":"Point","coordinates":[106.166,10.4]},"properties":{"name":"Nhị Quý","level":"ward","province":"Đồng Tháp"}},{"type":"Feature","geometry":{"type":"Point","coordinates":[106.663,10.425]},"properties":{"name":"Sơn Qui","level":"ward","province":"Đồng Tháp"}},{"type":"Feature","geometry":{"type":"Point","coordinates":[105.612,10.46]},"properties":{"name":"Cao Lãnh","level":"ward","province":"Đồng Tháp"}},{"type":"Feature","geometry":{"type":"Point","coordinates":[105.617,10.515]},"properties":{"name":"Mỹ Ngãi","level":"ward","province":"Đồng Tháp"}},{"type":"Feature","geometry":{"type":"Point","coordinates":[105.672,10.476]},"properties":{"name":"Mỹ Trà","level":"ward","province":"Đồng Tháp"}},{"type":"Feature","geometry":{"type":"Point","coordinates":[105.767,10.3]},"properties":{"name":"Sa Đéc","level":"ward","province":"Đồng Tháp"}},{"type":"Feature","geometry":{"type":"Point","coordinates":[105.841,10.188]},"properties":{"name":"An Bình","level":"ward","province":"Đồng Tháp"}},{"type":"Feature","geometry":{"type":"Point","coordinates":[105.371,10.824]},"properties":{"name":"Hồng Ngự","level":"ward","province":"Đồng Tháp"}},{"type":"Feature","geometry":{"type":"Point","coordinates":[105.315,10.852]},"properties":{"name":"Thường Lạc","level":"ward","province":"Đồng Tháp"}},{"type":"Feature","geometry":{"type":"Point","coordinates":[106.296,10.471]},"properties":{"name":"Tân Phước 1","level":"ward","province":"Đồng Tháp"}},{"type":"Feature","geometry":{"type":"Point","coordinates":[106.296,10.471]},"properties":{"name":"Tân Phước 2","level":"ward","province":"Đồng Tháp"}},{"type":"Feature","geometry":{"type":"Point","coordinates":[105.86,10.337]},"properties":{"name":"Hưng Thạnh","level":"ward","province":"Đồng Tháp"}},{"type":"Feature","geometry":{"type":"Point","coordinates":[106.296,10.471]},"properties":{"name":"Tân Phước 3","level":"ward","province":"Đồng Tháp"}},{"type":"Feature","geometry":{"type":"Point","coordinates":[106.034,10.335]},"properties":{"name":"Cái Bè","level":"ward","province":"Đồng Tháp"}},{"type":"Feature","geometry":{"type":"Point","coordinates":[105.971,10.474]},"properties":{"name":"Hậu Mỹ","level":"ward","province":"Đồng Tháp"}},{"type":"Feature","geometry":{"type":"Point","coordinates":[105.92,10.437]},"properties":{"name":"Mỹ Thiện","level":"ward","province":"Đồng Tháp"}},{"type":"Feature","geometry":{"type":"Point","coordinates":[106.004,10.408]},"properties":{"name":"Hội Cư","level":"ward","province":"Đồng Tháp"}},{"type":"Feature","geometry":{"type":"Point","coordinates":[105.929,10.343]},"properties":{"name":"Mỹ Đức Tây","level":"ward","province":"Đồng Tháp"}},{"type":"Feature","geometry":{"type":"Point","coordinates":[105.881,10.373]},"properties":{"name":"Mỹ Lợi","level":"ward","province":"Đồng Tháp"}},{"type":"Feature","geometry":{"type":"Point","coordinates":[105.86,10.337]},"properties":{"name":"Thanh Hưng","level":"ward","province":"Đồng Tháp"}},{"type":"Feature","geometry":{"type":"Point","coordinates":[105.892,10.311]},"properties":{"name":"An Hữu","level":"ward","province":"Đồng Tháp"}},{"type":"Feature","geometry":{"type":"Point","coordinates":[105.804,10.268]},"properties":{"name":"Thạnh Phú","level":"ward","province":"Đồng Tháp"}},{"type":"Feature","geometry":{"type":"Point","coordinates":[106.359,10.363]},"properties":{"name":"Mỹ Thành","level":"ward","province":"Đồng Tháp"}},{"type":"Feature","geometry":{"type":"Point","coordinates":[105.596,10.28]},"properties":{"name":"Tân Phú","level":"ward","province":"Đồng Tháp"}},{"type":"Feature","geometry":{"type":"Point","coordinates":[106.081,10.415]},"properties":{"name":"Bình Phú","level":"ward","province":"Đồng Tháp"}},{"type":"Feature","geometry":{"type":"Point","coordinates":[106.075,10.328]},"properties":{"name":"Hiệp Đức","level":"ward","province":"Đồng Tháp"}},{"type":"Feature","geometry":{"type":"Point","coordinates":[106.143,10.343]},"properties":{"name":"Long Tiên","level":"ward","province":"Đồng Tháp"}},{"type":"Feature","geometry":{"type":"Point","coordinates":[106.129,10.301]},"properties":{"name":"Ngũ Hiệp","level":"ward","province":"Đồng Tháp"}},{"type":"Feature","geometry":{"type":"Point","coordinates":[105.877,10.261]},"properties":{"name":"Châu Thành","level":"ward","province":"Đồng Tháp"}},{"type":"Feature","geometry":{"type":"Point","coordinates":[106.348,10.486]},"properties":{"name":"Tân Hương","level":"ward","province":"Đồng Tháp"}},{"type":"Feature","geometry":{"type":"Point","coordinates":[106.274,10.396]},"properties":{"name":"Long Hưng","level":"ward","province":"Đồng Tháp"}},{"type":"Feature","geometry":{"type":"Point","coordinates":[105.675,10.247]},"properties":{"name":"Long Định","level":"ward","province":"Đồng Tháp"}},{"type":"Feature","geometry":{"type":"Point","coordinates":[105.567,10.385]},"properties":{"name":"Bình Trưng","level":"ward","province":"Đồng Tháp"}},{"type":"Feature","geometry":{"type":"Point","coordinates":[106.247,10.356]},"properties":{"name":"Vĩnh Kim","level":"ward","province":"Đồng Tháp"}},{"type":"Feature","geometry":{"type":"Point","coordinates":[106.27,10.341]},"properties":{"name":"Kim Sơn","level":"ward","province":"Đồng Tháp"}},{"type":"Feature","geometry":{"type":"Point","coordinates":[106.429,10.368]},"properties":{"name":"Chợ Gạo","level":"ward","province":"Đồng Tháp"}},{"type":"Feature","geometry":{"type":"Point","coordinates":[106.359,10.363]},"properties":{"name":"Mỹ Tịnh An","level":"ward","province":"Đồng Tháp"}},{"type":"Feature","geometry":{"type":"Point","coordinates":[106.387,10.42]},"properties":{"name":"Lương Hòa Lạc","level":"ward","province":"Đồng Tháp"}},{"type":"Feature","geometry":{"type":"Point","coordinates":[106.465,10.392]},"properties":{"name":"Tân Thuận Bình","level":"ward","province":"Đồng Tháp"}},{"type":"Feature","geometry":{"type":"Point","coordinates":[106.521,10.338]},"properties":{"name":"An Thạnh Thủy","level":"ward","province":"Đồng Tháp"}},{"type":"Feature","geometry":{"type":"Point","coordinates":[106.456,10.323]},"properties":{"name":"Bình Ninh","level":"ward","province":"Đồng Tháp"}},{"type":"Feature","geometry":{"type":"Point","coordinates":[106.575,10.347]},"properties":{"name":"Vĩnh Bình","level":"ward","province":"Đồng Tháp"}},{"type":"Feature","geometry":{"type":"Point","coordinates":[106.567,10.395]},"properties":{"name":"Đồng Sơn","level":"ward","province":"Đồng Tháp"}},{"type":"Feature","geometry":{"type":"Point","coordinates":[105.806,10.226]},"properties":{"name":"Phú Thành","level":"ward","province":"Đồng Tháp"}},{"type":"Feature","geometry":{"type":"Point","coordinates":[106.577,10.309]},"properties":{"name":"Vĩnh Hựu","level":"ward","province":"Đồng Tháp"}},{"type":"Feature","geometry":{"type":"Point","coordinates":[106.637,10.308]},"properties":{"name":"Long Bình","level":"ward","province":"Đồng Tháp"}},{"type":"Feature","geometry":{"type":"Point","coordinates":[106.584,10.273]},"properties":{"name":"Tân Thới","level":"ward","province":"Đồng Tháp"}},{"type":"Feature","geometry":{"type":"Point","coordinates":[105.596,10.28]},"properties":{"name":"Tân Phú Đông","level":"ward","province":"Đồng Tháp"}},{"type":"Feature","geometry":{"type":"Point","coordinates":[106.716,10.319]},"properties":{"name":"Tân Hòa","level":"ward","province":"Đồng Tháp"}},{"type":"Feature","geometry":{"type":"Point","coordinates":[106.759,10.421]},"properties":{"name":"Gia Thuận","level":"ward","province":"Đồng Tháp"}},{"type":"Feature","geometry":{"type":"Point","coordinates":[106.673,10.252]},"properties":{"name":"Tân Đông","level":"ward","province":"Đồng Tháp"}},{"type":"Feature","geometry":{"type":"Point","coordinates":[106.776,10.466]},"properties":{"name":"Tân Điền","level":"ward","province":"Đồng Tháp"}},{"type":"Feature","geometry":{"type":"Point","coordinates":[106.751,10.3]},"properties":{"name":"Gò Công Đông","level":"ward","province":"Đồng Tháp"}},{"type":"Feature","geometry":{"type":"Point","coordinates":[105.432,10.872]},"properties":{"name":"Tân Hồng","level":"ward","province":"Đồng Tháp"}},{"type":"Feature","geometry":{"type":"Point","coordinates":[105.475,10.904]},"properties":{"name":"Tân Hộ Cơ","level":"ward","province":"Đồng Tháp"}},{"type":"Feature","geometry":{"type":"Point","coordinates":[105.965,10.628]},"properties":{"name":"Tân Thành","level":"ward","province":"Đồng Tháp"}},{"type":"Feature","geometry":{"type":"Point","coordinates":[105.233,10.817]},"properties":{"name":"Thường Phước","level":"ward","province":"Đồng Tháp"}},{"type":"Feature","geometry":{"type":"Point","coordinates":[105.617,10.267]},"properties":{"name":"Long Khánh","level":"ward","province":"Đồng Tháp"}},{"type":"Feature","geometry":{"type":"Point","coordinates":[105.329,10.757]},"properties":{"name":"Long Phú Thuận","level":"ward","province":"Đồng Tháp"}},{"type":"Feature","geometry":{"type":"Point","coordinates":[105.568,10.672]},"properties":{"name":"Tràm Chim","level":"ward","province":"Đồng Tháp"}},{"type":"Feature","geometry":{"type":"Point","coordinates":[105.514,10.738]},"properties":{"name":"Tam Nông","level":"ward","province":"Đồng Tháp"}},{"type":"Feature","geometry":{"type":"Point","coordinates":[105.848,10.201]},"properties":{"name":"An Hòa","level":"ward","province":"Đồng Tháp"}},{"type":"Feature","geometry":{"type":"Point","coordinates":[105.859,10.243]},"properties":{"name":"Phú Cường","level":"ward","province":"Đồng Tháp"}},{"type":"Feature","geometry":{"type":"Point","coordinates":[105.38,10.701]},"properties":{"name":"An Long","level":"ward","province":"Đồng Tháp"}},{"type":"Feature","geometry":{"type":"Point","coordinates":[105.481,10.687]},"properties":{"name":"Phú Thọ","level":"ward","province":"Đồng Tháp"}},{"type":"Feature","geometry":{"type":"Point","coordinates":[105.84,10.545]},"properties":{"name":"Tháp Mười","level":"ward","province":"Đồng Tháp"}},{"type":"Feature","geometry":{"type":"Point","coordinates":[105.679,10.625]},"properties":{"name":"Phương Thịnh","level":"ward","province":"Đồng Tháp"}},{"type":"Feature","geometry":{"type":"Point","coordinates":[105.841,10.521]},"properties":{"name":"Trường Xuân","level":"ward","province":"Đồng Tháp"}},{"type":"Feature","geometry":{"type":"Point","coordinates":[105.776,10.534]},"properties":{"name":"Mỹ Quí","level":"ward","province":"Đồng Tháp"}},{"type":"Feature","geometry":{"type":"Point","coordinates":[106.372,10.355]},"properties":{"name":"Đốc Binh Kiều","level":"ward","province":"Đồng Tháp"}},{"type":"Feature","geometry":{"type":"Point","coordinates":[106.359,10.363]},"properties":{"name":"Thanh Mỹ","level":"ward","province":"Đồng Tháp"}},{"type":"Feature","geometry":{"type":"Point","coordinates":[106.359,10.363]},"properties":{"name":"Mỹ Thọ","level":"ward","province":"Đồng Tháp"}},{"type":"Feature","geometry":{"type":"Point","coordinates":[105.621,10.482]},"properties":{"name":"Ba Sao","level":"ward","province":"Đồng Tháp"}},{"type":"Feature","geometry":{"type":"Point","coordinates":[106.387,10.37]},"properties":{"name":"Phong Mỹ","level":"ward","province":"Đồng Tháp"}},{"type":"Feature","geometry":{"type":"Point","coordinates":[105.794,10.34]},"properties":{"name":"Mỹ Hiệp","level":"ward","province":"Đồng Tháp"}},{"type":"Feature","geometry":{"type":"Point","coordinates":[105.766,10.358]},"properties":{"name":"Bình Hàng Trung","level":"ward","province":"Đồng Tháp"}},{"type":"Feature","geometry":{"type":"Point","coordinates":[105.479,10.61]},"properties":{"name":"Thanh Bình","level":"ward","province":"Đồng Tháp"}},{"type":"Feature","geometry":{"type":"Point","coordinates":[106.377,10.346]},"properties":{"name":"Tân Long","level":"ward","province":"Đồng Tháp"}},{"type":"Feature","geometry":{"type":"Point","coordinates":[105.965,10.628]},"properties":{"name":"Tân Thạnh","level":"ward","province":"Đồng Tháp"}},{"type":"Feature","geometry":{"type":"Point","coordinates":[105.556,10.371]},"properties":{"name":"Bình Thành","level":"ward","province":"Đồng Tháp"}},{"type":"Feature","geometry":{"type":"Point","coordinates":[105.523,10.362]},"properties":{"name":"Lấp Vò","level":"ward","province":"Đồng Tháp"}},{"type":"Feature","geometry":{"type":"Point","coordinates":[105.604,10.405]},"properties":{"name":"Mỹ An Hưng","level":"ward","province":"Đồng Tháp"}},{"type":"Feature","geometry":{"type":"Point","coordinates":[105.681,10.344]},"properties":{"name":"Tân Khánh Trung","level":"ward","province":"Đồng Tháp"}},{"type":"Feature","geometry":{"type":"Point","coordinates":[105.662,10.287]},"properties":{"name":"Hòa Long","level":"ward","province":"Đồng Tháp"}},{"type":"Feature","geometry":{"type":"Point","coordinates":[105.716,10.28]},"properties":{"name":"Tân Dương","level":"ward","province":"Đồng Tháp"}},{"type":"Feature","geometry":{"type":"Point","coordinates":[105.593,10.257]},"properties":{"name":"Lai Vung","level":"ward","province":"Đồng Tháp"}},{"type":"Feature","geometry":{"type":"Point","coordinates":[105.631,10.191]},"properties":{"name":"Phong Hòa","level":"ward","province":"Đồng Tháp"}},{"type":"Feature","geometry":{"type":"Point","coordinates":[105.868,10.242]},"properties":{"name":"Phú Hựu","level":"ward","province":"Đồng Tháp"}},{"type":"Feature","geometry":{"type":"Point","coordinates":[105.843,10.215]},"properties":{"name":"Tân Nhuận Đông","level":"ward","province":"Đồng Tháp"}},{"type":"Feature","geometry":{"type":"Point","coordinates":[105.75,10.267]},"properties":{"name":"Tân Phú Trung","level":"ward","province":"Đồng Tháp"}},{"type":"Feature","geometry":{"type":"Point","coordinates":[106.407,10.227]},"properties":{"name":"Phú Khương","level":"ward","province":"Vĩnh Long"}},{"type":"Feature","geometry":{"type":"Point","coordinates":[106.373,10.201]},"properties":{"name":"An Hội","level":"ward","province":"Vĩnh Long"}},{"type":"Feature","geometry":{"type":"Point","coordinates":[106.339,10.271]},"properties":{"name":"Sơn Đông","level":"ward","province":"Vĩnh Long"}},{"type":"Feature","geometry":{"type":"Point","coordinates":[106.734,9.884]},"properties":{"name":"Bến Tre","level":"ward","province":"Vĩnh Long"}},{"type":"Feature","geometry":{"type":"Point","coordinates":[106.256,10.125]},"properties":{"name":"Phú Tân","level":"ward","province":"Vĩnh Long"}},{"type":"Feature","geometry":{"type":"Point","coordinates":[106.531,9.582]},"properties":{"name":"Trà Vinh","level":"ward","province":"Vĩnh Long"}},{"type":"Feature","geometry":{"type":"Point","coordinates":[106.312,9.933]},"properties":{"name":"Nguyệt Hóa","level":"ward","province":"Vĩnh Long"}},{"type":"Feature","geometry":{"type":"Point","coordinates":[106.345,9.976]},"properties":{"name":"Long Đức","level":"ward","province":"Vĩnh Long"}},{"type":"Feature","geometry":{"type":"Point","coordinates":[106.368,9.946]},"properties":{"name":"Hòa Thuận","level":"ward","province":"Vĩnh Long"}},{"type":"Feature","geometry":{"type":"Point","coordinates":[106.518,9.662]},"properties":{"name":"Duyên Hải","level":"ward","province":"Vĩnh Long"}},{"type":"Feature","geometry":{"type":"Point","coordinates":[105.998,10.281]},"properties":{"name":"Trường Long Hòa","level":"ward","province":"Vĩnh Long"}},{"type":"Feature","geometry":{"type":"Point","coordinates":[105.964,10.248]},"properties":{"name":"Long Châu","level":"ward","province":"Vĩnh Long"}},{"type":"Feature","geometry":{"type":"Point","coordinates":[105.963,10.222]},"properties":{"name":"Phước Hậu","level":"ward","province":"Vĩnh Long"}},{"type":"Feature","geometry":{"type":"Point","coordinates":[105.903,10.253]},"properties":{"name":"Tân Ngãi","level":"ward","province":"Vĩnh Long"}},{"type":"Feature","geometry":{"type":"Point","coordinates":[106.004,10.244]},"properties":{"name":"Thanh Đức","level":"ward","province":"Vĩnh Long"}},{"type":"Feature","geometry":{"type":"Point","coordinates":[105.933,10.221]},"properties":{"name":"Tân Hạnh","level":"ward","province":"Vĩnh Long"}},{"type":"Feature","geometry":{"type":"Point","coordinates":[105.832,10.019]},"properties":{"name":"Cái Vồn","level":"ward","province":"Vĩnh Long"}},{"type":"Feature","geometry":{"type":"Point","coordinates":[105.851,10.036]},"properties":{"name":"Bình Minh","level":"ward","province":"Vĩnh Long"}},{"type":"Feature","geometry":{"type":"Point","coordinates":[105.863,10.046]},"properties":{"name":"Đông Thành","level":"ward","province":"Vĩnh Long"}},{"type":"Feature","geometry":{"type":"Point","coordinates":[105.964,10.253]},"properties":{"name":"Giao Long","level":"ward","province":"Vĩnh Long"}},{"type":"Feature","geometry":{"type":"Point","coordinates":[106.358,10.301]},"properties":{"name":"Phú Túc","level":"ward","province":"Vĩnh Long"}},{"type":"Feature","geometry":{"type":"Point","coordinates":[106.256,10.125]},"properties":{"name":"Tân Phú","level":"ward","province":"Vĩnh Long"}},{"type":"Feature","geometry":{"type":"Point","coordinates":[106.24,10.263]},"properties":{"name":"Tiên Thủy","level":"ward","province":"Vĩnh Long"}},{"type":"Feature","geometry":{"type":"Point","coordinates":[106.121,10.261]},"properties":{"name":"Chợ Lách","level":"ward","province":"Vĩnh Long"}},{"type":"Feature","geometry":{"type":"Point","coordinates":[106.077,10.263]},"properties":{"name":"Phú Phụng","level":"ward","province":"Vĩnh Long"}},{"type":"Feature","geometry":{"type":"Point","coordinates":[106.216,10.206]},"properties":{"name":"Vĩnh Thành","level":"ward","province":"Vĩnh Long"}},{"type":"Feature","geometry":{"type":"Point","coordinates":[106.233,10.181]},"properties":{"name":"Hưng Khánh Trung","level":"ward","province":"Vĩnh Long"}},{"type":"Feature","geometry":{"type":"Point","coordinates":[106.334,10.13]},"properties":{"name":"Mỏ Cày","level":"ward","province":"Vĩnh Long"}},{"type":"Feature","geometry":{"type":"Point","coordinates":[106.272,10.19]},"properties":{"name":"Phước Mỹ Trung","level":"ward","province":"Vĩnh Long"}},{"type":"Feature","geometry":{"type":"Point","coordinates":[106.316,10.173]},"properties":{"name":"Tân Thành Bình","level":"ward","province":"Vĩnh Long"}},{"type":"Feature","geometry":{"type":"Point","coordinates":[106.373,10.25]},"properties":{"name":"Đồng Khởi","level":"ward","province":"Vĩnh Long"}},{"type":"Feature","geometry":{"type":"Point","coordinates":[106.244,10.124]},"properties":{"name":"Nhuận Phú Tân","level":"ward","province":"Vĩnh Long"}},{"type":"Feature","geometry":{"type":"Point","coordinates":[106.406,10.064]},"properties":{"name":"An Định","level":"ward","province":"Vĩnh Long"}},{"type":"Feature","geometry":{"type":"Point","coordinates":[106.315,10.053]},"properties":{"name":"Thành Thới","level":"ward","province":"Vĩnh Long"}},{"type":"Feature","geometry":{"type":"Point","coordinates":[106.4,10.016]},"properties":{"name":"Hương Mỹ","level":"ward","province":"Vĩnh Long"}},{"type":"Feature","geometry":{"type":"Point","coordinates":[106.504,10.159]},"properties":{"name":"Giồng Trôm","level":"ward","province":"Vĩnh Long"}},{"type":"Feature","geometry":{"type":"Point","coordinates":[106.446,10.214]},"properties":{"name":"Lương Hòa","level":"ward","province":"Vĩnh Long"}},{"type":"Feature","geometry":{"type":"Point","coordinates":[106.417,10.197]},"properties":{"name":"Lương Phú","level":"ward","province":"Vĩnh Long"}},{"type":"Feature","geometry":{"type":"Point","coordinates":[106.536,10.192]},"properties":{"name":"Châu Hòa","level":"ward","province":"Vĩnh Long"}},{"type":"Feature","geometry":{"type":"Point","coordinates":[106.429,10.138]},"properties":{"name":"Phước Long","level":"ward","province":"Vĩnh Long"}},{"type":"Feature","geometry":{"type":"Point","coordinates":[106.447,10.11]},"properties":{"name":"Tân Hào","level":"ward","province":"Vĩnh Long"}},{"type":"Feature","geometry":{"type":"Point","coordinates":[106.484,10.088]},"properties":{"name":"Hưng Nhượng","level":"ward","province":"Vĩnh Long"}},{"type":"Feature","geometry":{"type":"Point","coordinates":[106.694,10.187]},"properties":{"name":"Bình Đại","level":"ward","province":"Vĩnh Long"}},{"type":"Feature","geometry":{"type":"Point","coordinates":[106.485,10.28]},"properties":{"name":"Phú Thuận","level":"ward","province":"Vĩnh Long"}},{"type":"Feature","geometry":{"type":"Point","coordinates":[106.586,10.22]},"properties":{"name":"Lộc Thuận","level":"ward","province":"Vĩnh Long"}},{"type":"Feature","geometry":{"type":"Point","coordinates":[106.498,10.242]},"properties":{"name":"Châu Hưng","level":"ward","province":"Vĩnh Long"}},{"type":"Feature","geometry":{"type":"Point","coordinates":[106.597,10.194]},"properties":{"name":"Thạnh Trị","level":"ward","province":"Vĩnh Long"}},{"type":"Feature","geometry":{"type":"Point","coordinates":[106.694,10.137]},"properties":{"name":"Thạnh Phước","level":"ward","province":"Vĩnh Long"}},{"type":"Feature","geometry":{"type":"Point","coordinates":[106.76,10.107]},"properties":{"name":"Thới Thuận","level":"ward","province":"Vĩnh Long"}},{"type":"Feature","geometry":{"type":"Point","coordinates":[106.598,10.073]},"properties":{"name":"Ba Tri","level":"ward","province":"Vĩnh Long"}},{"type":"Feature","geometry":{"type":"Point","coordinates":[106.582,10.117]},"properties":{"name":"Mỹ Chánh Hòa","level":"ward","province":"Vĩnh Long"}},{"type":"Feature","geometry":{"type":"Point","coordinates":[106.671,10.064]},"properties":{"name":"Bảo Thạnh","level":"ward","province":"Vĩnh Long"}},{"type":"Feature","geometry":{"type":"Point","coordinates":[106.629,10.123]},"properties":{"name":"Tân Xuân","level":"ward","province":"Vĩnh Long"}},{"type":"Feature","geometry":{"type":"Point","coordinates":[106.542,10.072]},"properties":{"name":"An Ngãi Trung","level":"ward","province":"Vĩnh Long"}},{"type":"Feature","geometry":{"type":"Point","coordinates":[106.527,10.037]},"properties":{"name":"An Hiệp","level":"ward","province":"Vĩnh Long"}},{"type":"Feature","geometry":{"type":"Point","coordinates":[106.606,9.982]},"properties":{"name":"Tân Thủy","level":"ward","province":"Vĩnh Long"}},{"type":"Feature","geometry":{"type":"Point","coordinates":[106.517,9.949]},"properties":{"name":"Thạnh Phú","level":"ward","province":"Vĩnh Long"}},{"type":"Feature","geometry":{"type":"Point","coordinates":[106.48,9.971]},"properties":{"name":"Quới Điền","level":"ward","province":"Vĩnh Long"}},{"type":"Feature","geometry":{"type":"Point","coordinates":[106.443,10.003]},"properties":{"name":"Đại Điền","level":"ward","province":"Vĩnh Long"}},{"type":"Feature","geometry":{"type":"Point","coordinates":[106.655,9.91]},"properties":{"name":"Thạnh Hải","level":"ward","province":"Vĩnh Long"}},{"type":"Feature","geometry":{"type":"Point","coordinates":[106.557,9.897]},"properties":{"name":"An Qui","level":"ward","province":"Vĩnh Long"}},{"type":"Feature","geometry":{"type":"Point","coordinates":[106.614,9.85]},"properties":{"name":"Thạnh Phong","level":"ward","province":"Vĩnh Long"}},{"type":"Feature","geometry":{"type":"Point","coordinates":[106.205,9.997]},"properties":{"name":"Càng Long","level":"ward","province":"Vĩnh Long"}},{"type":"Feature","geometry":{"type":"Point","coordinates":[106.171,9.958]},"properties":{"name":"An Trường","level":"ward","province":"Vĩnh Long"}},{"type":"Feature","geometry":{"type":"Point","coordinates":[106.153,9.91]},"properties":{"name":"Tân An","level":"ward","province":"Vĩnh Long"}},{"type":"Feature","geometry":{"type":"Point","coordinates":[106.259,9.958]},"properties":{"name":"Bình Phú","level":"ward","province":"Vĩnh Long"}},{"type":"Feature","geometry":{"type":"Point","coordinates":[106.293,10.026]},"properties":{"name":"Nhị Long","level":"ward","province":"Vĩnh Long"}},{"type":"Feature","geometry":{"type":"Point","coordinates":[106.061,9.871]},"properties":{"name":"Cầu Kè","level":"ward","province":"Vĩnh Long"}},{"type":"Feature","geometry":{"type":"Point","coordinates":[106.244,10.124]},"properties":{"name":"An Phú Tân","level":"ward","province":"Vĩnh Long"}},{"type":"Feature","geometry":{"type":"Point","coordinates":[106.614,9.85]},"properties":{"name":"Phong Thạnh","level":"ward","province":"Vĩnh Long"}},{"type":"Feature","geometry":{"type":"Point","coordinates":[106.046,9.918]},"properties":{"name":"Tam Ngãi","level":"ward","province":"Vĩnh Long"}},{"type":"Feature","geometry":{"type":"Point","coordinates":[106.192,9.818]},"properties":{"name":"Tiểu Cần","level":"ward","province":"Vĩnh Long"}},{"type":"Feature","geometry":{"type":"Point","coordinates":[106.229,9.776]},"properties":{"name":"Hùng Hòa","level":"ward","province":"Vĩnh Long"}},{"type":"Feature","geometry":{"type":"Point","coordinates":[106.218,9.842]},"properties":{"name":"Tập Ngãi","level":"ward","province":"Vĩnh Long"}},{"type":"Feature","geometry":{"type":"Point","coordinates":[106.121,9.771]},"properties":{"name":"Tân Hòa","level":"ward","province":"Vĩnh Long"}},{"type":"Feature","geometry":{"type":"Point","coordinates":[106.303,10.29]},"properties":{"name":"Châu Thành","level":"ward","province":"Vĩnh Long"}},{"type":"Feature","geometry":{"type":"Point","coordinates":[106.274,9.887]},"properties":{"name":"Song Lộc","level":"ward","province":"Vĩnh Long"}},{"type":"Feature","geometry":{"type":"Point","coordinates":[106.388,9.913]},"properties":{"name":"Hưng Mỹ","level":"ward","province":"Vĩnh Long"}},{"type":"Feature","geometry":{"type":"Point","coordinates":[106.442,9.925]},"properties":{"name":"Hòa Minh","level":"ward","province":"Vĩnh Long"}},{"type":"Feature","geometry":{"type":"Point","coordinates":[106.512,9.864]},"properties":{"name":"Long Hòa","level":"ward","province":"Vĩnh Long"}},{"type":"Feature","geometry":{"type":"Point","coordinates":[106.452,9.795]},"properties":{"name":"Cầu Ngang","level":"ward","province":"Vĩnh Long"}},{"type":"Feature","geometry":{"type":"Point","coordinates":[106.51,9.808]},"properties":{"name":"Mỹ Long","level":"ward","province":"Vĩnh Long"}},{"type":"Feature","geometry":{"type":"Point","coordinates":[106.442,9.855]},"properties":{"name":"Vinh Kim","level":"ward","province":"Vĩnh Long"}},{"type":"Feature","geometry":{"type":"Point","coordinates":[106.375,9.773]},"properties":{"name":"Nhị Trường","level":"ward","province":"Vĩnh Long"}},{"type":"Feature","geometry":{"type":"Point","coordinates":[106.454,9.741]},"properties":{"name":"Hiệp Mỹ","level":"ward","province":"Vĩnh Long"}},{"type":"Feature","geometry":{"type":"Point","coordinates":[106.26,9.686]},"properties":{"name":"Trà Cú","level":"ward","province":"Vĩnh Long"}},{"type":"Feature","geometry":{"type":"Point","coordinates":[106.284,9.757]},"properties":{"name":"Tập Sơn","level":"ward","province":"Vĩnh Long"}},{"type":"Feature","geometry":{"type":"Point","coordinates":[106.192,9.713]},"properties":{"name":"Lưu Nghiệp Anh","level":"ward","province":"Vĩnh Long"}},{"type":"Feature","geometry":{"type":"Point","coordinates":[106.265,9.658]},"properties":{"name":"Hàm Giang","level":"ward","province":"Vĩnh Long"}},{"type":"Feature","geometry":{"type":"Point","coordinates":[106.287,9.617]},"properties":{"name":"Đại An","level":"ward","province":"Vĩnh Long"}},{"type":"Feature","geometry":{"type":"Point","coordinates":[106.367,9.659]},"properties":{"name":"Đôn Châu","level":"ward","province":"Vĩnh Long"}},{"type":"Feature","geometry":{"type":"Point","coordinates":[106.357,9.717]},"properties":{"name":"Long Hiệp","level":"ward","province":"Vĩnh Long"}},{"type":"Feature","geometry":{"type":"Point","coordinates":[106.447,9.609]},"properties":{"name":"Long Thành","level":"ward","province":"Vĩnh Long"}},{"type":"Feature","geometry":{"type":"Point","coordinates":[106.533,9.704]},"properties":{"name":"Long Hữu","level":"ward","province":"Vĩnh Long"}},{"type":"Feature","geometry":{"type":"Point","coordinates":[106.43,9.678]},"properties":{"name":"Ngũ Lạc","level":"ward","province":"Vĩnh Long"}},{"type":"Feature","geometry":{"type":"Point","coordinates":[106.411,10.245]},"properties":{"name":"Long Vĩnh","level":"ward","province":"Vĩnh Long"}},{"type":"Feature","geometry":{"type":"Point","coordinates":[105.805,19.802]},"properties":{"name":"Đông Hải","level":"ward","province":"Vĩnh Long"}},{"type":"Feature","geometry":{"type":"Point","coordinates":[105.98,10.296]},"properties":{"name":"An Bình","level":"ward","province":"Vĩnh Long"}},{"type":"Feature","geometry":{"type":"Point","coordinates":[106.011,10.193]},"properties":{"name":"Long Hồ","level":"ward","province":"Vĩnh Long"}},{"type":"Feature","geometry":{"type":"Point","coordinates":[105.921,10.173]},"properties":{"name":"Phú Quới","level":"ward","province":"Vĩnh Long"}},{"type":"Feature","geometry":{"type":"Point","coordinates":[106.068,10.223]},"properties":{"name":"Nhơn Phú","level":"ward","province":"Vĩnh Long"}},{"type":"Feature","geometry":{"type":"Point","coordinates":[106.04,10.194]},"properties":{"name":"Bình Phước","level":"ward","province":"Vĩnh Long"}},{"type":"Feature","geometry":{"type":"Point","coordinates":[106.11,10.175]},"properties":{"name":"Cái Nhum","level":"ward","province":"Vĩnh Long"}},{"type":"Feature","geometry":{"type":"Point","coordinates":[106.072,10.139]},"properties":{"name":"Tân Long Hội","level":"ward","province":"Vĩnh Long"}},{"type":"Feature","geometry":{"type":"Point","coordinates":[106.185,10.096]},"properties":{"name":"Trung Thành","level":"ward","province":"Vĩnh Long"}},{"type":"Feature","geometry":{"type":"Point","coordinates":[106.164,10.137]},"properties":{"name":"Quới An","level":"ward","province":"Vĩnh Long"}},{"type":"Feature","geometry":{"type":"Point","coordinates":[106.226,10.113]},"properties":{"name":"Quới Thiện","level":"ward","province":"Vĩnh Long"}},{"type":"Feature","geometry":{"type":"Point","coordinates":[106.123,10.111]},"properties":{"name":"Trung Hiệp","level":"ward","province":"Vĩnh Long"}},{"type":"Feature","geometry":{"type":"Point","coordinates":[108.007,14.352]},"properties":{"name":"Trung Ngãi","level":"ward","province":"Vĩnh Long"}},{"type":"Feature","geometry":{"type":"Point","coordinates":[106.111,10.059]},"properties":{"name":"Hiếu Phụng","level":"ward","province":"Vĩnh Long"}},{"type":"Feature","geometry":{"type":"Point","coordinates":[106.103,9.99]},"properties":{"name":"Hiếu Thành","level":"ward","province":"Vĩnh Long"}},{"type":"Feature","geometry":{"type":"Point","coordinates":[105.999,10.049]},"properties":{"name":"Tam Bình","level":"ward","province":"Vĩnh Long"}},{"type":"Feature","geometry":{"type":"Point","coordinates":[105.966,10.117]},"properties":{"name":"Cái Ngang","level":"ward","province":"Vĩnh Long"}},{"type":"Feature","geometry":{"type":"Point","coordinates":[106.037,10.111]},"properties":{"name":"Hòa Hiệp","level":"ward","province":"Vĩnh Long"}},{"type":"Feature","geometry":{"type":"Point","coordinates":[105.891,10.103]},"properties":{"name":"Song Phú","level":"ward","province":"Vĩnh Long"}},{"type":"Feature","geometry":{"type":"Point","coordinates":[105.931,10.011]},"properties":{"name":"Ngãi Tứ","level":"ward","province":"Vĩnh Long"}},{"type":"Feature","geometry":{"type":"Point","coordinates":[105.736,10.161]},"properties":{"name":"Tân Lược","level":"ward","province":"Vĩnh Long"}},{"type":"Feature","geometry":{"type":"Point","coordinates":[105.897,10.269]},"properties":{"name":"Mỹ Thuận","level":"ward","province":"Vĩnh Long"}},{"type":"Feature","geometry":{"type":"Point","coordinates":[105.757,10.103]},"properties":{"name":"Tân Quới","level":"ward","province":"Vĩnh Long"}},{"type":"Feature","geometry":{"type":"Point","coordinates":[105.922,9.966]},"properties":{"name":"Trà Ôn","level":"ward","province":"Vĩnh Long"}},{"type":"Feature","geometry":{"type":"Point","coordinates":[106.063,10.034]},"properties":{"name":"Hòa Bình","level":"ward","province":"Vĩnh Long"}},{"type":"Feature","geometry":{"type":"Point","coordinates":[106.006,10.016]},"properties":{"name":"Trà Côn","level":"ward","province":"Vĩnh Long"}},{"type":"Feature","geometry":{"type":"Point","coordinates":[106.031,9.966]},"properties":{"name":"Vĩnh Xuân","level":"ward","province":"Vĩnh Long"}},{"type":"Feature","geometry":{"type":"Point","coordinates":[105.918,9.941]},"properties":{"name":"Lục Sĩ Thành","level":"ward","province":"Vĩnh Long"}},{"type":"Feature","geometry":{"type":"Point","coordinates":[105.404,10.399]},"properties":{"name":"Bình Đức","level":"ward","province":"An Giang"}},{"type":"Feature","geometry":{"type":"Point","coordinates":[105.45,10.332]},"properties":{"name":"Mỹ Thới","level":"ward","province":"An Giang"}},{"type":"Feature","geometry":{"type":"Point","coordinates":[105.415,10.372]},"properties":{"name":"Long Xuyên","level":"ward","province":"An Giang"}},{"type":"Feature","geometry":{"type":"Point","coordinates":[105.097,10.688]},"properties":{"name":"Châu Đốc","level":"ward","province":"An Giang"}},{"type":"Feature","geometry":{"type":"Point","coordinates":[104.902,10.537]},"properties":{"name":"Vĩnh Tế","level":"ward","province":"An Giang"}},{"type":"Feature","geometry":{"type":"Point","coordinates":[105.192,10.813]},"properties":{"name":"Tân Châu","level":"ward","province":"An Giang"}},{"type":"Feature","geometry":{"type":"Point","coordinates":[105.223,10.78]},"properties":{"name":"Long Phú","level":"ward","province":"An Giang"}},{"type":"Feature","geometry":{"type":"Point","coordinates":[105.018,10.633]},"properties":{"name":"Thới Sơn","level":"ward","province":"An Giang"}},{"type":"Feature","geometry":{"type":"Point","coordinates":[105.119,10.711]},"properties":{"name":"Chi Lăng","level":"ward","province":"An Giang"}},{"type":"Feature","geometry":{"type":"Point","coordinates":[104.992,10.556]},"properties":{"name":"Tịnh Biên","level":"ward","province":"An Giang"}},{"type":"Feature","geometry":{"type":"Point","coordinates":[105.09,10.027]},"properties":{"name":"Rạch Giá","level":"ward","province":"An Giang"}},{"type":"Feature","geometry":{"type":"Point","coordinates":[105.089,10.065]},"properties":{"name":"Vĩnh Thông","level":"ward","province":"An Giang"}},{"type":"Feature","geometry":{"type":"Point","coordinates":[104.49,10.385]},"properties":{"name":"Tô Châu","level":"ward","province":"An Giang"}},{"type":"Feature","geometry":{"type":"Point","coordinates":[104.487,10.381]},"properties":{"name":"Hà Tiên","level":"ward","province":"An Giang"}},{"type":"Feature","geometry":{"type":"Point","coordinates":[105.437,10.408]},"properties":{"name":"Mỹ Hòa Hưng","level":"ward","province":"An Giang"}},{"type":"Feature","geometry":{"type":"Point","coordinates":[105.104,10.834]},"properties":{"name":"An Phú","level":"ward","province":"An Giang"}},{"type":"Feature","geometry":{"type":"Point","coordinates":[105.096,10.939]},"properties":{"name":"Khánh Bình","level":"ward","province":"An Giang"}},{"type":"Feature","geometry":{"type":"Point","coordinates":[105.059,10.884]},"properties":{"name":"Nhơn Hội","level":"ward","province":"An Giang"}},{"type":"Feature","geometry":{"type":"Point","coordinates":[105.127,10.861]},"properties":{"name":"Phú Hữu","level":"ward","province":"An Giang"}},{"type":"Feature","geometry":{"type":"Point","coordinates":[105.116,10.769]},"properties":{"name":"Vĩnh Hậu","level":"ward","province":"An Giang"}},{"type":"Feature","geometry":{"type":"Point","coordinates":[105.172,10.868]},"properties":{"name":"Vĩnh Xương","level":"ward","province":"An Giang"}},{"type":"Feature","geometry":{"type":"Point","coordinates":[105.295,10.132]},"properties":{"name":"Tân An","level":"ward","province":"An Giang"}},{"type":"Feature","geometry":{"type":"Point","coordinates":[105.175,10.745]},"properties":{"name":"Châu Phong","level":"ward","province":"An Giang"}},{"type":"Feature","geometry":{"type":"Point","coordinates":[105.278,10.654]},"properties":{"name":"Phú Tân","level":"ward","province":"An Giang"}},{"type":"Feature","geometry":{"type":"Point","coordinates":[105.345,10.714]},"properties":{"name":"Chợ Vàm","level":"ward","province":"An Giang"}},{"type":"Feature","geometry":{"type":"Point","coordinates":[105.053,9.735]},"properties":{"name":"Phú Lâm","level":"ward","province":"An Giang"}},{"type":"Feature","geometry":{"type":"Point","coordinates":[104.66,10.319]},"properties":{"name":"Hòa Lạc","level":"ward","province":"An Giang"}},{"type":"Feature","geometry":{"type":"Point","coordinates":[105.104,10.834]},"properties":{"name":"Phú An","level":"ward","province":"An Giang"}},{"type":"Feature","geometry":{"type":"Point","coordinates":[105.285,10.553]},"properties":{"name":"Bình Thạnh Đông","level":"ward","province":"An Giang"}},{"type":"Feature","geometry":{"type":"Point","coordinates":[105.166,10.569]},"properties":{"name":"Châu Phú","level":"ward","province":"An Giang"}},{"type":"Feature","geometry":{"type":"Point","coordinates":[105.154,10.655]},"properties":{"name":"Mỹ Đức","level":"ward","province":"An Giang"}},{"type":"Feature","geometry":{"type":"Point","coordinates":[105.23,10.586]},"properties":{"name":"Vĩnh Thạnh Trung","level":"ward","province":"An Giang"}},{"type":"Feature","geometry":{"type":"Point","coordinates":[105.14,10.537]},"properties":{"name":"Thạnh Mỹ Tây","level":"ward","province":"An Giang"}},{"type":"Feature","geometry":{"type":"Point","coordinates":[105.281,10.508]},"properties":{"name":"Bình Mỹ","level":"ward","province":"An Giang"}},{"type":"Feature","geometry":{"type":"Point","coordinates":[104.358,9.682]},"properties":{"name":"An Cư","level":"ward","province":"An Giang"}},{"type":"Feature","geometry":{"type":"Point","coordinates":[104.996,10.491]},"properties":{"name":"Núi Cấm","level":"ward","province":"An Giang"}},{"type":"Feature","geometry":{"type":"Point","coordinates":[104.971,10.412]},"properties":{"name":"Tri Tôn","level":"ward","province":"An Giang"}},{"type":"Feature","geometry":{"type":"Point","coordinates":[104.909,10.494]},"properties":{"name":"Ba Chúc","level":"ward","province":"An Giang"}},{"type":"Feature","geometry":{"type":"Point","coordinates":[104.858,10.428]},"properties":{"name":"Vĩnh Gia","level":"ward","province":"An Giang"}},{"type":"Feature","geometry":{"type":"Point","coordinates":[104.946,10.401]},"properties":{"name":"Ô Lâm","level":"ward","province":"An Giang"}},{"type":"Feature","geometry":{"type":"Point","coordinates":[105.016,10.364]},"properties":{"name":"Cô Tô","level":"ward","province":"An Giang"}},{"type":"Feature","geometry":{"type":"Point","coordinates":[105.39,10.444]},"properties":{"name":"An Châu","level":"ward","province":"An Giang"}},{"type":"Feature","geometry":{"type":"Point","coordinates":[105.284,10.434]},"properties":{"name":"Cần Đăng","level":"ward","province":"An Giang"}},{"type":"Feature","geometry":{"type":"Point","coordinates":[105.166,10.425]},"properties":{"name":"Vĩnh An","level":"ward","province":"An Giang"}},{"type":"Feature","geometry":{"type":"Point","coordinates":[104.801,10.27]},"properties":{"name":"Bình Hòa","level":"ward","province":"An Giang"}},{"type":"Feature","geometry":{"type":"Point","coordinates":[105.243,10.453]},"properties":{"name":"Vĩnh Hanh","level":"ward","province":"An Giang"}},{"type":"Feature","geometry":{"type":"Point","coordinates":[105.478,10.455]},"properties":{"name":"Chợ Mới","level":"ward","province":"An Giang"}},{"type":"Feature","geometry":{"type":"Point","coordinates":[105.462,10.513]},"properties":{"name":"Long Điền","level":"ward","province":"An Giang"}},{"type":"Feature","geometry":{"type":"Point","coordinates":[105.542,10.48]},"properties":{"name":"Cù Lao Giêng","level":"ward","province":"An Giang"}},{"type":"Feature","geometry":{"type":"Point","coordinates":[105.374,10.499]},"properties":{"name":"Nhơn Mỹ","level":"ward","province":"An Giang"}},{"type":"Feature","geometry":{"type":"Point","coordinates":[105.488,10.449]},"properties":{"name":"Long Kiến","level":"ward","province":"An Giang"}},{"type":"Feature","geometry":{"type":"Point","coordinates":[105.55,10.432]},"properties":{"name":"Hội An","level":"ward","province":"An Giang"}},{"type":"Feature","geometry":{"type":"Point","coordinates":[105.269,10.279]},"properties":{"name":"Thoại Sơn","level":"ward","province":"An Giang"}},{"type":"Feature","geometry":{"type":"Point","coordinates":[105.376,10.359]},"properties":{"name":"Phú Hòa","level":"ward","province":"An Giang"}},{"type":"Feature","geometry":{"type":"Point","coordinates":[105.153,10.256]},"properties":{"name":"Óc Eo","level":"ward","province":"An Giang"}},{"type":"Feature","geometry":{"type":"Point","coordinates":[105.177,10.327]},"properties":{"name":"Tây Phú","level":"ward","province":"An Giang"}},{"type":"Feature","geometry":{"type":"Point","coordinates":[105.337,10.295]},"properties":{"name":"Vĩnh Trạch","level":"ward","province":"An Giang"}},{"type":"Feature","geometry":{"type":"Point","coordinates":[105.277,10.314]},"properties":{"name":"Định Mỹ","level":"ward","province":"An Giang"}},{"type":"Feature","geometry":{"type":"Point","coordinates":[104.33,10.317]},"properties":{"name":"Tiên Hải","level":"ward","province":"An Giang"}},{"type":"Feature","geometry":{"type":"Point","coordinates":[104.651,10.278]},"properties":{"name":"Kiên Lương","level":"ward","province":"An Giang"}},{"type":"Feature","geometry":{"type":"Point","coordinates":[104.664,10.328]},"properties":{"name":"Hòa Điền","level":"ward","province":"An Giang"}},{"type":"Feature","geometry":{"type":"Point","coordinates":[104.722,10.516]},"properties":{"name":"Vĩnh Điều","level":"ward","province":"An Giang"}},{"type":"Feature","geometry":{"type":"Point","coordinates":[104.669,10.444]},"properties":{"name":"Giang Thành","level":"ward","province":"An Giang"}},{"type":"Feature","geometry":{"type":"Point","coordinates":[104.501,10.107]},"properties":{"name":"Sơn Hải","level":"ward","province":"An Giang"}},{"type":"Feature","geometry":{"type":"Point","coordinates":[104.553,10.027]},"properties":{"name":"Hòn Nghệ","level":"ward","province":"An Giang"}},{"type":"Feature","geometry":{"type":"Point","coordinates":[104.932,10.231]},"properties":{"name":"Hòn Đất","level":"ward","province":"An Giang"}},{"type":"Feature","geometry":{"type":"Point","coordinates":[104.846,10.264]},"properties":{"name":"Bình Sơn","level":"ward","province":"An Giang"}},{"type":"Feature","geometry":{"type":"Point","coordinates":[104.802,10.325]},"properties":{"name":"Bình Giang","level":"ward","province":"An Giang"}},{"type":"Feature","geometry":{"type":"Point","coordinates":[104.998,10.198]},"properties":{"name":"Sơn Kiên","level":"ward","province":"An Giang"}},{"type":"Feature","geometry":{"type":"Point","coordinates":[105.087,10.176]},"properties":{"name":"Mỹ Thuận","level":"ward","province":"An Giang"}},{"type":"Feature","geometry":{"type":"Point","coordinates":[105.285,10.116]},"properties":{"name":"Tân Hiệp","level":"ward","province":"An Giang"}},{"type":"Feature","geometry":{"type":"Point","coordinates":[105.18,10.143]},"properties":{"name":"Tân Hội","level":"ward","province":"An Giang"}},{"type":"Feature","geometry":{"type":"Point","coordinates":[105.349,10.071]},"properties":{"name":"Thạnh Đông","level":"ward","province":"An Giang"}},{"type":"Feature","geometry":{"type":"Point","coordinates":[105.189,9.959]},"properties":{"name":"Châu Thành","level":"ward","province":"An Giang"}},{"type":"Feature","geometry":{"type":"Point","coordinates":[105.324,10.002]},"properties":{"name":"Thạnh Lộc","level":"ward","province":"An Giang"}},{"type":"Feature","geometry":{"type":"Point","coordinates":[105.128,9.89]},"properties":{"name":"Bình An","level":"ward","province":"An Giang"}},{"type":"Feature","geometry":{"type":"Point","coordinates":[105.312,9.909]},"properties":{"name":"Giồng Riềng","level":"ward","province":"An Giang"}},{"type":"Feature","geometry":{"type":"Point","coordinates":[105.134,10.02]},"properties":{"name":"Thạnh Hưng","level":"ward","province":"An Giang"}},{"type":"Feature","geometry":{"type":"Point","coordinates":[105.38,9.912]},"properties":{"name":"Ngọc Chúc","level":"ward","province":"An Giang"}},{"type":"Feature","geometry":{"type":"Point","coordinates":[105.206,9.883]},"properties":{"name":"Hòa Hưng","level":"ward","province":"An Giang"}},{"type":"Feature","geometry":{"type":"Point","coordinates":[105.415,10.372]},"properties":{"name":"Long Thạnh","level":"ward","province":"An Giang"}},{"type":"Feature","geometry":{"type":"Point","coordinates":[104.977,10.26]},"properties":{"name":"Hòa Thuận","level":"ward","province":"An Giang"}},{"type":"Feature","geometry":{"type":"Point","coordinates":[105.277,9.728]},"properties":{"name":"Gò Quao","level":"ward","province":"An Giang"}},{"type":"Feature","geometry":{"type":"Point","coordinates":[105.218,9.786]},"properties":{"name":"Định Hòa","level":"ward","province":"An Giang"}},{"type":"Feature","geometry":{"type":"Point","coordinates":[105.958,20.941]},"properties":{"name":"Vĩnh Hòa Hưng","level":"ward","province":"An Giang"}},{"type":"Feature","geometry":{"type":"Point","coordinates":[105.337,9.659]},"properties":{"name":"Vĩnh Tuy","level":"ward","province":"An Giang"}},{"type":"Feature","geometry":{"type":"Point","coordinates":[105.032,9.822]},"properties":{"name":"An Biên","level":"ward","province":"An Giang"}},{"type":"Feature","geometry":{"type":"Point","coordinates":[105.045,9.885]},"properties":{"name":"Tây Yên","level":"ward","province":"An Giang"}},{"type":"Feature","geometry":{"type":"Point","coordinates":[105.321,10.123]},"properties":{"name":"Đông Thái","level":"ward","province":"An Giang"}},{"type":"Feature","geometry":{"type":"Point","coordinates":[105.266,9.868]},"properties":{"name":"Vĩnh Hòa","level":"ward","province":"An Giang"}},{"type":"Feature","geometry":{"type":"Point","coordinates":[105.321,9.769]},"properties":{"name":"An Minh","level":"ward","province":"An Giang"}},{"type":"Feature","geometry":{"type":"Point","coordinates":[105.344,10.097]},"properties":{"name":"Đông Hòa","level":"ward","province":"An Giang"}},{"type":"Feature","geometry":{"type":"Point","coordinates":[105.102,9.624]},"properties":{"name":"U Minh Thượng","level":"ward","province":"An Giang"}},{"type":"Feature","geometry":{"type":"Point","coordinates":[105.317,10.018]},"properties":{"name":"Tân Thạnh","level":"ward","province":"An Giang"}},{"type":"Feature","geometry":{"type":"Point","coordinates":[105.279,10.107]},"properties":{"name":"Đông Hưng","level":"ward","province":"An Giang"}},{"type":"Feature","geometry":{"type":"Point","coordinates":[104.876,9.555]},"properties":{"name":"Vân Khánh","level":"ward","province":"An Giang"}},{"type":"Feature","geometry":{"type":"Point","coordinates":[105.354,9.634]},"properties":{"name":"Vĩnh Phong","level":"ward","province":"An Giang"}},{"type":"Feature","geometry":{"type":"Point","coordinates":[105.172,10.441]},"properties":{"name":"Vĩnh Bình","level":"ward","province":"An Giang"}},{"type":"Feature","geometry":{"type":"Point","coordinates":[105.257,9.508]},"properties":{"name":"Vĩnh Thuận","level":"ward","province":"An Giang"}},{"type":"Feature","geometry":{"type":"Point","coordinates":[104.014,10.229]},"properties":{"name":"Phú Quốc","level":"ward","province":"An Giang"}},{"type":"Feature","geometry":{"type":"Point","coordinates":[103.476,9.303]},"properties":{"name":"Thổ Châu","level":"ward","province":"An Giang"}},{"type":"Feature","geometry":{"type":"Point","coordinates":[104.637,9.809]},"properties":{"name":"Kiên Hải","level":"ward","province":"An Giang"}},{"type":"Feature","geometry":{"type":"Point","coordinates":[105.784,10.057]},"properties":{"name":"Cái Khế","level":"ward","province":"Cần Thơ"}},{"type":"Feature","geometry":{"type":"Point","coordinates":[105.772,10.035]},"properties":{"name":"Ninh Kiều","level":"ward","province":"Cần Thơ"}},{"type":"Feature","geometry":{"type":"Point","coordinates":[105.593,10.234]},"properties":{"name":"Tân An","level":"ward","province":"Cần Thơ"}},{"type":"Feature","geometry":{"type":"Point","coordinates":[105.737,10.009]},"properties":{"name":"An Bình","level":"ward","province":"Cần Thơ"}},{"type":"Feature","geometry":{"type":"Point","coordinates":[105.619,10.109]},"properties":{"name":"Ô Môn","level":"ward","province":"Cần Thơ"}},{"type":"Feature","geometry":{"type":"Point","coordinates":[106.65,10.871]},"properties":{"name":"Thới Long","level":"ward","province":"Cần Thơ"}},{"type":"Feature","geometry":{"type":"Point","coordinates":[105.665,10.092]},"properties":{"name":"Phước Thới","level":"ward","province":"Cần Thơ"}},{"type":"Feature","geometry":{"type":"Point","coordinates":[105.721,10.061]},"properties":{"name":"Bình Thủy","level":"ward","province":"Cần Thơ"}},{"type":"Feature","geometry":{"type":"Point","coordinates":[105.711,10.085]},"properties":{"name":"Thới An Đông","level":"ward","province":"Cần Thơ"}},{"type":"Feature","geometry":{"type":"Point","coordinates":[105.729,10.045]},"properties":{"name":"Long Tuyền","level":"ward","province":"Cần Thơ"}},{"type":"Feature","geometry":{"type":"Point","coordinates":[105.751,10.006]},"properties":{"name":"Cái Răng","level":"ward","province":"Cần Thơ"}},{"type":"Feature","geometry":{"type":"Point","coordinates":[105.782,10.019]},"properties":{"name":"Hưng Phú","level":"ward","province":"Cần Thơ"}},{"type":"Feature","geometry":{"type":"Point","coordinates":[105.533,10.271]},"properties":{"name":"Thốt Nốt","level":"ward","province":"Cần Thơ"}},{"type":"Feature","geometry":{"type":"Point","coordinates":[105.578,10.247]},"properties":{"name":"Tân Lộc","level":"ward","province":"Cần Thơ"}},{"type":"Feature","geometry":{"type":"Point","coordinates":[105.514,10.233]},"properties":{"name":"Trung Nhứt","level":"ward","province":"Cần Thơ"}},{"type":"Feature","geometry":{"type":"Point","coordinates":[105.559,10.23]},"properties":{"name":"Thuận Hưng","level":"ward","province":"Cần Thơ"}},{"type":"Feature","geometry":{"type":"Point","coordinates":[105.449,9.753]},"properties":{"name":"Vị Thanh","level":"ward","province":"Cần Thơ"}},{"type":"Feature","geometry":{"type":"Point","coordinates":[105.449,9.753]},"properties":{"name":"Vị Tân","level":"ward","province":"Cần Thơ"}},{"type":"Feature","geometry":{"type":"Point","coordinates":[105.818,9.823]},"properties":{"name":"Ngã Bảy","level":"ward","province":"Cần Thơ"}},{"type":"Feature","geometry":{"type":"Point","coordinates":[105.812,9.842]},"properties":{"name":"Đại Thành","level":"ward","province":"Cần Thơ"}},{"type":"Feature","geometry":{"type":"Point","coordinates":[105.57,9.68]},"properties":{"name":"Long Mỹ","level":"ward","province":"Cần Thơ"}},{"type":"Feature","geometry":{"type":"Point","coordinates":[105.592,9.728]},"properties":{"name":"Long Bình","level":"ward","province":"Cần Thơ"}},{"type":"Feature","geometry":{"type":"Point","coordinates":[106.126,9.609]},"properties":{"name":"Long Phú 1","level":"ward","province":"Cần Thơ"}},{"type":"Feature","geometry":{"type":"Point","coordinates":[105.984,9.61]},"properties":{"name":"Sóc Trăng","level":"ward","province":"Cần Thơ"}},{"type":"Feature","geometry":{"type":"Point","coordinates":[105.962,9.599]},"properties":{"name":"Phú Lợi","level":"ward","province":"Cần Thơ"}},{"type":"Feature","geometry":{"type":"Point","coordinates":[105.989,9.56]},"properties":{"name":"Mỹ Xuyên","level":"ward","province":"Cần Thơ"}},{"type":"Feature","geometry":{"type":"Point","coordinates":[105.597,9.566]},"properties":{"name":"Ngã Năm","level":"ward","province":"Cần Thơ"}},{"type":"Feature","geometry":{"type":"Point","coordinates":[105.584,9.485]},"properties":{"name":"Mỹ Quới","level":"ward","province":"Cần Thơ"}},{"type":"Feature","geometry":{"type":"Point","coordinates":[105.981,9.324]},"properties":{"name":"Vĩnh Châu","level":"ward","province":"Cần Thơ"}},{"type":"Feature","geometry":{"type":"Point","coordinates":[105.996,9.396]},"properties":{"name":"Khánh Hòa","level":"ward","province":"Cần Thơ"}},{"type":"Feature","geometry":{"type":"Point","coordinates":[105.916,9.321]},"properties":{"name":"Vĩnh Phước","level":"ward","province":"Cần Thơ"}},{"type":"Feature","geometry":{"type":"Point","coordinates":[105.324,10.156]},"properties":{"name":"Thạnh An","level":"ward","province":"Cần Thơ"}},{"type":"Feature","geometry":{"type":"Point","coordinates":[105.399,10.231]},"properties":{"name":"Vĩnh Thạnh","level":"ward","province":"Cần Thơ"}},{"type":"Feature","geometry":{"type":"Point","coordinates":[105.467,10.271]},"properties":{"name":"Vĩnh Trinh","level":"ward","province":"Cần Thơ"}},{"type":"Feature","geometry":{"type":"Point","coordinates":[105.351,10.212]},"properties":{"name":"Thạnh Quới","level":"ward","province":"Cần Thơ"}},{"type":"Feature","geometry":{"type":"Point","coordinates":[105.851,9.502]},"properties":{"name":"Thạnh Phú","level":"ward","province":"Cần Thơ"}},{"type":"Feature","geometry":{"type":"Point","coordinates":[105.496,10.173]},"properties":{"name":"Trung Hưng","level":"ward","province":"Cần Thơ"}},{"type":"Feature","geometry":{"type":"Point","coordinates":[105.56,10.066]},"properties":{"name":"Thới Lai","level":"ward","province":"Cần Thơ"}},{"type":"Feature","geometry":{"type":"Point","coordinates":[105.429,10.096]},"properties":{"name":"Cờ Đỏ","level":"ward","province":"Cần Thơ"}},{"type":"Feature","geometry":{"type":"Point","coordinates":[105.529,10.13]},"properties":{"name":"Thới Hưng","level":"ward","province":"Cần Thơ"}},{"type":"Feature","geometry":{"type":"Point","coordinates":[105.503,10.081]},"properties":{"name":"Đông Hiệp","level":"ward","province":"Cần Thơ"}},{"type":"Feature","geometry":{"type":"Point","coordinates":[105.464,10.017]},"properties":{"name":"Đông Thuận","level":"ward","province":"Cần Thơ"}},{"type":"Feature","geometry":{"type":"Point","coordinates":[105.602,10.059]},"properties":{"name":"Trường Thành","level":"ward","province":"Cần Thơ"}},{"type":"Feature","geometry":{"type":"Point","coordinates":[105.519,9.973]},"properties":{"name":"Trường Xuân","level":"ward","province":"Cần Thơ"}},{"type":"Feature","geometry":{"type":"Point","coordinates":[105.668,9.998]},"properties":{"name":"Phong Điền","level":"ward","province":"Cần Thơ"}},{"type":"Feature","geometry":{"type":"Point","coordinates":[105.619,9.976]},"properties":{"name":"Trường Long","level":"ward","province":"Cần Thơ"}},{"type":"Feature","geometry":{"type":"Point","coordinates":[105.663,9.985]},"properties":{"name":"Nhơn Ái","level":"ward","province":"Cần Thơ"}},{"type":"Feature","geometry":{"type":"Point","coordinates":[105.409,9.718]},"properties":{"name":"Hỏa Lựu","level":"ward","province":"Cần Thơ"}},{"type":"Feature","geometry":{"type":"Point","coordinates":[105.612,9.921]},"properties":{"name":"Tân Hòa","level":"ward","province":"Cần Thơ"}},{"type":"Feature","geometry":{"type":"Point","coordinates":[105.582,9.944]},"properties":{"name":"Trường Long Tây","level":"ward","province":"Cần Thơ"}},{"type":"Feature","geometry":{"type":"Point","coordinates":[105.774,10.036]},"properties":{"name":"Thạnh Xuân","level":"ward","province":"Cần Thơ"}},{"type":"Feature","geometry":{"type":"Point","coordinates":[105.9,9.704]},"properties":{"name":"Châu Thành","level":"ward","province":"Cần Thơ"}},{"type":"Feature","geometry":{"type":"Point","coordinates":[105.759,9.93]},"properties":{"name":"Đông Phước","level":"ward","province":"Cần Thơ"}},{"type":"Feature","geometry":{"type":"Point","coordinates":[105.954,9.702]},"properties":{"name":"Phú Hữu","level":"ward","province":"Cần Thơ"}},{"type":"Feature","geometry":{"type":"Point","coordinates":[105.635,9.787]},"properties":{"name":"Hòa An","level":"ward","province":"Cần Thơ"}},{"type":"Feature","geometry":{"type":"Point","coordinates":[105.739,9.762]},"properties":{"name":"Hiệp Hưng","level":"ward","province":"Cần Thơ"}},{"type":"Feature","geometry":{"type":"Point","coordinates":[105.642,9.859]},"properties":{"name":"Tân Bình","level":"ward","province":"Cần Thơ"}},{"type":"Feature","geometry":{"type":"Point","coordinates":[105.727,9.874]},"properties":{"name":"Thạnh Hòa","level":"ward","province":"Cần Thơ"}},{"type":"Feature","geometry":{"type":"Point","coordinates":[105.717,9.821]},"properties":{"name":"Phụng Hiệp","level":"ward","province":"Cần Thơ"}},{"type":"Feature","geometry":{"type":"Point","coordinates":[105.737,10.009]},"properties":{"name":"Phương Bình","level":"ward","province":"Cần Thơ"}},{"type":"Feature","geometry":{"type":"Point","coordinates":[105.807,9.747]},"properties":{"name":"Tân Phước Hưng","level":"ward","province":"Cần Thơ"}},{"type":"Feature","geometry":{"type":"Point","coordinates":[105.549,9.762]},"properties":{"name":"Vị Thủy","level":"ward","province":"Cần Thơ"}},{"type":"Feature","geometry":{"type":"Point","coordinates":[105.495,9.723]},"properties":{"name":"Vĩnh Thuận Đông","level":"ward","province":"Cần Thơ"}},{"type":"Feature","geometry":{"type":"Point","coordinates":[105.576,9.814]},"properties":{"name":"Vĩnh Tường","level":"ward","province":"Cần Thơ"}},{"type":"Feature","geometry":{"type":"Point","coordinates":[105.468,9.784]},"properties":{"name":"Vị Thanh 1","level":"ward","province":"Cần Thơ"}},{"type":"Feature","geometry":{"type":"Point","coordinates":[105.464,9.665]},"properties":{"name":"Vĩnh Viễn","level":"ward","province":"Cần Thơ"}},{"type":"Feature","geometry":{"type":"Point","coordinates":[105.43,9.626]},"properties":{"name":"Lương Tâm","level":"ward","province":"Cần Thơ"}},{"type":"Feature","geometry":{"type":"Point","coordinates":[105.528,9.616]},"properties":{"name":"Xà Phiên","level":"ward","province":"Cần Thơ"}},{"type":"Feature","geometry":{"type":"Point","coordinates":[105.985,9.768]},"properties":{"name":"Kế Sách","level":"ward","province":"Cần Thơ"}},{"type":"Feature","geometry":{"type":"Point","coordinates":[105.895,9.928]},"properties":{"name":"An Lạc Thôn","level":"ward","province":"Cần Thơ"}},{"type":"Feature","geometry":{"type":"Point","coordinates":[105.955,9.895]},"properties":{"name":"Phong Nẫm","level":"ward","province":"Cần Thơ"}},{"type":"Feature","geometry":{"type":"Point","coordinates":[105.981,9.832]},"properties":{"name":"Thới An Hội","level":"ward","province":"Cần Thơ"}},{"type":"Feature","geometry":{"type":"Point","coordinates":[106.037,9.766]},"properties":{"name":"Nhơn Mỹ","level":"ward","province":"Cần Thơ"}},{"type":"Feature","geometry":{"type":"Point","coordinates":[105.882,9.801]},"properties":{"name":"Đại Hải","level":"ward","province":"Cần Thơ"}},{"type":"Feature","geometry":{"type":"Point","coordinates":[105.796,9.59]},"properties":{"name":"Mỹ Tú","level":"ward","province":"Cần Thơ"}},{"type":"Feature","geometry":{"type":"Point","coordinates":[105.96,9.688]},"properties":{"name":"Phú Tâm","level":"ward","province":"Cần Thơ"}},{"type":"Feature","geometry":{"type":"Point","coordinates":[105.866,9.703]},"properties":{"name":"Hồ Đắc Kiện","level":"ward","province":"Cần Thơ"}},{"type":"Feature","geometry":{"type":"Point","coordinates":[105.777,9.709]},"properties":{"name":"Long Hưng","level":"ward","province":"Cần Thơ"}},{"type":"Feature","geometry":{"type":"Point","coordinates":[105.935,9.675]},"properties":{"name":"Thuận Hòa","level":"ward","province":"Cần Thơ"}},{"type":"Feature","geometry":{"type":"Point","coordinates":[105.85,9.598]},"properties":{"name":"Mỹ Hương","level":"ward","province":"Cần Thơ"}},{"type":"Feature","geometry":{"type":"Point","coordinates":[105.909,9.631]},"properties":{"name":"An Ninh","level":"ward","province":"Cần Thơ"}},{"type":"Feature","geometry":{"type":"Point","coordinates":[105.725,9.591]},"properties":{"name":"Mỹ Phước","level":"ward","province":"Cần Thơ"}},{"type":"Feature","geometry":{"type":"Point","coordinates":[105.324,10.156]},"properties":{"name":"An Thạnh","level":"ward","province":"Cần Thơ"}},{"type":"Feature","geometry":{"type":"Point","coordinates":[106.193,9.615]},"properties":{"name":"Cù Lao Dung","level":"ward","province":"Cần Thơ"}},{"type":"Feature","geometry":{"type":"Point","coordinates":[106.126,9.609]},"properties":{"name":"Long Phú","level":"ward","province":"Cần Thơ"}},{"type":"Feature","geometry":{"type":"Point","coordinates":[106.072,9.732]},"properties":{"name":"Đại Ngãi","level":"ward","province":"Cần Thơ"}},{"type":"Feature","geometry":{"type":"Point","coordinates":[106.009,9.677]},"properties":{"name":"Trường Khánh","level":"ward","province":"Cần Thơ"}},{"type":"Feature","geometry":{"type":"Point","coordinates":[105.449,9.753]},"properties":{"name":"Tân Thạnh","level":"ward","province":"Cần Thơ"}},{"type":"Feature","geometry":{"type":"Point","coordinates":[106.197,9.523]},"properties":{"name":"Trần Đề","level":"ward","province":"Cần Thơ"}},{"type":"Feature","geometry":{"type":"Point","coordinates":[106.09,9.481]},"properties":{"name":"Liêu Tú","level":"ward","province":"Cần Thơ"}},{"type":"Feature","geometry":{"type":"Point","coordinates":[106.147,9.489]},"properties":{"name":"Lịch Hội Thượng","level":"ward","province":"Cần Thơ"}},{"type":"Feature","geometry":{"type":"Point","coordinates":[106.05,9.539]},"properties":{"name":"Tài Văn","level":"ward","province":"Cần Thơ"}},{"type":"Feature","geometry":{"type":"Point","coordinates":[106.011,9.482]},"properties":{"name":"Thạnh Thới An","level":"ward","province":"Cần Thơ"}},{"type":"Feature","geometry":{"type":"Point","coordinates":[105.847,9.457]},"properties":{"name":"Nhu Gia","level":"ward","province":"Cần Thơ"}},{"type":"Feature","geometry":{"type":"Point","coordinates":[105.888,9.419]},"properties":{"name":"Hòa Tú","level":"ward","province":"Cần Thơ"}},{"type":"Feature","geometry":{"type":"Point","coordinates":[105.943,9.474]},"properties":{"name":"Ngọc Tố","level":"ward","province":"Cần Thơ"}},{"type":"Feature","geometry":{"type":"Point","coordinates":[105.798,9.432]},"properties":{"name":"Gia Hòa","level":"ward","province":"Cần Thơ"}},{"type":"Feature","geometry":{"type":"Point","coordinates":[105.774,9.87]},"properties":{"name":"Tân Long","level":"ward","province":"Cần Thơ"}},{"type":"Feature","geometry":{"type":"Point","coordinates":[105.746,9.431]},"properties":{"name":"Phú Lộc","level":"ward","province":"Cần Thơ"}},{"type":"Feature","geometry":{"type":"Point","coordinates":[105.791,9.504]},"properties":{"name":"Lâm Tân","level":"ward","province":"Cần Thơ"}},{"type":"Feature","geometry":{"type":"Point","coordinates":[105.632,9.437]},"properties":{"name":"Vĩnh Lợi","level":"ward","province":"Cần Thơ"}},{"type":"Feature","geometry":{"type":"Point","coordinates":[106.14,9.372]},"properties":{"name":"Vĩnh Hải","level":"ward","province":"Cần Thơ"}},{"type":"Feature","geometry":{"type":"Point","coordinates":[105.845,9.298]},"properties":{"name":"Lai Hòa","level":"ward","province":"Cần Thơ"}},{"type":"Feature","geometry":{"type":"Point","coordinates":[105.697,8.896]},"properties":{"name":"Bạc Liêu","level":"ward","province":"Cà Mau"}},{"type":"Feature","geometry":{"type":"Point","coordinates":[105.774,9.298]},"properties":{"name":"Vĩnh Trạch","level":"ward","province":"Cà Mau"}},{"type":"Feature","geometry":{"type":"Point","coordinates":[105.771,9.249]},"properties":{"name":"Hiệp Thành","level":"ward","province":"Cà Mau"}},{"type":"Feature","geometry":{"type":"Point","coordinates":[105.456,9.238]},"properties":{"name":"Giá Rai","level":"ward","province":"Cà Mau"}},{"type":"Feature","geometry":{"type":"Point","coordinates":[105.473,9.297]},"properties":{"name":"Láng Tròn","level":"ward","province":"Cà Mau"}},{"type":"Feature","geometry":{"type":"Point","coordinates":[104.829,8.562]},"properties":{"name":"An Xuyên","level":"ward","province":"Cà Mau"}},{"type":"Feature","geometry":{"type":"Point","coordinates":[105.125,9.192]},"properties":{"name":"Lý Văn Lâm","level":"ward","province":"Cà Mau"}},{"type":"Feature","geometry":{"type":"Point","coordinates":[105.213,9.194]},"properties":{"name":"Tân Thành","level":"ward","province":"Cà Mau"}},{"type":"Feature","geometry":{"type":"Point","coordinates":[105.206,9.128]},"properties":{"name":"Hòa Thành","level":"ward","province":"Cà Mau"}},{"type":"Feature","geometry":{"type":"Point","coordinates":[105.455,9.538]},"properties":{"name":"Hồng Dân","level":"ward","province":"Cà Mau"}},{"type":"Feature","geometry":{"type":"Point","coordinates":[105.523,9.524]},"properties":{"name":"Ninh Quới","level":"ward","province":"Cà Mau"}},{"type":"Feature","geometry":{"type":"Point","coordinates":[105.365,9.577]},"properties":{"name":"Vĩnh Lộc","level":"ward","province":"Cà Mau"}},{"type":"Feature","geometry":{"type":"Point","coordinates":[105.726,9.273]},"properties":{"name":"Ninh Thạnh Lợi","level":"ward","province":"Cà Mau"}},{"type":"Feature","geometry":{"type":"Point","coordinates":[105.464,9.436]},"properties":{"name":"Phước Long","level":"ward","province":"Cà Mau"}},{"type":"Feature","geometry":{"type":"Point","coordinates":[105.405,9.409]},"properties":{"name":"Vĩnh Phước","level":"ward","province":"Cà Mau"}},{"type":"Feature","geometry":{"type":"Point","coordinates":[105.724,9.286]},"properties":{"name":"Vĩnh Thanh","level":"ward","province":"Cà Mau"}},{"type":"Feature","geometry":{"type":"Point","coordinates":[105.316,9.335]},"properties":{"name":"Phong Hiệp","level":"ward","province":"Cà Mau"}},{"type":"Feature","geometry":{"type":"Point","coordinates":[105.628,9.284]},"properties":{"name":"Hòa Bình","level":"ward","province":"Cà Mau"}},{"type":"Feature","geometry":{"type":"Point","coordinates":[105.621,9.377]},"properties":{"name":"Châu Thới","level":"ward","province":"Cà Mau"}},{"type":"Feature","geometry":{"type":"Point","coordinates":[105.724,9.286]},"properties":{"name":"Vĩnh Lợi","level":"ward","province":"Cà Mau"}},{"type":"Feature","geometry":{"type":"Point","coordinates":[105.799,9.353]},"properties":{"name":"Hưng Hội","level":"ward","province":"Cà Mau"}},{"type":"Feature","geometry":{"type":"Point","coordinates":[105.575,9.322]},"properties":{"name":"Vĩnh Mỹ","level":"ward","province":"Cà Mau"}},{"type":"Feature","geometry":{"type":"Point","coordinates":[105.654,9.206]},"properties":{"name":"Vĩnh Hậu","level":"ward","province":"Cà Mau"}},{"type":"Feature","geometry":{"type":"Point","coordinates":[105.326,9.239]},"properties":{"name":"Phong Thạnh","level":"ward","province":"Cà Mau"}},{"type":"Feature","geometry":{"type":"Point","coordinates":[105.421,9.027]},"properties":{"name":"Gành Hào","level":"ward","province":"Cà Mau"}},{"type":"Feature","geometry":{"type":"Point","coordinates":[105.532,9.179]},"properties":{"name":"Đông Hải","level":"ward","province":"Cà Mau"}},{"type":"Feature","geometry":{"type":"Point","coordinates":[105.452,9.157]},"properties":{"name":"Long Điền","level":"ward","province":"Cà Mau"}},{"type":"Feature","geometry":{"type":"Point","coordinates":[105.357,9.164]},"properties":{"name":"An Trạch","level":"ward","province":"Cà Mau"}},{"type":"Feature","geometry":{"type":"Point","coordinates":[105.285,9.121]},"properties":{"name":"Định Thành","level":"ward","province":"Cà Mau"}},{"type":"Feature","geometry":{"type":"Point","coordinates":[104.977,9.405]},"properties":{"name":"Nguyễn Phích","level":"ward","province":"Cà Mau"}},{"type":"Feature","geometry":{"type":"Point","coordinates":[104.969,9.41]},"properties":{"name":"U Minh","level":"ward","province":"Cà Mau"}},{"type":"Feature","geometry":{"type":"Point","coordinates":[105.007,9.257]},"properties":{"name":"Khánh An","level":"ward","province":"Cà Mau"}},{"type":"Feature","geometry":{"type":"Point","coordinates":[104.918,9.336]},"properties":{"name":"Khánh Lâm","level":"ward","province":"Cà Mau"}},{"type":"Feature","geometry":{"type":"Point","coordinates":[105.09,9.347]},"properties":{"name":"Thới Bình","level":"ward","province":"Cà Mau"}},{"type":"Feature","geometry":{"type":"Point","coordinates":[105.075,9.462]},"properties":{"name":"Biển Bạch","level":"ward","province":"Cà Mau"}},{"type":"Feature","geometry":{"type":"Point","coordinates":[105.192,9.4]},"properties":{"name":"Trí Phải","level":"ward","province":"Cà Mau"}},{"type":"Feature","geometry":{"type":"Point","coordinates":[105.228,9.296]},"properties":{"name":"Tân Lộc","level":"ward","province":"Cà Mau"}},{"type":"Feature","geometry":{"type":"Point","coordinates":[105.131,9.196]},"properties":{"name":"Hồ Thị Kỷ","level":"ward","province":"Cà Mau"}},{"type":"Feature","geometry":{"type":"Point","coordinates":[104.967,9.073]},"properties":{"name":"Trần Văn Thời","level":"ward","province":"Cà Mau"}},{"type":"Feature","geometry":{"type":"Point","coordinates":[104.822,9.038]},"properties":{"name":"Sông Đốc","level":"ward","province":"Cà Mau"}},{"type":"Feature","geometry":{"type":"Point","coordinates":[104.904,9.208]},"properties":{"name":"Đá Bạc","level":"ward","province":"Cà Mau"}},{"type":"Feature","geometry":{"type":"Point","coordinates":[105.013,9.138]},"properties":{"name":"Khánh Bình","level":"ward","province":"Cà Mau"}},{"type":"Feature","geometry":{"type":"Point","coordinates":[104.894,9.136]},"properties":{"name":"Khánh Hưng","level":"ward","province":"Cà Mau"}},{"type":"Feature","geometry":{"type":"Point","coordinates":[105.016,8.939]},"properties":{"name":"Cái Nước","level":"ward","province":"Cà Mau"}},{"type":"Feature","geometry":{"type":"Point","coordinates":[105.09,9.105]},"properties":{"name":"Lương Thế Trân","level":"ward","province":"Cà Mau"}},{"type":"Feature","geometry":{"type":"Point","coordinates":[105.079,9.01]},"properties":{"name":"Tân Hưng","level":"ward","province":"Cà Mau"}},{"type":"Feature","geometry":{"type":"Point","coordinates":[104.999,9.002]},"properties":{"name":"Hưng Mỹ","level":"ward","province":"Cà Mau"}},{"type":"Feature","geometry":{"type":"Point","coordinates":[105.198,8.995]},"properties":{"name":"Đầm Dơi","level":"ward","province":"Cà Mau"}},{"type":"Feature","geometry":{"type":"Point","coordinates":[105.163,9.186]},"properties":{"name":"Tạ An Khương","level":"ward","province":"Cà Mau"}},{"type":"Feature","geometry":{"type":"Point","coordinates":[105.14,9.018]},"properties":{"name":"Trần Phán","level":"ward","province":"Cà Mau"}},{"type":"Feature","geometry":{"type":"Point","coordinates":[105.33,9.014]},"properties":{"name":"Tân Thuận","level":"ward","province":"Cà Mau"}},{"type":"Feature","geometry":{"type":"Point","coordinates":[105.119,8.898]},"properties":{"name":"Quách Phẩm","level":"ward","province":"Cà Mau"}},{"type":"Feature","geometry":{"type":"Point","coordinates":[105,9.538]},"properties":{"name":"Thanh Tùng","level":"ward","province":"Cà Mau"}},{"type":"Feature","geometry":{"type":"Point","coordinates":[105.304,8.903]},"properties":{"name":"Tân Tiến","level":"ward","province":"Cà Mau"}},{"type":"Feature","geometry":{"type":"Point","coordinates":[104.994,8.76]},"properties":{"name":"Năm Căn","level":"ward","province":"Cà Mau"}},{"type":"Feature","geometry":{"type":"Point","coordinates":[104.938,8.772]},"properties":{"name":"Đất Mới","level":"ward","province":"Cà Mau"}},{"type":"Feature","geometry":{"type":"Point","coordinates":[105.131,9.136]},"properties":{"name":"Tam Giang","level":"ward","province":"Cà Mau"}},{"type":"Feature","geometry":{"type":"Point","coordinates":[104.806,8.859]},"properties":{"name":"Cái Đôi Vàm","level":"ward","province":"Cà Mau"}},{"type":"Feature","geometry":{"type":"Point","coordinates":[104.922,8.959]},"properties":{"name":"Phú Mỹ","level":"ward","province":"Cà Mau"}},{"type":"Feature","geometry":{"type":"Point","coordinates":[104.889,8.892]},"properties":{"name":"Phú Tân","level":"ward","province":"Cà Mau"}},{"type":"Feature","geometry":{"type":"Point","coordinates":[105.157,9.184]},"properties":{"name":"Nguyễn Việt Khái","level":"ward","province":"Cà Mau"}},{"type":"Feature","geometry":{"type":"Point","coordinates":[105.077,8.727]},"properties":{"name":"Tân Ân","level":"ward","province":"Cà Mau"}},{"type":"Feature","geometry":{"type":"Point","coordinates":[105.144,9.185]},"properties":{"name":"Phan Ngọc Hiển","level":"ward","province":"Cà Mau"}},{"type":"Feature","geometry":{"type":"Point","coordinates":[104.829,8.562]},"properties":{"name":"Đất Mũi","level":"ward","province":"Cà Mau"}}]}